user_id,session_start,session_end,date,day_of_week,session_hour,time_of_day,app_label,duration_minutes,tap_count,minutes_since_last_session,day_asi_score,day_intensity_score,day_fragmentation_score,day_compulsion_score,day_disruption_score
46b5fe4a-2c09-4006-bd5b-08bf12ece5e4,1790281329502,1790281593063,2026-09-24,Thursday,23,night,Instagram,4.39,0,28.47,48,45,68,32,49
46b5fe4a-2c09-4006-bd5b-08bf12ece5e4,1790279631154,1790279723216,2026-09-24,Thursday,22,night,YouTube,1.53,0,33.34,48,45,68,32,49
46b5fe4a-2c09-4006-bd5b-08bf12ece5e4,1790279484659,1790279621543,2026-09-24,Thursday,22,night,Instagram,2.28,0,7.95,48,45,68,32,49
46b5fe4a-2c09-4006-bd5b-08bf12ece5e4,1790278804601,1790279007621,2026-09-24,Thursday,22,night,Instagram,3.38,2,2.64,48,45,68,32,49
46b5fe4a-2c09-4006-bd5b-08bf12ece5e4,1790278538451,1790278646464,2026-09-24,Thursday,22,night,Instagram,1.8,0,0.0,48,45,68,32,49
46b5fe4a-2c09-4006-bd5b-08bf12ece5e4,1790278219366,1790278538406,2026-09-24,Thursday,22,night,Instagram,5.32,6,2.27,48,45,68,32,49
46b5fe4a-2c09-4006-bd5b-08bf12ece5e4,1790277962199,1790278083028,2026-09-24,Thursday,22,night,Instagram,2.01,0,7.32,48,45,68,32,49
46b5fe4a-2c09-4006-bd5b-08bf12ece5e4,1790277534137,1790277630522,2026-09-24,Thursday,22,night,YouTube,1.61,1,601.12,48,45,68,32,49
46b5fe4a-2c09-4006-bd5b-08bf12ece5e4,1790277181561,1790277522730,2026-09-24,Thursday,22,night,Instagram,5.69,4,11.46,48,45,68,32,49
46b5fe4a-2c09-4006-bd5b-08bf12ece5e4,1790276438696,1790276493783,2026-09-24,Thursday,22,night,Instagram,0.92,1,41.9,48,45,68,32,49
46b5fe4a-2c09-4006-bd5b-08bf12ece5e4,1790273541401,1790273924627,2026-09-24,Thursday,21,evening,Instagram,6.39,2,40.48,48,45,68,32,49
46b5fe4a-2c09-4006-bd5b-08bf12ece5e4,1790270886672,1790271112367,2026-09-24,Thursday,20,evening,Instagram,3.76,2,327.86,48,45,68,32,49
46b5fe4a-2c09-4006-bd5b-08bf12ece5e4,1790251104091,1790251215336,2026-09-24,Thursday,14,afternoon,Instagram,1.85,0,9.1,48,45,68,32,49
46b5fe4a-2c09-4006-bd5b-08bf12ece5e4,1790250499263,1790250558133,2026-09-24,Thursday,14,afternoon,Instagram,0.98,1,911.76,48,45,68,32,49
46b5fe4a-2c09-4006-bd5b-08bf12ece5e4,1790238976522,1790241466887,2026-09-24,Thursday,11,morning,YouTube,41.51,9,1.04,48,45,68,32,49
46b5fe4a-2c09-4006-bd5b-08bf12ece5e4,1790238603896,1790238913952,2026-09-24,Thursday,11,morning,YouTube,5.17,5,5434.11,48,45,68,32,49
46b5fe4a-2c09-4006-bd5b-08bf12ece5e4,1790195740133,1790195793801,2026-09-23,Wednesday,23,night,Instagram,0.89,2,45.62,57,74,77,40,27
46b5fe4a-2c09-4006-bd5b-08bf12ece5e4,1790192894143,1790193003119,2026-09-23,Wednesday,22,night,Instagram,1.82,1,224.39,57,74,77,40,27
46b5fe4a-2c09-4006-bd5b-08bf12ece5e4,1790179361373,1790179430721,2026-09-23,Wednesday,19,evening,Instagram,1.16,1,6.66,57,74,77,40,27
46b5fe4a-2c09-4006-bd5b-08bf12ece5e4,1790178843848,1790178961966,2026-09-23,Wednesday,18,evening,Instagram,1.97,0,5.7,57,74,77,40,27
46b5fe4a-2c09-4006-bd5b-08bf12ece5e4,1790178467932,1790178501876,2026-09-23,Wednesday,18,evening,Instagram,0.57,0,3.26,57,74,77,40,27
46b5fe4a-2c09-4006-bd5b-08bf12ece5e4,1790178105400,1790178272240,2026-09-23,Wednesday,18,evening,Instagram,2.78,6,3.03,57,74,77,40,27
46b5fe4a-2c09-4006-bd5b-08bf12ece5e4,1790177790654,1790177923786,2026-09-23,Wednesday,18,evening,Instagram,2.22,6,0.16,57,74,77,40,27
46b5fe4a-2c09-4006-bd5b-08bf12ece5e4,1790177694237,1790177781097,2026-09-23,Wednesday,18,evening,Instagram,1.45,4,2.63,57,74,77,40,27
46b5fe4a-2c09-4006-bd5b-08bf12ece5e4,1790177375725,1790177536236,2026-09-23,Wednesday,18,evening,Instagram,2.68,7,15.96,57,74,77,40,27
46b5fe4a-2c09-4006-bd5b-08bf12ece5e4,1790175629399,1790176418274,2026-09-23,Wednesday,18,evening,Instagram,13.15,6,20.72,57,74,77,40,27
46b5fe4a-2c09-4006-bd5b-08bf12ece5e4,1790174135255,1790174385971,2026-09-23,Wednesday,17,evening,Instagram,4.18,2,0.39,57,74,77,40,27
46b5fe4a-2c09-4006-bd5b-08bf12ece5e4,1790173511448,1790174112017,2026-09-23,Wednesday,17,evening,Instagram,10.01,10,39.81,57,74,77,40,27
46b5fe4a-2c09-4006-bd5b-08bf12ece5e4,1790170956481,1790171123130,2026-09-23,Wednesday,16,afternoon,Instagram,2.78,0,3.39,57,74,77,40,27
46b5fe4a-2c09-4006-bd5b-08bf12ece5e4,1790170329780,1790170753372,2026-09-23,Wednesday,16,afternoon,Instagram,7.06,4,22.65,57,74,77,40,27
46b5fe4a-2c09-4006-bd5b-08bf12ece5e4,1790168859455,1790168970532,2026-09-23,Wednesday,16,afternoon,Instagram,1.85,1,6.15,57,74,77,40,27
46b5fe4a-2c09-4006-bd5b-08bf12ece5e4,1790168076157,1790168490380,2026-09-23,Wednesday,15,afternoon,Instagram,6.9,1,1.04,57,74,77,40,27
46b5fe4a-2c09-4006-bd5b-08bf12ece5e4,1790167115685,1790168013845,2026-09-23,Wednesday,15,afternoon,Instagram,14.97,13,0.18,57,74,77,40,27
46b5fe4a-2c09-4006-bd5b-08bf12ece5e4,1790167008475,1790167104687,2026-09-23,Wednesday,15,afternoon,Instagram,1.6,2,22.46,57,74,77,40,27
46b5fe4a-2c09-4006-bd5b-08bf12ece5e4,1790165576141,1790165661116,2026-09-23,Wednesday,15,afternoon,Instagram,1.42,1,0.91,57,74,77,40,27
46b5fe4a-2c09-4006-bd5b-08bf12ece5e4,1790165387231,1790165521540,2026-09-23,Wednesday,15,afternoon,Instagram,2.24,0,0.45,57,74,77,40,27
46b5fe4a-2c09-4006-bd5b-08bf12ece5e4,1790164995929,1790165360355,2026-09-23,Wednesday,15,afternoon,Instagram,6.07,4,2.09,57,74,77,40,27
46b5fe4a-2c09-4006-bd5b-08bf12ece5e4,1790164424449,1790164870300,2026-09-23,Wednesday,14,afternoon,Instagram,7.43,7,1.84,57,74,77,40,27
46b5fe4a-2c09-4006-bd5b-08bf12ece5e4,1790163487770,1790164314151,2026-09-23,Wednesday,14,afternoon,Instagram,13.77,1,0.6,57,74,77,40,27
46b5fe4a-2c09-4006-bd5b-08bf12ece5e4,1790163229211,1790163451726,2026-09-23,Wednesday,14,afternoon,Instagram,3.71,1,8.26,57,74,77,40,27
46b5fe4a-2c09-4006-bd5b-08bf12ece5e4,1790161771246,1790162733319,2026-09-23,Wednesday,14,afternoon,Instagram,16.03,12,1.24,57,74,77,40,27
46b5fe4a-2c09-4006-bd5b-08bf12ece5e4,1790159935593,1790161696642,2026-09-23,Wednesday,13,afternoon,Instagram,29.35,0,2.17,57,74,77,40,27
46b5fe4a-2c09-4006-bd5b-08bf12ece5e4,1790159581502,1790159805295,2026-09-23,Wednesday,13,afternoon,Instagram,3.73,1,1.93,57,74,77,40,27
46b5fe4a-2c09-4006-bd5b-08bf12ece5e4,1790159369028,1790159465685,2026-09-23,Wednesday,13,afternoon,Instagram,1.61,0,0.11,57,74,77,40,27
46b5fe4a-2c09-4006-bd5b-08bf12ece5e4,1790159256100,1790159362430,2026-09-23,Wednesday,13,afternoon,Instagram,1.77,4,139.72,57,74,77,40,27
46b5fe4a-2c09-4006-bd5b-08bf12ece5e4,1790150797078,1790150873120,2026-09-23,Wednesday,11,morning,Instagram,1.27,3,2.21,57,74,77,40,27
46b5fe4a-2c09-4006-bd5b-08bf12ece5e4,1790150370078,1790150664285,2026-09-23,Wednesday,10,morning,Instagram,4.9,22,0.26,57,74,77,40,27
46b5fe4a-2c09-4006-bd5b-08bf12ece5e4,1790150215948,1790150354682,2026-09-23,Wednesday,10,morning,Instagram,2.31,7,0.92,57,74,77,40,27
46b5fe4a-2c09-4006-bd5b-08bf12ece5e4,1790149859771,1790150160486,2026-09-23,Wednesday,10,morning,Instagram,5.01,1,35.12,57,74,77,40,27
46b5fe4a-2c09-4006-bd5b-08bf12ece5e4,1790144809222,1790147752299,2026-09-23,Wednesday,9,morning,Instagram,49.05,18,2.86,57,74,77,40,27
46b5fe4a-2c09-4006-bd5b-08bf12ece5e4,1790143008709,1790144637651,2026-09-23,Wednesday,8,morning,Instagram,27.15,7,0.05,57,74,77,40,27
46b5fe4a-2c09-4006-bd5b-08bf12ece5e4,1790142920888,1790143005996,2026-09-23,Wednesday,8,morning,Instagram,1.42,1,430.16,57,74,77,40,27
46b5fe4a-2c09-4006-bd5b-08bf12ece5e4,1790113121757,1790117111127,2026-09-23,Wednesday,0,night,Instagram,66.49,23,4.19,57,74,77,40,27
46b5fe4a-2c09-4006-bd5b-08bf12ece5e4,1790111485500,1790112870244,2026-09-23,Wednesday,0,night,Instagram,23.08,7,1.61,57,74,77,40,27
46b5fe4a-2c09-4006-bd5b-08bf12ece5e4,1790110867719,1790111389099,2026-09-23,Wednesday,0,night,Instagram,8.69,9,2.2,57,74,77,40,27
46b5fe4a-2c09-4006-bd5b-08bf12ece5e4,1790110393628,1790110735636,2026-09-22,Tuesday,23,night,Instagram,5.7,14,0.35,57,46,72,69,41
46b5fe4a-2c09-4006-bd5b-08bf12ece5e4,1790110168604,1790110372380,2026-09-22,Tuesday,23,night,Instagram,3.4,6,0.1,57,46,72,69,41
46b5fe4a-2c09-4006-bd5b-08bf12ece5e4,1790109859084,1790110162427,2026-09-22,Tuesday,23,night,Instagram,5.06,3,0.66,57,46,72,69,41
46b5fe4a-2c09-4006-bd5b-08bf12ece5e4,1790109551510,1790109819383,2026-09-22,Tuesday,23,night,Instagram,4.46,7,41.17,57,46,72,69,41
46b5fe4a-2c09-4006-bd5b-08bf12ece5e4,1790106664606,1790107081451,2026-09-22,Tuesday,22,night,Instagram,6.95,8,3.71,57,46,72,69,41
46b5fe4a-2c09-4006-bd5b-08bf12ece5e4,1790106315070,1790106441948,2026-09-22,Tuesday,22,night,Instagram,2.11,1,14.86,57,46,72,69,41
46b5fe4a-2c09-4006-bd5b-08bf12ece5e4,1790105384984,1790105423347,2026-09-22,Tuesday,22,night,Instagram,0.64,1,1.69,57,46,72,69,41
46b5fe4a-2c09-4006-bd5b-08bf12ece5e4,1790105210594,1790105283484,2026-09-22,Tuesday,22,night,Instagram,1.21,3,2.93,57,46,72,69,41
46b5fe4a-2c09-4006-bd5b-08bf12ece5e4,1790104958488,1790105034837,2026-09-22,Tuesday,22,night,Instagram,1.27,0,1.36,57,46,72,69,41
46b5fe4a-2c09-4006-bd5b-08bf12ece5e4,1790104786594,1790104877023,2026-09-22,Tuesday,22,night,Instagram,1.51,1,14.03,57,46,72,69,41
46b5fe4a-2c09-4006-bd5b-08bf12ece5e4,1790103819360,1790103944743,2026-09-22,Tuesday,22,night,Instagram,2.09,6,3.11,57,46,72,69,41
46b5fe4a-2c09-4006-bd5b-08bf12ece5e4,1790103595015,1790103632633,2026-09-22,Tuesday,21,evening,Instagram,0.63,1,1.64,57,46,72,69,41
46b5fe4a-2c09-4006-bd5b-08bf12ece5e4,1790103464802,1790103496354,2026-09-22,Tuesday,21,evening,Instagram,0.53,1,1.7,57,46,72,69,41
46b5fe4a-2c09-4006-bd5b-08bf12ece5e4,1790103309028,1790103362874,2026-09-22,Tuesday,21,evening,Instagram,0.9,1,1.71,57,46,72,69,41
46b5fe4a-2c09-4006-bd5b-08bf12ece5e4,1790103098074,1790103206433,2026-09-22,Tuesday,21,evening,Instagram,1.81,0,1.88,57,46,72,69,41
46b5fe4a-2c09-4006-bd5b-08bf12ece5e4,1790102773858,1790102985133,2026-09-22,Tuesday,21,evening,Instagram,3.52,2,0.47,57,46,72,69,41
46b5fe4a-2c09-4006-bd5b-08bf12ece5e4,1790102662949,1790102745396,2026-09-22,Tuesday,21,evening,Instagram,1.37,1,0.66,57,46,72,69,41
46b5fe4a-2c09-4006-bd5b-08bf12ece5e4,1790101479903,1790102623506,2026-09-22,Tuesday,21,evening,Instagram,19.06,9,2.61,57,46,72,69,41
46b5fe4a-2c09-4006-bd5b-08bf12ece5e4,1790101288117,1790101323376,2026-09-22,Tuesday,21,evening,Instagram,0.59,1,33.82,57,46,72,69,41
46b5fe4a-2c09-4006-bd5b-08bf12ece5e4,1790099190987,1790099258728,2026-09-22,Tuesday,20,evening,Instagram,1.13,2,6.35,57,46,72,69,41
46b5fe4a-2c09-4006-bd5b-08bf12ece5e4,1790098335774,1790098809896,2026-09-22,Tuesday,20,evening,Instagram,7.9,8,0.05,57,46,72,69,41
46b5fe4a-2c09-4006-bd5b-08bf12ece5e4,1790096378386,1790098332605,2026-09-22,Tuesday,19,evening,Instagram,32.57,56,1241.68,57,46,72,69,41
46b5fe4a-2c09-4006-bd5b-08bf12ece5e4,1790019400074,1790021877422,2026-09-21,Monday,22,night,Instagram,41.29,11,2.7,53,73,58,32,42
46b5fe4a-2c09-4006-bd5b-08bf12ece5e4,1790019130106,1790019238197,2026-09-21,Monday,22,night,Instagram,1.8,0,4.5,53,73,58,32,42
46b5fe4a-2c09-4006-bd5b-08bf12ece5e4,1790015952744,1790018859855,2026-09-21,Monday,21,evening,Instagram,48.45,46,0.62,53,73,58,32,42
46b5fe4a-2c09-4006-bd5b-08bf12ece5e4,1790015876452,1790015915823,2026-09-21,Monday,21,evening,Instagram,0.66,0,0.29,53,73,58,32,42
46b5fe4a-2c09-4006-bd5b-08bf12ece5e4,1790015758494,1790015859094,2026-09-21,Monday,21,evening,Instagram,1.68,1,0.65,53,73,58,32,42
46b5fe4a-2c09-4006-bd5b-08bf12ece5e4,1790015367314,1790015719297,2026-09-21,Monday,21,evening,Instagram,5.87,1,0.17,53,73,58,32,42
46b5fe4a-2c09-4006-bd5b-08bf12ece5e4,1790014273008,1790015357261,2026-09-21,Monday,21,evening,Instagram,18.07,6,0.51,53,73,58,32,42
46b5fe4a-2c09-4006-bd5b-08bf12ece5e4,1790012320622,1790014242267,2026-09-21,Monday,20,evening,Instagram,32.03,6,15.23,53,73,58,32,42
46b5fe4a-2c09-4006-bd5b-08bf12ece5e4,1790009594358,1790011406566,2026-09-21,Monday,19,evening,Instagram,30.2,11,23.62,53,73,58,32,42
46b5fe4a-2c09-4006-bd5b-08bf12ece5e4,1790007476546,1790008177359,2026-09-21,Monday,19,evening,Instagram,11.68,3,0.1,53,73,58,32,42
46b5fe4a-2c09-4006-bd5b-08bf12ece5e4,1790005413308,1790007470641,2026-09-21,Monday,18,evening,Instagram,34.29,14,116.91,53,73,58,32,42
46b5fe4a-2c09-4006-bd5b-08bf12ece5e4,1789998284576,1789998398522,2026-09-21,Monday,16,afternoon,Instagram,1.9,0,389.76,53,73,58,32,42
46b5fe4a-2c09-4006-bd5b-08bf12ece5e4,1789974791631,1789974898696,2026-09-21,Monday,10,morning,Instagram,1.78,0,639.08,53,73,58,32,42
46b5fe4a-2c09-4006-bd5b-08bf12ece5e4,1789933652556,1789936446974,2026-09-20,Sunday,22,night,Instagram,46.57,27,18.23,53,62,71,54,18
46b5fe4a-2c09-4006-bd5b-08bf12ece5e4,1789932459575,1789932558998,2026-09-20,Sunday,22,night,Instagram,1.66,3,0.04,53,62,71,54,18
46b5fe4a-2c09-4006-bd5b-08bf12ece5e4,1789931749911,1789932456995,2026-09-20,Sunday,22,night,Instagram,11.78,8,3.72,53,62,71,54,18
46b5fe4a-2c09-4006-bd5b-08bf12ece5e4,1789930634340,1789931526689,2026-09-20,Sunday,21,evening,Instagram,14.87,21,32.65,53,62,71,54,18
46b5fe4a-2c09-4006-bd5b-08bf12ece5e4,1789928492898,1789928675461,2026-09-20,Sunday,21,evening,Instagram,3.04,2,16.56,53,62,71,54,18
46b5fe4a-2c09-4006-bd5b-08bf12ece5e4,1789927450029,1789927499212,2026-09-20,Sunday,21,evening,Instagram,0.82,2,2.11,53,62,71,54,18
46b5fe4a-2c09-4006-bd5b-08bf12ece5e4,1789926881939,1789927323639,2026-09-20,Sunday,20,evening,Instagram,7.36,5,118.03,53,62,71,54,18
46b5fe4a-2c09-4006-bd5b-08bf12ece5e4,1789919646275,1789919799881,2026-09-20,Sunday,18,evening,Instagram,2.56,1,1.19,53,62,71,54,18
46b5fe4a-2c09-4006-bd5b-08bf12ece5e4,1789919188197,1789919574678,2026-09-20,Sunday,18,evening,Instagram,6.44,5,1.55,53,62,71,54,18
46b5fe4a-2c09-4006-bd5b-08bf12ece5e4,1789917307096,1789919095182,2026-09-20,Sunday,18,evening,Instagram,29.8,22,6.09,53,62,71,54,18
46b5fe4a-2c09-4006-bd5b-08bf12ece5e4,1789916382154,1789916941552,2026-09-20,Sunday,17,evening,Instagram,9.32,11,25.69,53,62,71,54,18
46b5fe4a-2c09-4006-bd5b-08bf12ece5e4,1789914712284,1789914840625,2026-09-20,Sunday,17,evening,Instagram,2.14,3,0.43,53,62,71,54,18
46b5fe4a-2c09-4006-bd5b-08bf12ece5e4,1789914327506,1789914686622,2026-09-20,Sunday,17,evening,Instagram,5.99,8,0.14,53,62,71,54,18
46b5fe4a-2c09-4006-bd5b-08bf12ece5e4,1789914161559,1789914318995,2026-09-20,Sunday,17,evening,Instagram,2.62,5,30.42,53,62,71,54,18
46b5fe4a-2c09-4006-bd5b-08bf12ece5e4,1789912472619,1789912557564,2026-09-20,Sunday,16,afternoon,YouTube,1.42,3,2596.93,53,62,71,54,18
46b5fe4a-2c09-4006-bd5b-08bf12ece5e4,1789912180491,1789912336528,2026-09-20,Sunday,16,afternoon,Instagram,2.6,1,61.97,53,62,71,54,18
46b5fe4a-2c09-4006-bd5b-08bf12ece5e4,1789908431912,1789908462091,2026-09-20,Sunday,15,afternoon,Instagram,0.5,0,0.16,53,62,71,54,18
46b5fe4a-2c09-4006-bd5b-08bf12ece5e4,1789907574954,1789908422494,2026-09-20,Sunday,15,afternoon,Instagram,14.13,14,93.84,53,62,71,54,18
46b5fe4a-2c09-4006-bd5b-08bf12ece5e4,1789901913863,1789901944522,2026-09-20,Sunday,13,afternoon,Instagram,0.51,3,0.43,53,62,71,54,18
46b5fe4a-2c09-4006-bd5b-08bf12ece5e4,1789901813737,1789901888249,2026-09-20,Sunday,13,afternoon,Instagram,1.24,4,1.42,53,62,71,54,18
46b5fe4a-2c09-4006-bd5b-08bf12ece5e4,1789901660683,1789901728529,2026-09-20,Sunday,13,afternoon,Instagram,1.13,2,1.56,53,62,71,54,18
46b5fe4a-2c09-4006-bd5b-08bf12ece5e4,1789901493479,1789901567373,2026-09-20,Sunday,13,afternoon,Instagram,1.23,5,2.37,53,62,71,54,18
46b5fe4a-2c09-4006-bd5b-08bf12ece5e4,1789901319290,1789901351476,2026-09-20,Sunday,13,afternoon,Instagram,0.54,2,0.0,53,62,71,54,18
46b5fe4a-2c09-4006-bd5b-08bf12ece5e4,1789901254886,1789901319267,2026-09-20,Sunday,13,afternoon,Instagram,1.07,2,0.05,53,62,71,54,18
46b5fe4a-2c09-4006-bd5b-08bf12ece5e4,1789901182226,1789901251952,2026-09-20,Sunday,13,afternoon,Instagram,1.16,4,0.94,53,62,71,54,18
46b5fe4a-2c09-4006-bd5b-08bf12ece5e4,1789901074815,1789901125873,2026-09-20,Sunday,13,afternoon,Instagram,0.85,5,0.4,53,62,71,54,18
46b5fe4a-2c09-4006-bd5b-08bf12ece5e4,1789899774031,1789901050985,2026-09-20,Sunday,13,afternoon,Instagram,21.28,13,859.87,53,62,71,54,18
46b5fe4a-2c09-4006-bd5b-08bf12ece5e4,1789847936370,1789848182036,2026-09-19,Saturday,22,night,Instagram,4.09,0,0.04,58,56,79,53,41
46b5fe4a-2c09-4006-bd5b-08bf12ece5e4,1789847850684,1789847933713,2026-09-19,Saturday,22,night,Instagram,1.38,0,7.41,58,56,79,53,41
46b5fe4a-2c09-4006-bd5b-08bf12ece5e4,1789847366465,1789847405960,2026-09-19,Saturday,22,night,Instagram,0.66,2,0.78,58,56,79,53,41
46b5fe4a-2c09-4006-bd5b-08bf12ece5e4,1789847276456,1789847319427,2026-09-19,Saturday,22,night,Instagram,0.72,2,9.16,58,56,79,53,41
46b5fe4a-2c09-4006-bd5b-08bf12ece5e4,1789846609264,1789846726889,2026-09-19,Saturday,22,night,Instagram,1.96,0,0.0,58,56,79,53,41
46b5fe4a-2c09-4006-bd5b-08bf12ece5e4,1789846504670,1789846609249,2026-09-19,Saturday,22,night,Instagram,1.74,9,4.04,58,56,79,53,41
46b5fe4a-2c09-4006-bd5b-08bf12ece5e4,1789846221774,1789846262365,2026-09-19,Saturday,22,night,Instagram,0.68,0,2.49,58,56,79,53,41
46b5fe4a-2c09-4006-bd5b-08bf12ece5e4,1789846038108,1789846072647,2026-09-19,Saturday,22,night,Instagram,0.58,0,0.98,58,56,79,53,41
46b5fe4a-2c09-4006-bd5b-08bf12ece5e4,1789845940385,1789845979263,2026-09-19,Saturday,22,night,Instagram,0.65,0,0.0,58,56,79,53,41
46b5fe4a-2c09-4006-bd5b-08bf12ece5e4,1789845692614,1789845940363,2026-09-19,Saturday,22,night,Instagram,4.13,7,2.16,58,56,79,53,41
46b5fe4a-2c09-4006-bd5b-08bf12ece5e4,1789845516257,1789845563243,2026-09-19,Saturday,22,night,Instagram,0.78,1,0.0,58,56,79,53,41
46b5fe4a-2c09-4006-bd5b-08bf12ece5e4,1789845286144,1789845516240,2026-09-19,Saturday,22,night,Instagram,3.83,4,0.0,58,56,79,53,41
46b5fe4a-2c09-4006-bd5b-08bf12ece5e4,1789845140127,1789845286124,2026-09-19,Saturday,22,night,Instagram,2.43,3,0.0,58,56,79,53,41
46b5fe4a-2c09-4006-bd5b-08bf12ece5e4,1789845029924,1789845140114,2026-09-19,Saturday,22,night,Instagram,1.84,4,0.04,58,56,79,53,41
46b5fe4a-2c09-4006-bd5b-08bf12ece5e4,1789844964721,1789845027758,2026-09-19,Saturday,22,night,Instagram,1.05,2,169.22,58,56,79,53,41
46b5fe4a-2c09-4006-bd5b-08bf12ece5e4,1789834743375,1789834811708,2026-09-19,Saturday,19,evening,Instagram,1.14,0,42.14,58,56,79,53,41
46b5fe4a-2c09-4006-bd5b-08bf12ece5e4,1789832167503,1789832215070,2026-09-19,Saturday,18,evening,Instagram,0.79,0,1.56,58,56,79,53,41
46b5fe4a-2c09-4006-bd5b-08bf12ece5e4,1789832019909,1789832073727,2026-09-19,Saturday,18,evening,Instagram,0.9,0,58.46,58,56,79,53,41
46b5fe4a-2c09-4006-bd5b-08bf12ece5e4,1789828478014,1789828512204,2026-09-19,Saturday,17,evening,Instagram,0.57,0,2.84,58,56,79,53,41
46b5fe4a-2c09-4006-bd5b-08bf12ece5e4,1789828155629,1789828307680,2026-09-19,Saturday,17,evening,Instagram,2.53,0,2.4,58,56,79,53,41
46b5fe4a-2c09-4006-bd5b-08bf12ece5e4,1789827921598,1789828011561,2026-09-19,Saturday,17,evening,Instagram,1.5,0,64.65,58,56,79,53,41
46b5fe4a-2c09-4006-bd5b-08bf12ece5e4,1789823838267,1789824042839,2026-09-19,Saturday,16,afternoon,Instagram,3.41,0,15.4,58,56,79,53,41
46b5fe4a-2c09-4006-bd5b-08bf12ece5e4,1789822842711,1789822914283,2026-09-19,Saturday,16,afternoon,Instagram,1.19,0,0.84,58,56,79,53,41
46b5fe4a-2c09-4006-bd5b-08bf12ece5e4,1789822758455,1789822792509,2026-09-19,Saturday,15,afternoon,Instagram,0.57,1,0.55,58,56,79,53,41
46b5fe4a-2c09-4006-bd5b-08bf12ece5e4,1789822562820,1789822725295,2026-09-19,Saturday,15,afternoon,Instagram,2.71,0,4.51,58,56,79,53,41
46b5fe4a-2c09-4006-bd5b-08bf12ece5e4,1789822173150,1789822292041,2026-09-19,Saturday,15,afternoon,Instagram,1.98,3,4.47,58,56,79,53,41
46b5fe4a-2c09-4006-bd5b-08bf12ece5e4,1789821869190,1789821904917,2026-09-19,Saturday,15,afternoon,Instagram,0.6,0,0.0,58,56,79,53,41
46b5fe4a-2c09-4006-bd5b-08bf12ece5e4,1789821693312,1789821869174,2026-09-19,Saturday,15,afternoon,Instagram,2.93,1,2.91,58,56,79,53,41
46b5fe4a-2c09-4006-bd5b-08bf12ece5e4,1789821334037,1789821518777,2026-09-19,Saturday,15,afternoon,Instagram,3.08,1,9.06,58,56,79,53,41
46b5fe4a-2c09-4006-bd5b-08bf12ece5e4,1789820695546,1789820790666,2026-09-19,Saturday,15,afternoon,Instagram,1.59,0,2.1,58,56,79,53,41
46b5fe4a-2c09-4006-bd5b-08bf12ece5e4,1789820240901,1789820569530,2026-09-19,Saturday,15,afternoon,Instagram,5.48,1,21.42,58,56,79,53,41
46b5fe4a-2c09-4006-bd5b-08bf12ece5e4,1789818868241,1789818955839,2026-09-19,Saturday,14,afternoon,Instagram,1.46,1,6.64,58,56,79,53,41
46b5fe4a-2c09-4006-bd5b-08bf12ece5e4,1789818411737,1789818469703,2026-09-19,Saturday,14,afternoon,Instagram,0.97,0,11.52,58,56,79,53,41
46b5fe4a-2c09-4006-bd5b-08bf12ece5e4,1789817565985,1789817720440,2026-09-19,Saturday,14,afternoon,Instagram,2.57,0,2.26,58,56,79,53,41
46b5fe4a-2c09-4006-bd5b-08bf12ece5e4,1789817387203,1789817430529,2026-09-19,Saturday,14,afternoon,Instagram,0.72,0,102.64,58,56,79,53,41
46b5fe4a-2c09-4006-bd5b-08bf12ece5e4,1789811198694,1789811228902,2026-09-19,Saturday,12,afternoon,Instagram,0.5,0,27.32,58,56,79,53,41
46b5fe4a-2c09-4006-bd5b-08bf12ece5e4,1789808925016,1789809559508,2026-09-19,Saturday,12,afternoon,Instagram,10.57,4,7.31,58,56,79,53,41
46b5fe4a-2c09-4006-bd5b-08bf12ece5e4,1789805710072,1789808486680,2026-09-19,Saturday,11,morning,Instagram,46.28,35,6.54,58,56,79,53,41
46b5fe4a-2c09-4006-bd5b-08bf12ece5e4,1789803319337,1789805317495,2026-09-19,Saturday,10,morning,Instagram,33.3,10,0.03,58,56,79,53,41
46b5fe4a-2c09-4006-bd5b-08bf12ece5e4,1789803106011,1789803317355,2026-09-19,Saturday,10,morning,Instagram,3.52,2,0.02,58,56,79,53,41
46b5fe4a-2c09-4006-bd5b-08bf12ece5e4,1789802947421,1789803104902,2026-09-19,Saturday,10,morning,Instagram,2.62,0,2.2,58,56,79,53,41
46b5fe4a-2c09-4006-bd5b-08bf12ece5e4,1789802528741,1789802815691,2026-09-19,Saturday,10,morning,Instagram,4.78,2,720.26,58,56,79,53,41
46b5fe4a-2c09-4006-bd5b-08bf12ece5e4,1789758761649,1789759312921,2026-09-18,Friday,22,night,Instagram,9.19,0,38.66,47,67,70,25,16
46b5fe4a-2c09-4006-bd5b-08bf12ece5e4,1789756557574,1789756656951,2026-09-18,Friday,21,evening,YouTube,1.66,0,1.1,47,67,70,25,16
46b5fe4a-2c09-4006-bd5b-08bf12ece5e4,1789756453075,1789756491843,2026-09-18,Friday,21,evening,YouTube,0.65,0,2227.04,47,67,70,25,16
46b5fe4a-2c09-4006-bd5b-08bf12ece5e4,1789756333504,1789756442181,2026-09-18,Friday,21,evening,Instagram,1.81,3,5.15,47,67,70,25,16
46b5fe4a-2c09-4006-bd5b-08bf12ece5e4,1789754845938,1789756024700,2026-09-18,Friday,21,evening,Instagram,19.65,19,6.81,47,67,70,25,16
46b5fe4a-2c09-4006-bd5b-08bf12ece5e4,1789748841480,1789754437163,2026-09-18,Friday,19,evening,Instagram,93.26,44,0.65,47,67,70,25,16
46b5fe4a-2c09-4006-bd5b-08bf12ece5e4,1789748401681,1789748802319,2026-09-18,Friday,19,evening,Instagram,6.68,5,1.35,47,67,70,25,16
46b5fe4a-2c09-4006-bd5b-08bf12ece5e4,1789748125465,1789748320835,2026-09-18,Friday,19,evening,Instagram,3.26,1,4.75,47,67,70,25,16
46b5fe4a-2c09-4006-bd5b-08bf12ece5e4,1789747794976,1789747840355,2026-09-18,Friday,19,evening,Instagram,0.76,2,0.16,47,67,70,25,16
46b5fe4a-2c09-4006-bd5b-08bf12ece5e4,1789747613753,1789747785093,2026-09-18,Friday,19,evening,Instagram,2.86,6,4.88,47,67,70,25,16
46b5fe4a-2c09-4006-bd5b-08bf12ece5e4,1789746902108,1789747320885,2026-09-18,Friday,18,evening,Instagram,6.98,0,772.31,47,67,70,25,16
46b5fe4a-2c09-4006-bd5b-08bf12ece5e4,1789700460622,1789700563658,2026-09-18,Friday,6,morning,Instagram,1.72,3,439.54,47,67,70,25,16
46b5fe4a-2c09-4006-bd5b-08bf12ece5e4,1789673758050,1789674087924,2026-09-17,Thursday,22,night,Instagram,5.5,0,0.02,29,37,43,15,18
46b5fe4a-2c09-4006-bd5b-08bf12ece5e4,1789673655548,1789673756848,2026-09-17,Thursday,22,night,Instagram,1.69,0,10.48,29,37,43,15,18
46b5fe4a-2c09-4006-bd5b-08bf12ece5e4,1789671707149,1789673026995,2026-09-17,Thursday,22,night,Instagram,22.0,0,87.18,29,37,43,15,18
46b5fe4a-2c09-4006-bd5b-08bf12ece5e4,1789665855209,1789666476360,2026-09-17,Thursday,20,evening,Instagram,10.35,7,207.16,29,37,43,15,18
46b5fe4a-2c09-4006-bd5b-08bf12ece5e4,1789653369453,1789653425616,2026-09-17,Thursday,16,afternoon,Instagram,0.94,2,29.06,29,37,43,15,18
46b5fe4a-2c09-4006-bd5b-08bf12ece5e4,1789651295769,1789651625712,2026-09-17,Thursday,16,afternoon,Instagram,5.5,1,206.35,29,37,43,15,18
46b5fe4a-2c09-4006-bd5b-08bf12ece5e4,1789638850563,1789638914726,2026-09-17,Thursday,12,afternoon,Instagram,1.07,6,60.99,29,37,43,15,18
46b5fe4a-2c09-4006-bd5b-08bf12ece5e4,1789635139635,1789635191005,2026-09-17,Thursday,11,morning,Instagram,0.86,2,224.29,29,37,43,15,18
46b5fe4a-2c09-4006-bd5b-08bf12ece5e4,1789621829765,1789622830883,2026-09-17,Thursday,8,morning,YouTube,16.69,6,5323.82,29,37,43,15,18
46b5fe4a-2c09-4006-bd5b-08bf12ece5e4,1789621592695,1789621682400,2026-09-17,Thursday,8,morning,Instagram,1.5,2,534.7,29,37,43,15,18
46b5fe4a-2c09-4006-bd5b-08bf12ece5e4,1789589476838,1789589510718,2026-09-16,Wednesday,23,night,Instagram,0.56,1,2.81,66,83,78,49,46
46b5fe4a-2c09-4006-bd5b-08bf12ece5e4,1789589264545,1789589308515,2026-09-16,Wednesday,23,night,Instagram,0.73,0,6.57,66,83,78,49,46
46b5fe4a-2c09-4006-bd5b-08bf12ece5e4,1789588786693,1789588870149,2026-09-16,Wednesday,22,night,Instagram,1.39,0,0.0,66,83,78,49,46
46b5fe4a-2c09-4006-bd5b-08bf12ece5e4,1789588630692,1789588786674,2026-09-16,Wednesday,22,night,Instagram,2.6,11,1.25,66,83,78,49,46
46b5fe4a-2c09-4006-bd5b-08bf12ece5e4,1789588514031,1789588555576,2026-09-16,Wednesday,22,night,Instagram,0.69,2,18.98,66,83,78,49,46
46b5fe4a-2c09-4006-bd5b-08bf12ece5e4,1789587319540,1789587374945,2026-09-16,Wednesday,22,night,Instagram,0.92,2,0.85,66,83,78,49,46
46b5fe4a-2c09-4006-bd5b-08bf12ece5e4,1789587235167,1789587268399,2026-09-16,Wednesday,22,night,Instagram,0.55,1,0.88,66,83,78,49,46
46b5fe4a-2c09-4006-bd5b-08bf12ece5e4,1789587122498,1789587182481,2026-09-16,Wednesday,22,night,Instagram,1.0,7,5.64,66,83,78,49,46
46b5fe4a-2c09-4006-bd5b-08bf12ece5e4,1789586578070,1789586784185,2026-09-16,Wednesday,22,night,Instagram,3.44,3,37.6,66,83,78,49,46
46b5fe4a-2c09-4006-bd5b-08bf12ece5e4,1789583900105,1789584322009,2026-09-16,Wednesday,21,evening,Instagram,7.03,1,28.98,66,83,78,49,46
46b5fe4a-2c09-4006-bd5b-08bf12ece5e4,1789582083113,1789582161134,2026-09-16,Wednesday,21,evening,Instagram,1.3,1,92.49,66,83,78,49,46
46b5fe4a-2c09-4006-bd5b-08bf12ece5e4,1789576475986,1789576533635,2026-09-16,Wednesday,19,evening,Instagram,0.96,1,3.94,66,83,78,49,46
46b5fe4a-2c09-4006-bd5b-08bf12ece5e4,1789576190464,1789576239664,2026-09-16,Wednesday,19,evening,Instagram,0.82,3,0.33,66,83,78,49,46
46b5fe4a-2c09-4006-bd5b-08bf12ece5e4,1789576055096,1789576170704,2026-09-16,Wednesday,19,evening,Instagram,1.93,5,17.5,66,83,78,49,46
46b5fe4a-2c09-4006-bd5b-08bf12ece5e4,1789574866642,1789575005043,2026-09-16,Wednesday,19,evening,Instagram,2.31,2,5.85,66,83,78,49,46
46b5fe4a-2c09-4006-bd5b-08bf12ece5e4,1789574428510,1789574515570,2026-09-16,Wednesday,19,evening,Instagram,1.45,0,0.0,66,83,78,49,46
46b5fe4a-2c09-4006-bd5b-08bf12ece5e4,1789574355855,1789574428494,2026-09-16,Wednesday,18,evening,Instagram,1.21,2,139.85,66,83,78,49,46
46b5fe4a-2c09-4006-bd5b-08bf12ece5e4,1789565536937,1789565964573,2026-09-16,Wednesday,16,afternoon,Instagram,7.13,1,29.2,66,83,78,49,46
46b5fe4a-2c09-4006-bd5b-08bf12ece5e4,1789563729757,1789563785082,2026-09-16,Wednesday,16,afternoon,Instagram,0.92,4,0.0,66,83,78,49,46
46b5fe4a-2c09-4006-bd5b-08bf12ece5e4,1789562201794,1789563729750,2026-09-16,Wednesday,15,afternoon,Instagram,25.47,15,6.11,66,83,78,49,46
46b5fe4a-2c09-4006-bd5b-08bf12ece5e4,1789561254062,1789561834958,2026-09-16,Wednesday,15,afternoon,Instagram,9.68,2,1.91,66,83,78,49,46
46b5fe4a-2c09-4006-bd5b-08bf12ece5e4,1789559885927,1789561139219,2026-09-16,Wednesday,14,afternoon,Instagram,20.89,4,1.92,66,83,78,49,46
46b5fe4a-2c09-4006-bd5b-08bf12ece5e4,1789559657693,1789559770934,2026-09-16,Wednesday,14,afternoon,Instagram,1.89,1,1.07,66,83,78,49,46
46b5fe4a-2c09-4006-bd5b-08bf12ece5e4,1789558054777,1789559593525,2026-09-16,Wednesday,14,afternoon,Instagram,25.65,6,0.2,66,83,78,49,46
46b5fe4a-2c09-4006-bd5b-08bf12ece5e4,1789549726327,1789558042508,2026-09-16,Wednesday,12,afternoon,Instagram,138.6,91,0.22,66,83,78,49,46
46b5fe4a-2c09-4006-bd5b-08bf12ece5e4,1789547232341,1789549713303,2026-09-16,Wednesday,11,morning,Instagram,41.35,18,0.64,66,83,78,49,46
46b5fe4a-2c09-4006-bd5b-08bf12ece5e4,1789547050514,1789547193856,2026-09-16,Wednesday,11,morning,Instagram,2.39,0,2.3,66,83,78,49,46
46b5fe4a-2c09-4006-bd5b-08bf12ece5e4,1789546743345,1789546912786,2026-09-16,Wednesday,11,morning,Instagram,2.82,2,4.22,66,83,78,49,46
46b5fe4a-2c09-4006-bd5b-08bf12ece5e4,1789546369740,1789546490158,2026-09-16,Wednesday,11,morning,Instagram,2.01,0,0.41,66,83,78,49,46
46b5fe4a-2c09-4006-bd5b-08bf12ece5e4,1789545630543,1789546344933,2026-09-16,Wednesday,11,morning,Instagram,11.91,2,0.96,66,83,78,49,46
46b5fe4a-2c09-4006-bd5b-08bf12ece5e4,1789540891608,1789545572928,2026-09-16,Wednesday,9,morning,Instagram,78.02,64,21.73,66,83,78,49,46
46b5fe4a-2c09-4006-bd5b-08bf12ece5e4,1789538644414,1789539587900,2026-09-16,Wednesday,9,morning,Instagram,15.72,8,0.18,66,83,78,49,46
46b5fe4a-2c09-4006-bd5b-08bf12ece5e4,1789536648435,1789538633433,2026-09-16,Wednesday,8,morning,Instagram,33.08,14,626.38,66,83,78,49,46
46b5fe4a-2c09-4006-bd5b-08bf12ece5e4,1789499031856,1789499065877,2026-09-15,Tuesday,22,night,Instagram,0.57,0,0.58,30,13,57,39,10
46b5fe4a-2c09-4006-bd5b-08bf12ece5e4,1789498904222,1789498997218,2026-09-15,Tuesday,22,night,Instagram,1.55,5,28.33,30,13,57,39,10
46b5fe4a-2c09-4006-bd5b-08bf12ece5e4,1789497146484,1789497204297,2026-09-15,Tuesday,21,evening,Instagram,0.96,1,0.34,30,13,57,39,10
46b5fe4a-2c09-4006-bd5b-08bf12ece5e4,1789496920085,1789497126004,2026-09-15,Tuesday,21,evening,Instagram,3.43,8,0.38,30,13,57,39,10
46b5fe4a-2c09-4006-bd5b-08bf12ece5e4,1789496622170,1789496897345,2026-09-15,Tuesday,21,evening,Instagram,4.59,11,2.8,30,13,57,39,10
46b5fe4a-2c09-4006-bd5b-08bf12ece5e4,1789496192990,1789496454036,2026-09-15,Tuesday,21,evening,Instagram,4.35,3,0.29,30,13,57,39,10
46b5fe4a-2c09-4006-bd5b-08bf12ece5e4,1789496104755,1789496175694,2026-09-15,Tuesday,21,evening,Instagram,1.18,0,0.32,30,13,57,39,10
46b5fe4a-2c09-4006-bd5b-08bf12ece5e4,1789496043033,1789496085420,2026-09-15,Tuesday,21,evening,Instagram,0.71,1,1.45,30,13,57,39,10
46b5fe4a-2c09-4006-bd5b-08bf12ece5e4,1789495917915,1789495955896,2026-09-15,Tuesday,21,evening,Instagram,0.63,2,0.25,30,13,57,39,10
46b5fe4a-2c09-4006-bd5b-08bf12ece5e4,1789495779359,1789495903100,2026-09-15,Tuesday,21,evening,Instagram,2.06,7,524.03,30,13,57,39,10
46b5fe4a-2c09-4006-bd5b-08bf12ece5e4,1789464303496,1789464337452,2026-09-15,Tuesday,12,afternoon,Instagram,0.57,0,13.82,30,13,57,39,10
46b5fe4a-2c09-4006-bd5b-08bf12ece5e4,1789463412848,1789463474519,2026-09-15,Tuesday,12,afternoon,Instagram,1.03,1,834.78,30,13,57,39,10
46b5fe4a-2c09-4006-bd5b-08bf12ece5e4,1789412948932,1789413325821,2026-09-14,Monday,22,night,Instagram,6.28,1,6.34,23,15,43,21,12
46b5fe4a-2c09-4006-bd5b-08bf12ece5e4,1789412521539,1789412568374,2026-09-14,Monday,22,night,Instagram,0.78,2,49.62,23,15,43,21,12
46b5fe4a-2c09-4006-bd5b-08bf12ece5e4,1789409124096,1789409544398,2026-09-14,Monday,21,evening,Instagram,7.01,11,329.77,23,15,43,21,12
46b5fe4a-2c09-4006-bd5b-08bf12ece5e4,1789389306550,1789389337920,2026-09-14,Monday,15,afternoon,Instagram,0.52,0,185.99,23,15,43,21,12
46b5fe4a-2c09-4006-bd5b-08bf12ece5e4,1789378021624,1789378147418,2026-09-14,Monday,12,afternoon,Instagram,2.1,0,25.95,23,15,43,21,12
46b5fe4a-2c09-4006-bd5b-08bf12ece5e4,1789376415962,1789376464494,2026-09-14,Monday,12,afternoon,Instagram,0.81,0,1.66,23,15,43,21,12
46b5fe4a-2c09-4006-bd5b-08bf12ece5e4,1789376271635,1789376316189,2026-09-14,Monday,11,morning,Instagram,0.74,2,1.07,23,15,43,21,12
46b5fe4a-2c09-4006-bd5b-08bf12ece5e4,1789376091870,1789376207543,2026-09-14,Monday,11,morning,Instagram,1.93,1,69.6,23,15,43,21,12
46b5fe4a-2c09-4006-bd5b-08bf12ece5e4,1789371806230,1789371915601,2026-09-14,Monday,10,morning,Instagram,1.82,0,4.38,23,15,43,21,12
46b5fe4a-2c09-4006-bd5b-08bf12ece5e4,1789371451496,1789371543639,2026-09-14,Monday,10,morning,Instagram,1.54,1,854.59,23,15,43,21,12
46b5fe4a-2c09-4006-bd5b-08bf12ece5e4,1789320033275,1789320175995,2026-09-13,Sunday,20,evening,Instagram,2.38,1,97.94,37,42,59,40,0
46b5fe4a-2c09-4006-bd5b-08bf12ece5e4,1789314001411,1789314156909,2026-09-13,Sunday,18,evening,Instagram,2.59,1,16.08,37,42,59,40,0
46b5fe4a-2c09-4006-bd5b-08bf12ece5e4,1789311611115,1789313036545,2026-09-13,Sunday,18,evening,Instagram,23.76,1,1.98,37,42,59,40,0
46b5fe4a-2c09-4006-bd5b-08bf12ece5e4,1789311461706,1789311492520,2026-09-13,Sunday,17,evening,Instagram,0.51,1,1.76,37,42,59,40,0
46b5fe4a-2c09-4006-bd5b-08bf12ece5e4,1789311010803,1789311356019,2026-09-13,Sunday,17,evening,Instagram,5.75,2,57.42,37,42,59,40,0
46b5fe4a-2c09-4006-bd5b-08bf12ece5e4,1789307497552,1789307565796,2026-09-13,Sunday,16,afternoon,Instagram,1.14,5,0.1,37,42,59,40,0
46b5fe4a-2c09-4006-bd5b-08bf12ece5e4,1789306759182,1789307491743,2026-09-13,Sunday,16,afternoon,Instagram,12.21,8,24.69,37,42,59,40,0
46b5fe4a-2c09-4006-bd5b-08bf12ece5e4,1789305238116,1789305277818,2026-09-13,Sunday,16,afternoon,Instagram,0.66,6,0.0,37,42,59,40,0
46b5fe4a-2c09-4006-bd5b-08bf12ece5e4,1789305100918,1789305238098,2026-09-13,Sunday,16,afternoon,Instagram,2.29,2,297.62,37,42,59,40,0
46b5fe4a-2c09-4006-bd5b-08bf12ece5e4,1789301995314,1789302400811,2026-09-13,Sunday,15,afternoon,YouTube,6.76,0,3.52,37,42,59,40,0
46b5fe4a-2c09-4006-bd5b-08bf12ece5e4,1789301499230,1789301783841,2026-09-13,Sunday,15,afternoon,YouTube,4.74,6,1639.71,37,42,59,40,0
46b5fe4a-2c09-4006-bd5b-08bf12ece5e4,1789287193439,1789287243474,2026-09-13,Sunday,11,morning,Instagram,0.83,0,1.08,37,42,59,40,0
46b5fe4a-2c09-4006-bd5b-08bf12ece5e4,1789287044446,1789287128585,2026-09-13,Sunday,11,morning,Instagram,1.4,3,50.91,37,42,59,40,0
46b5fe4a-2c09-4006-bd5b-08bf12ece5e4,1789283480205,1789283989865,2026-09-13,Sunday,10,morning,Instagram,8.49,6,0.38,37,42,59,40,0
46b5fe4a-2c09-4006-bd5b-08bf12ece5e4,1789282718830,1789283457222,2026-09-13,Sunday,9,morning,Instagram,12.31,11,0.4,37,42,59,40,0
46b5fe4a-2c09-4006-bd5b-08bf12ece5e4,1789282517825,1789282695089,2026-09-13,Sunday,9,morning,Instagram,2.95,8,827.65,37,42,59,40,0
46b5fe4a-2c09-4006-bd5b-08bf12ece5e4,1789232698465,1789232858654,2026-09-12,Saturday,20,evening,Instagram,2.67,0,0.56,55,62,74,55,19
46b5fe4a-2c09-4006-bd5b-08bf12ece5e4,1789229349884,1789232665103,2026-09-12,Saturday,19,evening,Instagram,55.25,21,0.33,55,62,74,55,19
46b5fe4a-2c09-4006-bd5b-08bf12ece5e4,1789229249885,1789229330110,2026-09-12,Saturday,19,evening,Instagram,1.34,1,0.0,55,62,74,55,19
46b5fe4a-2c09-4006-bd5b-08bf12ece5e4,1789228966074,1789229249866,2026-09-12,Saturday,19,evening,Instagram,4.73,9,67.77,55,62,74,55,19
46b5fe4a-2c09-4006-bd5b-08bf12ece5e4,1789224866784,1789224900077,2026-09-12,Saturday,17,evening,Instagram,0.55,0,0.28,55,62,74,55,19
46b5fe4a-2c09-4006-bd5b-08bf12ece5e4,1789224526940,1789224849780,2026-09-12,Saturday,17,evening,Instagram,5.38,6,88.74,55,62,74,55,19
46b5fe4a-2c09-4006-bd5b-08bf12ece5e4,1789218745413,1789219202703,2026-09-12,Saturday,16,afternoon,Instagram,7.62,6,6.11,55,62,74,55,19
46b5fe4a-2c09-4006-bd5b-08bf12ece5e4,1789217835725,1789218379022,2026-09-12,Saturday,15,afternoon,Instagram,9.05,5,0.06,55,62,74,55,19
46b5fe4a-2c09-4006-bd5b-08bf12ece5e4,1789217532017,1789217831968,2026-09-12,Saturday,15,afternoon,Instagram,5.0,2,0.0,55,62,74,55,19
46b5fe4a-2c09-4006-bd5b-08bf12ece5e4,1789217350371,1789217531996,2026-09-12,Saturday,15,afternoon,Instagram,3.03,5,5.78,55,62,74,55,19
46b5fe4a-2c09-4006-bd5b-08bf12ece5e4,1789215346566,1789217003323,2026-09-12,Saturday,15,afternoon,Instagram,27.61,18,32.62,55,62,74,55,19
46b5fe4a-2c09-4006-bd5b-08bf12ece5e4,1789213339042,1789213389179,2026-09-12,Saturday,14,afternoon,Instagram,0.84,1,1.03,55,62,74,55,19
46b5fe4a-2c09-4006-bd5b-08bf12ece5e4,1789211384500,1789213277246,2026-09-12,Saturday,14,afternoon,Instagram,31.55,7,0.0,55,62,74,55,19
46b5fe4a-2c09-4006-bd5b-08bf12ece5e4,1789211306058,1789211384490,2026-09-12,Saturday,14,afternoon,Instagram,1.31,14,2.08,55,62,74,55,19
46b5fe4a-2c09-4006-bd5b-08bf12ece5e4,1789211141784,1789211181541,2026-09-12,Saturday,14,afternoon,Instagram,0.66,1,1.07,55,62,74,55,19
46b5fe4a-2c09-4006-bd5b-08bf12ece5e4,1789211033347,1789211077443,2026-09-12,Saturday,14,afternoon,Instagram,0.73,5,0.12,55,62,74,55,19
46b5fe4a-2c09-4006-bd5b-08bf12ece5e4,1789210949747,1789211026050,2026-09-12,Saturday,14,afternoon,Instagram,1.27,10,0.59,55,62,74,55,19
46b5fe4a-2c09-4006-bd5b-08bf12ece5e4,1789210882665,1789210914193,2026-09-12,Saturday,14,afternoon,Instagram,0.53,3,0.22,55,62,74,55,19
46b5fe4a-2c09-4006-bd5b-08bf12ece5e4,1789210733003,1789210869631,2026-09-12,Saturday,13,afternoon,Instagram,2.28,9,150.44,55,62,74,55,19
46b5fe4a-2c09-4006-bd5b-08bf12ece5e4,1789202965538,1789203116731,2026-09-12,Saturday,11,morning,YouTube,2.52,0,1463.19,55,62,74,55,19
46b5fe4a-2c09-4006-bd5b-08bf12ece5e4,1789201575961,1789201706375,2026-09-12,Saturday,11,morning,Instagram,2.17,3,0.11,55,62,74,55,19
46b5fe4a-2c09-4006-bd5b-08bf12ece5e4,1789201172611,1789201569372,2026-09-12,Saturday,11,morning,Instagram,6.61,6,4.17,55,62,74,55,19
46b5fe4a-2c09-4006-bd5b-08bf12ece5e4,1789200890598,1789200922546,2026-09-12,Saturday,11,morning,Instagram,0.53,1,0.01,55,62,74,55,19
46b5fe4a-2c09-4006-bd5b-08bf12ece5e4,1789200779961,1789200890039,2026-09-12,Saturday,11,morning,Instagram,1.83,1,703.83,55,62,74,55,19
46b5fe4a-2c09-4006-bd5b-08bf12ece5e4,1789158488653,1789158550340,2026-09-11,Friday,23,night,Instagram,1.03,0,12.16,52,71,71,40,16
46b5fe4a-2c09-4006-bd5b-08bf12ece5e4,1789157498491,1789157758947,2026-09-11,Friday,23,night,Instagram,4.34,3,2.61,52,71,71,40,16
46b5fe4a-2c09-4006-bd5b-08bf12ece5e4,1789152797444,1789157342054,2026-09-11,Friday,21,evening,Instagram,75.74,67,0.08,52,71,71,40,16
46b5fe4a-2c09-4006-bd5b-08bf12ece5e4,1789151132500,1789152792474,2026-09-11,Friday,21,evening,Instagram,27.67,27,29.85,52,71,71,40,16
46b5fe4a-2c09-4006-bd5b-08bf12ece5e4,1789149301981,1789149341371,2026-09-11,Friday,20,evening,Instagram,0.66,1,0.0,52,71,71,40,16
46b5fe4a-2c09-4006-bd5b-08bf12ece5e4,1789148563856,1789149301951,2026-09-11,Friday,20,evening,Instagram,12.3,15,1.18,52,71,71,40,16
46b5fe4a-2c09-4006-bd5b-08bf12ece5e4,1789148074567,1789148492780,2026-09-11,Friday,20,evening,Instagram,6.97,6,0.0,52,71,71,40,16
46b5fe4a-2c09-4006-bd5b-08bf12ece5e4,1789147994536,1789148074552,2026-09-11,Friday,20,evening,Instagram,1.33,1,0.0,52,71,71,40,16
46b5fe4a-2c09-4006-bd5b-08bf12ece5e4,1789146874293,1789147994504,2026-09-11,Friday,20,evening,Instagram,18.67,7,1.82,52,71,71,40,16
46b5fe4a-2c09-4006-bd5b-08bf12ece5e4,1789145432682,1789146764991,2026-09-11,Friday,19,evening,Instagram,22.21,8,0.41,52,71,71,40,16
46b5fe4a-2c09-4006-bd5b-08bf12ece5e4,1789145232362,1789145408050,2026-09-11,Friday,19,evening,Instagram,2.93,4,225.26,52,71,71,40,16
46b5fe4a-2c09-4006-bd5b-08bf12ece5e4,1789131675703,1789131716994,2026-09-11,Friday,16,afternoon,Instagram,0.69,0,0.53,52,71,71,40,16
46b5fe4a-2c09-4006-bd5b-08bf12ece5e4,1789131613016,1789131643999,2026-09-11,Friday,16,afternoon,Instagram,0.52,0,354.38,52,71,71,40,16
46b5fe4a-2c09-4006-bd5b-08bf12ece5e4,1789114367601,1789115173989,2026-09-11,Friday,11,morning,YouTube,13.44,0,0.04,52,71,71,40,16
46b5fe4a-2c09-4006-bd5b-08bf12ece5e4,1789114098624,1789114365406,2026-09-11,Friday,11,morning,YouTube,4.45,4,14.39,52,71,71,40,16
46b5fe4a-2c09-4006-bd5b-08bf12ece5e4,1789113156184,1789113235284,2026-09-11,Friday,10,morning,YouTube,1.32,0,0.2,52,71,71,40,16
46b5fe4a-2c09-4006-bd5b-08bf12ece5e4,1789113085874,1789113143942,2026-09-11,Friday,10,morning,YouTube,0.97,0,4.8,52,71,71,40,16
46b5fe4a-2c09-4006-bd5b-08bf12ece5e4,1789111287424,1789112797676,2026-09-11,Friday,10,morning,YouTube,25.17,11,777.79,52,71,71,40,16
46b5fe4a-2c09-4006-bd5b-08bf12ece5e4,1789110299170,1789110350192,2026-09-11,Friday,10,morning,Instagram,0.85,0,8.69,52,71,71,40,16
46b5fe4a-2c09-4006-bd5b-08bf12ece5e4,1789109715611,1789109777911,2026-09-11,Friday,9,morning,Instagram,1.04,13,1.07,52,71,71,40,16
46b5fe4a-2c09-4006-bd5b-08bf12ece5e4,1789109615225,1789109651700,2026-09-11,Friday,9,morning,Instagram,0.61,0,0.8,52,71,71,40,16
46b5fe4a-2c09-4006-bd5b-08bf12ece5e4,1789109488603,1789109567297,2026-09-11,Friday,9,morning,Instagram,1.31,21,0.54,52,71,71,40,16
46b5fe4a-2c09-4006-bd5b-08bf12ece5e4,1789109402874,1789109456025,2026-09-11,Friday,9,morning,Instagram,0.89,7,199.46,52,71,71,40,16
46b5fe4a-2c09-4006-bd5b-08bf12ece5e4,1789096957151,1789097435403,2026-09-11,Friday,6,morning,Instagram,7.97,1,479.78,52,71,71,40,16
46b5fe4a-2c09-4006-bd5b-08bf12ece5e4,1789067925933,1789068170382,2026-09-10,Thursday,22,night,Instagram,4.07,1,3.98,24,19,51,17,10
46b5fe4a-2c09-4006-bd5b-08bf12ece5e4,1789067565398,1789067687157,2026-09-10,Thursday,22,night,Instagram,2.03,0,15.02,24,19,51,17,10
46b5fe4a-2c09-4006-bd5b-08bf12ece5e4,1789066343196,1789066664479,2026-09-10,Thursday,21,evening,Instagram,5.35,2,9.49,24,19,51,17,10
46b5fe4a-2c09-4006-bd5b-08bf12ece5e4,1789065572716,1789065773752,2026-09-10,Thursday,21,evening,Instagram,3.35,0,10.05,24,19,51,17,10
46b5fe4a-2c09-4006-bd5b-08bf12ece5e4,1789064920321,1789064969686,2026-09-10,Thursday,21,evening,Instagram,0.82,5,14.26,24,19,51,17,10
46b5fe4a-2c09-4006-bd5b-08bf12ece5e4,1789064351005,1789064619985,2026-09-10,Thursday,21,evening,YouTube,4.48,0,,24,19,51,17,10
46b5fe4a-2c09-4006-bd5b-08bf12ece5e4,1789063839439,1789064064791,2026-09-10,Thursday,21,evening,Instagram,3.76,4,51.68,24,19,51,17,10
46b5fe4a-2c09-4006-bd5b-08bf12ece5e4,1789060692339,1789060738379,2026-09-10,Thursday,20,evening,Instagram,0.77,0,2.74,24,19,51,17,10
46b5fe4a-2c09-4006-bd5b-08bf12ece5e4,1789060239224,1789060527694,2026-09-10,Thursday,20,evening,Instagram,4.81,9,252.7,24,19,51,17,10
46b5fe4a-2c09-4006-bd5b-08bf12ece5e4,1789044989384,1789045077495,2026-09-10,Thursday,15,afternoon,Instagram,1.47,0,11.39,24,19,51,17,10
46b5fe4a-2c09-4006-bd5b-08bf12ece5e4,1789044221131,1789044306136,2026-09-10,Thursday,15,afternoon,Instagram,1.42,3,413.63,24,19,51,17,10
46b5fe4a-2c09-4006-bd5b-08bf12ece5e4,1789019304113,1789019403448,2026-09-10,Thursday,8,morning,Instagram,1.66,2,645.52,24,19,51,17,10
46b5fe4a-2c09-4006-bd5b-08bf12ece5e4,1788980417719,1788980572869,2026-09-09,Wednesday,22,night,Instagram,2.59,2,2.17,58,70,79,52,22
46b5fe4a-2c09-4006-bd5b-08bf12ece5e4,1788980103494,1788980287493,2026-09-09,Wednesday,21,evening,Instagram,3.07,2,59.05,58,70,79,52,22
46b5fe4a-2c09-4006-bd5b-08bf12ece5e4,1788976267649,1788976560520,2026-09-09,Wednesday,20,evening,Instagram,4.88,4,29.02,58,70,79,52,22
46b5fe4a-2c09-4006-bd5b-08bf12ece5e4,1788974284829,1788974526539,2026-09-09,Wednesday,20,evening,Instagram,4.03,0,123.9,58,70,79,52,22
46b5fe4a-2c09-4006-bd5b-08bf12ece5e4,1788966563268,1788966850758,2026-09-09,Wednesday,18,evening,Instagram,4.79,4,0.7,58,70,79,52,22
46b5fe4a-2c09-4006-bd5b-08bf12ece5e4,1788966485345,1788966521386,2026-09-09,Wednesday,18,evening,Instagram,0.6,2,11.51,58,70,79,52,22
46b5fe4a-2c09-4006-bd5b-08bf12ece5e4,1788965680369,1788965794886,2026-09-09,Wednesday,17,evening,Instagram,1.91,5,16.94,58,70,79,52,22
46b5fe4a-2c09-4006-bd5b-08bf12ece5e4,1788964631011,1788964663712,2026-09-09,Wednesday,17,evening,Instagram,0.55,1,0.0,58,70,79,52,22
46b5fe4a-2c09-4006-bd5b-08bf12ece5e4,1788964549771,1788964630998,2026-09-09,Wednesday,17,evening,Instagram,1.35,6,0.0,58,70,79,52,22
46b5fe4a-2c09-4006-bd5b-08bf12ece5e4,1788964376653,1788964549732,2026-09-09,Wednesday,17,evening,Instagram,2.88,2,3.4,58,70,79,52,22
46b5fe4a-2c09-4006-bd5b-08bf12ece5e4,1788963949099,1788964172424,2026-09-09,Wednesday,17,evening,Instagram,3.72,2,1.55,58,70,79,52,22
46b5fe4a-2c09-4006-bd5b-08bf12ece5e4,1788963800976,1788963856215,2026-09-09,Wednesday,17,evening,Instagram,0.92,4,17.61,58,70,79,52,22
46b5fe4a-2c09-4006-bd5b-08bf12ece5e4,1788962120609,1788962744637,2026-09-09,Wednesday,16,afternoon,Instagram,10.4,6,2.06,58,70,79,52,22
46b5fe4a-2c09-4006-bd5b-08bf12ece5e4,1788961257371,1788961997276,2026-09-09,Wednesday,16,afternoon,Instagram,12.33,7,0.41,58,70,79,52,22
46b5fe4a-2c09-4006-bd5b-08bf12ece5e4,1788961144929,1788961232694,2026-09-09,Wednesday,16,afternoon,Instagram,1.46,2,66.92,58,70,79,52,22
46b5fe4a-2c09-4006-bd5b-08bf12ece5e4,1788956983728,1788957129723,2026-09-09,Wednesday,15,afternoon,Instagram,2.43,1,0.11,58,70,79,52,22
46b5fe4a-2c09-4006-bd5b-08bf12ece5e4,1788956865306,1788956977308,2026-09-09,Wednesday,15,afternoon,Instagram,1.87,3,2.01,58,70,79,52,22
46b5fe4a-2c09-4006-bd5b-08bf12ece5e4,1788956416126,1788956744810,2026-09-09,Wednesday,15,afternoon,Instagram,5.48,2,17.19,58,70,79,52,22
46b5fe4a-2c09-4006-bd5b-08bf12ece5e4,1788955314794,1788955384592,2026-09-09,Wednesday,15,afternoon,Instagram,1.16,1,16.55,58,70,79,52,22
46b5fe4a-2c09-4006-bd5b-08bf12ece5e4,1788952677459,1788954321519,2026-09-09,Wednesday,14,afternoon,Instagram,27.4,0,5.67,58,70,79,52,22
46b5fe4a-2c09-4006-bd5b-08bf12ece5e4,1788951096337,1788952337017,2026-09-09,Wednesday,13,afternoon,Instagram,20.68,0,0.61,58,70,79,52,22
46b5fe4a-2c09-4006-bd5b-08bf12ece5e4,1788950751152,1788951059669,2026-09-09,Wednesday,13,afternoon,Instagram,5.14,0,26.11,58,70,79,52,22
46b5fe4a-2c09-4006-bd5b-08bf12ece5e4,1788949101109,1788949184613,2026-09-09,Wednesday,13,afternoon,Instagram,1.39,0,0.09,58,70,79,52,22
46b5fe4a-2c09-4006-bd5b-08bf12ece5e4,1788948736852,1788949095831,2026-09-09,Wednesday,13,afternoon,Instagram,5.98,0,0.45,58,70,79,52,22
46b5fe4a-2c09-4006-bd5b-08bf12ece5e4,1788948664515,1788948709615,2026-09-09,Wednesday,13,afternoon,Instagram,0.75,0,0.09,58,70,79,52,22
46b5fe4a-2c09-4006-bd5b-08bf12ece5e4,1788948484335,1788948659005,2026-09-09,Wednesday,13,afternoon,Instagram,2.91,0,0.33,58,70,79,52,22
46b5fe4a-2c09-4006-bd5b-08bf12ece5e4,1788948298733,1788948464604,2026-09-09,Wednesday,13,afternoon,Instagram,2.76,0,0.66,58,70,79,52,22
46b5fe4a-2c09-4006-bd5b-08bf12ece5e4,1788948222672,1788948259373,2026-09-09,Wednesday,13,afternoon,Instagram,0.61,0,0.5,58,70,79,52,22
46b5fe4a-2c09-4006-bd5b-08bf12ece5e4,1788948046927,1788948192844,2026-09-09,Wednesday,13,afternoon,Instagram,2.43,0,0.41,58,70,79,52,22
46b5fe4a-2c09-4006-bd5b-08bf12ece5e4,1788947841329,1788948022027,2026-09-09,Wednesday,12,afternoon,Instagram,3.01,0,0.82,58,70,79,52,22
46b5fe4a-2c09-4006-bd5b-08bf12ece5e4,1788947679757,1788947791922,2026-09-09,Wednesday,12,afternoon,Instagram,1.87,0,0.0,58,70,79,52,22
46b5fe4a-2c09-4006-bd5b-08bf12ece5e4,1788946231375,1788947679751,2026-09-09,Wednesday,12,afternoon,Instagram,24.14,0,2.01,58,70,79,52,22
46b5fe4a-2c09-4006-bd5b-08bf12ece5e4,1788946077603,1788946111066,2026-09-09,Wednesday,12,afternoon,Instagram,0.56,0,0.0,58,70,79,52,22
46b5fe4a-2c09-4006-bd5b-08bf12ece5e4,1788945718364,1788946077580,2026-09-09,Wednesday,12,afternoon,Instagram,5.99,0,0.09,58,70,79,52,22
46b5fe4a-2c09-4006-bd5b-08bf12ece5e4,1788945337332,1788945713087,2026-09-09,Wednesday,12,afternoon,Instagram,6.26,0,0.82,58,70,79,52,22
46b5fe4a-2c09-4006-bd5b-08bf12ece5e4,1788945206529,1788945288071,2026-09-09,Wednesday,12,afternoon,Instagram,1.36,0,1.92,58,70,79,52,22
46b5fe4a-2c09-4006-bd5b-08bf12ece5e4,1788944680084,1788945091450,2026-09-09,Wednesday,12,afternoon,Instagram,6.86,0,0.0,58,70,79,52,22
46b5fe4a-2c09-4006-bd5b-08bf12ece5e4,1788944496604,1788944680065,2026-09-09,Wednesday,12,afternoon,Instagram,3.06,0,6.63,58,70,79,52,22
46b5fe4a-2c09-4006-bd5b-08bf12ece5e4,1788944059721,1788944098764,2026-09-09,Wednesday,11,morning,Instagram,0.65,0,0.03,58,70,79,52,22
46b5fe4a-2c09-4006-bd5b-08bf12ece5e4,1788943683999,1788944057915,2026-09-09,Wednesday,11,morning,Instagram,6.23,0,0.3,58,70,79,52,22
46b5fe4a-2c09-4006-bd5b-08bf12ece5e4,1788943374504,1788943666263,2026-09-09,Wednesday,11,morning,Instagram,4.86,0,2.17,58,70,79,52,22
46b5fe4a-2c09-4006-bd5b-08bf12ece5e4,1788942958210,1788943244116,2026-09-09,Wednesday,11,morning,Instagram,4.77,0,4.41,58,70,79,52,22
46b5fe4a-2c09-4006-bd5b-08bf12ece5e4,1788941587267,1788942693408,2026-09-09,Wednesday,11,morning,Instagram,18.44,0,18.36,58,70,79,52,22
46b5fe4a-2c09-4006-bd5b-08bf12ece5e4,1788940130187,1788940485738,2026-09-09,Wednesday,10,morning,Instagram,5.93,0,0.16,58,70,79,52,22
46b5fe4a-2c09-4006-bd5b-08bf12ece5e4,1788938168595,1788940120739,2026-09-09,Wednesday,10,morning,Instagram,32.54,0,0.16,58,70,79,52,22
46b5fe4a-2c09-4006-bd5b-08bf12ece5e4,1788934886390,1788938158794,2026-09-09,Wednesday,9,morning,Instagram,54.54,0,0.15,58,70,79,52,22
46b5fe4a-2c09-4006-bd5b-08bf12ece5e4,1788934219026,1788934877189,2026-09-09,Wednesday,9,morning,Instagram,10.97,0,0.0,58,70,79,52,22
46b5fe4a-2c09-4006-bd5b-08bf12ece5e4,1788934089992,1788934219007,2026-09-09,Wednesday,9,morning,Instagram,2.15,0,0.0,58,70,79,52,22
46b5fe4a-2c09-4006-bd5b-08bf12ece5e4,1788933250109,1788934089972,2026-09-09,Wednesday,8,morning,Instagram,14.0,0,0.08,58,70,79,52,22
46b5fe4a-2c09-4006-bd5b-08bf12ece5e4,1788933032045,1788933245394,2026-09-09,Wednesday,8,morning,Instagram,3.56,0,0.17,58,70,79,52,22
46b5fe4a-2c09-4006-bd5b-08bf12ece5e4,1788932746582,1788933021874,2026-09-09,Wednesday,8,morning,Instagram,4.59,0,523.6,58,70,79,52,22
46b5fe4a-2c09-4006-bd5b-08bf12ece5e4,1788901289588,1788901330862,2026-09-09,Wednesday,0,night,Instagram,0.69,0,18.23,58,70,79,52,22
46b5fe4a-2c09-4006-bd5b-08bf12ece5e4,1788899616488,1788900195837,2026-09-08,Tuesday,23,night,Instagram,9.66,0,0.57,48,51,63,47,26
46b5fe4a-2c09-4006-bd5b-08bf12ece5e4,1788898898716,1788899582360,2026-09-08,Tuesday,23,night,Instagram,11.39,0,7.55,48,51,63,47,26
46b5fe4a-2c09-4006-bd5b-08bf12ece5e4,1788897611451,1788898445596,2026-09-08,Tuesday,23,night,Instagram,13.9,0,1.34,48,51,63,47,26
46b5fe4a-2c09-4006-bd5b-08bf12ece5e4,1788897460685,1788897531222,2026-09-08,Tuesday,22,night,Instagram,1.18,0,6.69,48,51,63,47,26
46b5fe4a-2c09-4006-bd5b-08bf12ece5e4,1788896535325,1788897059266,2026-09-08,Tuesday,22,night,Instagram,8.73,0,0.99,48,51,63,47,26
46b5fe4a-2c09-4006-bd5b-08bf12ece5e4,1788896433792,1788896475676,2026-09-08,Tuesday,22,night,Instagram,0.7,0,0.0,48,51,63,47,26
46b5fe4a-2c09-4006-bd5b-08bf12ece5e4,1788896369563,1788896433781,2026-09-08,Tuesday,22,night,Instagram,1.07,0,88.32,48,51,63,47,26
46b5fe4a-2c09-4006-bd5b-08bf12ece5e4,1788891018794,1788891070554,2026-09-08,Tuesday,21,evening,Instagram,0.86,0,15.75,48,51,63,47,26
46b5fe4a-2c09-4006-bd5b-08bf12ece5e4,1788889846830,1788890073850,2026-09-08,Tuesday,20,evening,Instagram,3.78,0,31.51,48,51,63,47,26
46b5fe4a-2c09-4006-bd5b-08bf12ece5e4,1788887134350,1788887956165,2026-09-08,Tuesday,20,evening,Instagram,13.7,0,27.8,48,51,63,47,26
46b5fe4a-2c09-4006-bd5b-08bf12ece5e4,1788885434402,1788885466114,2026-09-08,Tuesday,19,evening,Instagram,0.53,0,0.21,48,51,63,47,26
46b5fe4a-2c09-4006-bd5b-08bf12ece5e4,1788884383791,1788885421524,2026-09-08,Tuesday,19,evening,Instagram,17.3,0,33.33,48,51,63,47,26
46b5fe4a-2c09-4006-bd5b-08bf12ece5e4,1788882149952,1788882383808,2026-09-08,Tuesday,18,evening,Instagram,3.9,0,0.77,48,51,63,47,26
46b5fe4a-2c09-4006-bd5b-08bf12ece5e4,1788880087930,1788882103808,2026-09-08,Tuesday,18,evening,Instagram,33.6,0,0.0,48,51,63,47,26
46b5fe4a-2c09-4006-bd5b-08bf12ece5e4,1788879956863,1788880087904,2026-09-08,Tuesday,18,evening,Instagram,2.18,0,0.0,48,51,63,47,26
46b5fe4a-2c09-4006-bd5b-08bf12ece5e4,1788879865915,1788879956842,2026-09-08,Tuesday,18,evening,Instagram,1.52,0,17.95,48,51,63,47,26
46b5fe4a-2c09-4006-bd5b-08bf12ece5e4,1788878612250,1788878788639,2026-09-08,Tuesday,17,evening,Instagram,2.94,0,9.31,48,51,63,47,26
46b5fe4a-2c09-4006-bd5b-08bf12ece5e4,1788877956516,1788878053676,2026-09-08,Tuesday,17,evening,Instagram,1.62,0,56.93,48,51,63,47,26
46b5fe4a-2c09-4006-bd5b-08bf12ece5e4,1788874494276,1788874540667,2026-09-08,Tuesday,16,afternoon,Instagram,0.77,0,54.05,48,51,63,47,26
46b5fe4a-2c09-4006-bd5b-08bf12ece5e4,1788871150696,1788871251179,2026-09-08,Tuesday,15,afternoon,Instagram,1.67,0,1.92,48,51,63,47,26
46b5fe4a-2c09-4006-bd5b-08bf12ece5e4,1788870990577,1788871035789,2026-09-08,Tuesday,15,afternoon,Instagram,0.75,0,16.85,48,51,63,47,26
46b5fe4a-2c09-4006-bd5b-08bf12ece5e4,1788869857692,1788869979330,2026-09-08,Tuesday,15,afternoon,Instagram,2.03,0,49.88,48,51,63,47,26
46b5fe4a-2c09-4006-bd5b-08bf12ece5e4,1788866828679,1788866864816,2026-09-08,Tuesday,14,afternoon,Instagram,0.6,0,51.36,48,51,63,47,26
46b5fe4a-2c09-4006-bd5b-08bf12ece5e4,1788863712297,1788863747077,2026-09-08,Tuesday,13,afternoon,Instagram,0.58,0,1.09,48,51,63,47,26
46b5fe4a-2c09-4006-bd5b-08bf12ece5e4,1788863599690,1788863647107,2026-09-08,Tuesday,13,afternoon,Instagram,0.79,0,47.95,48,51,63,47,26
46b5fe4a-2c09-4006-bd5b-08bf12ece5e4,1788860625527,1788860722544,2026-09-08,Tuesday,12,afternoon,Instagram,1.62,0,1.14,48,51,63,47,26
46b5fe4a-2c09-4006-bd5b-08bf12ece5e4,1788860499736,1788860556869,2026-09-08,Tuesday,12,afternoon,Instagram,0.95,0,0.18,48,51,63,47,26
46b5fe4a-2c09-4006-bd5b-08bf12ece5e4,1788860439527,1788860488905,2026-09-08,Tuesday,12,afternoon,Instagram,0.82,0,128.69,48,51,63,47,26
46b5fe4a-2c09-4006-bd5b-08bf12ece5e4,1788852682975,1788852718039,2026-09-08,Tuesday,10,morning,Instagram,0.58,0,745.05,48,51,63,47,26
46b5fe4a-2c09-4006-bd5b-08bf12ece5e4,1788807898150,1788807979871,2026-09-07,Monday,22,night,Instagram,1.36,0,7.57,41,50,61,39,3
46b5fe4a-2c09-4006-bd5b-08bf12ece5e4,1788807002834,1788807443899,2026-09-07,Monday,21,evening,Instagram,7.35,0,5.57,41,50,61,39,3
46b5fe4a-2c09-4006-bd5b-08bf12ece5e4,1788805755762,1788806668671,2026-09-07,Monday,21,evening,Instagram,15.22,0,0.43,41,50,61,39,3
46b5fe4a-2c09-4006-bd5b-08bf12ece5e4,1788805449419,1788805729939,2026-09-07,Monday,21,evening,Instagram,4.68,0,0.46,41,50,61,39,3
46b5fe4a-2c09-4006-bd5b-08bf12ece5e4,1788805383331,1788805421953,2026-09-07,Monday,21,evening,Instagram,0.64,0,8.69,41,50,61,39,3
46b5fe4a-2c09-4006-bd5b-08bf12ece5e4,1788804608132,1788804862119,2026-09-07,Monday,21,evening,Instagram,4.23,0,50.13,41,50,61,39,3
46b5fe4a-2c09-4006-bd5b-08bf12ece5e4,1788800943512,1788801600503,2026-09-07,Monday,20,evening,Instagram,10.95,0,1.49,41,50,61,39,3
46b5fe4a-2c09-4006-bd5b-08bf12ece5e4,1788800798917,1788800854345,2026-09-07,Monday,20,evening,Instagram,0.92,0,5.79,41,50,61,39,3
46b5fe4a-2c09-4006-bd5b-08bf12ece5e4,1788799822218,1788800451465,2026-09-07,Monday,19,evening,Instagram,10.49,0,0.15,41,50,61,39,3
46b5fe4a-2c09-4006-bd5b-08bf12ece5e4,1788798188709,1788799813438,2026-09-07,Monday,19,evening,Instagram,27.08,0,0.04,41,50,61,39,3
46b5fe4a-2c09-4006-bd5b-08bf12ece5e4,1788796900867,1788798186197,2026-09-07,Monday,19,evening,Instagram,21.42,0,200.83,41,50,61,39,3
46b5fe4a-2c09-4006-bd5b-08bf12ece5e4,1788784524245,1788784850967,2026-09-07,Monday,15,afternoon,Instagram,5.45,0,0.67,41,50,61,39,3
46b5fe4a-2c09-4006-bd5b-08bf12ece5e4,1788783888302,1788784483943,2026-09-07,Monday,15,afternoon,Instagram,9.93,0,165.17,41,50,61,39,3
46b5fe4a-2c09-4006-bd5b-08bf12ece5e4,1788773948250,1788773978283,2026-09-07,Monday,12,afternoon,Instagram,0.5,0,0.06,41,50,61,39,3
46b5fe4a-2c09-4006-bd5b-08bf12ece5e4,1788773880463,1788773944462,2026-09-07,Monday,12,afternoon,Instagram,1.07,0,70.33,41,50,61,39,3
46b5fe4a-2c09-4006-bd5b-08bf12ece5e4,1788769621612,1788769660797,2026-09-07,Monday,11,morning,Instagram,0.65,0,90.9,41,50,61,39,3
46b5fe4a-2c09-4006-bd5b-08bf12ece5e4,1788764081183,1788764167634,2026-09-07,Monday,9,morning,Instagram,1.44,0,0.98,41,50,61,39,3
46b5fe4a-2c09-4006-bd5b-08bf12ece5e4,1788763970125,1788764022342,2026-09-07,Monday,9,morning,Instagram,0.87,0,681.21,41,50,61,39,3
46b5fe4a-2c09-4006-bd5b-08bf12ece5e4,1788722832073,1788723097735,2026-09-06,Sunday,22,night,Instagram,4.43,0,54.53,47,56,70,41,15
46b5fe4a-2c09-4006-bd5b-08bf12ece5e4,1788719522937,1788719560509,2026-09-06,Sunday,21,evening,Instagram,0.63,0,0.0,47,56,70,41,15
46b5fe4a-2c09-4006-bd5b-08bf12ece5e4,1788719149669,1788719522743,2026-09-06,Sunday,21,evening,Instagram,6.22,0,175.83,47,56,70,41,15
46b5fe4a-2c09-4006-bd5b-08bf12ece5e4,1788708417619,1788708599911,2026-09-06,Sunday,18,evening,Instagram,3.04,0,20.0,47,56,70,41,15
46b5fe4a-2c09-4006-bd5b-08bf12ece5e4,1788706239721,1788707217859,2026-09-06,Sunday,17,evening,Instagram,16.3,0,0.04,47,56,70,41,15
46b5fe4a-2c09-4006-bd5b-08bf12ece5e4,1788706110963,1788706237034,2026-09-06,Sunday,17,evening,Instagram,2.1,0,0.12,47,56,70,41,15
46b5fe4a-2c09-4006-bd5b-08bf12ece5e4,1788705986506,1788706103530,2026-09-06,Sunday,17,evening,Instagram,1.95,0,1.81,47,56,70,41,15
46b5fe4a-2c09-4006-bd5b-08bf12ece5e4,1788705752783,1788705878067,2026-09-06,Sunday,17,evening,Instagram,2.09,0,1.29,47,56,70,41,15
46b5fe4a-2c09-4006-bd5b-08bf12ece5e4,1788705516774,1788705675227,2026-09-06,Sunday,17,evening,Instagram,2.64,0,8.35,47,56,70,41,15
46b5fe4a-2c09-4006-bd5b-08bf12ece5e4,1788704907156,1788705015855,2026-09-06,Sunday,17,evening,Instagram,1.81,0,85.61,47,56,70,41,15
46b5fe4a-2c09-4006-bd5b-08bf12ece5e4,1788699175253,1788699770481,2026-09-06,Sunday,15,afternoon,Instagram,9.92,0,1.14,47,56,70,41,15
46b5fe4a-2c09-4006-bd5b-08bf12ece5e4,1788698625375,1788699106835,2026-09-06,Sunday,15,afternoon,Instagram,8.02,0,1.37,47,56,70,41,15
46b5fe4a-2c09-4006-bd5b-08bf12ece5e4,1788698511137,1788698543378,2026-09-06,Sunday,15,afternoon,Instagram,0.54,0,0.17,47,56,70,41,15
46b5fe4a-2c09-4006-bd5b-08bf12ece5e4,1788695234636,1788698500982,2026-09-06,Sunday,14,afternoon,Instagram,54.44,0,0.26,47,56,70,41,15
46b5fe4a-2c09-4006-bd5b-08bf12ece5e4,1788694702573,1788695218977,2026-09-06,Sunday,14,afternoon,Instagram,8.61,0,0.77,47,56,70,41,15
46b5fe4a-2c09-4006-bd5b-08bf12ece5e4,1788694517360,1788694656556,2026-09-06,Sunday,14,afternoon,Instagram,2.32,0,286.99,47,56,70,41,15
46b5fe4a-2c09-4006-bd5b-08bf12ece5e4,1788677234897,1788677297877,2026-09-06,Sunday,9,morning,Instagram,1.05,0,590.61,47,56,70,41,15
46b5fe4a-2c09-4006-bd5b-08bf12ece5e4,1788641694637,1788641798035,2026-09-05,Saturday,23,night,Instagram,1.72,0,45.65,37,14,42,49,47
46b5fe4a-2c09-4006-bd5b-08bf12ece5e4,1788638734240,1788638955744,2026-09-05,Saturday,23,night,Instagram,3.69,0,1.23,37,14,42,49,47
46b5fe4a-2c09-4006-bd5b-08bf12ece5e4,1788638548097,1788638660523,2026-09-05,Saturday,23,night,Instagram,1.87,0,13.33,37,14,42,49,47
46b5fe4a-2c09-4006-bd5b-08bf12ece5e4,1788637460472,1788637748333,2026-09-05,Saturday,22,night,Instagram,4.8,0,0.23,37,14,42,49,47
46b5fe4a-2c09-4006-bd5b-08bf12ece5e4,1788637399615,1788637446731,2026-09-05,Saturday,22,night,Instagram,0.79,0,0.19,37,14,42,49,47
46b5fe4a-2c09-4006-bd5b-08bf12ece5e4,1788637247142,1788637388010,2026-09-05,Saturday,22,night,Instagram,2.35,0,23.32,37,14,42,49,47
46b5fe4a-2c09-4006-bd5b-08bf12ece5e4,1788635808271,1788635848036,2026-09-05,Saturday,22,night,Instagram,0.66,0,115.44,37,14,42,49,47
46b5fe4a-2c09-4006-bd5b-08bf12ece5e4,1788628554784,1788628881869,2026-09-05,Saturday,20,evening,Instagram,5.45,0,0.28,37,14,42,49,47
46b5fe4a-2c09-4006-bd5b-08bf12ece5e4,1788628452141,1788628538196,2026-09-05,Saturday,20,evening,Instagram,1.43,0,1345.37,37,14,42,49,47
46b5fe4a-2c09-4006-bd5b-08bf12ece5e4,1788546997606,1788547729819,2026-09-04,Friday,21,evening,Instagram,12.2,0,2.94,44,68,57,20,19
46b5fe4a-2c09-4006-bd5b-08bf12ece5e4,1788546594696,1788546821008,2026-09-04,Friday,21,evening,Instagram,3.77,0,2.95,44,68,57,20,19
46b5fe4a-2c09-4006-bd5b-08bf12ece5e4,1788542746937,1788546417662,2026-09-04,Friday,20,evening,Instagram,61.18,0,42.05,44,68,57,20,19
46b5fe4a-2c09-4006-bd5b-08bf12ece5e4,1788540186310,1788540224148,2026-09-04,Friday,19,evening,Instagram,0.63,0,55.59,44,68,57,20,19
46b5fe4a-2c09-4006-bd5b-08bf12ece5e4,1788536720184,1788536850704,2026-09-04,Friday,18,evening,Instagram,2.18,0,2.59,44,68,57,20,19
46b5fe4a-2c09-4006-bd5b-08bf12ece5e4,1788536485826,1788536564957,2026-09-04,Friday,18,evening,Instagram,1.32,0,4.84,44,68,57,20,19
46b5fe4a-2c09-4006-bd5b-08bf12ece5e4,1788532862844,1788536195324,2026-09-04,Friday,17,evening,Instagram,55.54,0,30.53,44,68,57,20,19
46b5fe4a-2c09-4006-bd5b-08bf12ece5e4,1788530526451,1788531030876,2026-09-04,Friday,17,evening,Instagram,8.41,0,0.92,44,68,57,20,19
46b5fe4a-2c09-4006-bd5b-08bf12ece5e4,1788530440944,1788530471417,2026-09-04,Friday,17,evening,Instagram,0.51,0,166.07,44,68,57,20,19
46b5fe4a-2c09-4006-bd5b-08bf12ece5e4,1788520444436,1788520476884,2026-09-04,Friday,14,afternoon,Instagram,0.54,0,143.47,44,68,57,20,19
46b5fe4a-2c09-4006-bd5b-08bf12ece5e4,1788511776811,1788511836479,2026-09-04,Friday,11,morning,Instagram,0.99,0,77.19,44,68,57,20,19
46b5fe4a-2c09-4006-bd5b-08bf12ece5e4,1788505598010,1788507145562,2026-09-04,Friday,10,morning,Instagram,25.79,0,128.99,44,68,57,20,19
46b5fe4a-2c09-4006-bd5b-08bf12ece5e4,1788497642595,1788497858649,2026-09-04,Friday,7,morning,Instagram,3.6,0,474.36,44,68,57,20,19
46b5fe4a-2c09-4006-bd5b-08bf12ece5e4,1788469133394,1788469180963,2026-09-03,Thursday,23,night,Instagram,0.79,0,111.6,37,31,67,41,2
46b5fe4a-2c09-4006-bd5b-08bf12ece5e4,1788461738566,1788462437177,2026-09-03,Thursday,21,evening,Instagram,11.64,0,0.98,37,31,67,41,2
46b5fe4a-2c09-4006-bd5b-08bf12ece5e4,1788461501632,1788461679544,2026-09-03,Thursday,21,evening,Instagram,2.97,0,1.8,37,31,67,41,2
46b5fe4a-2c09-4006-bd5b-08bf12ece5e4,1788460981581,1788461393386,2026-09-03,Thursday,21,evening,Instagram,6.86,0,0.1,37,31,67,41,2
46b5fe4a-2c09-4006-bd5b-08bf12ece5e4,1788460604592,1788460975612,2026-09-03,Thursday,21,evening,Instagram,6.18,0,2.87,37,31,67,41,2
46b5fe4a-2c09-4006-bd5b-08bf12ece5e4,1788459782138,1788460432277,2026-09-03,Thursday,21,evening,Instagram,10.84,0,4.34,37,31,67,41,2
46b5fe4a-2c09-4006-bd5b-08bf12ece5e4,1788459109412,1788459521615,2026-09-03,Thursday,21,evening,Instagram,6.87,0,0.51,37,31,67,41,2
46b5fe4a-2c09-4006-bd5b-08bf12ece5e4,1788459020326,1788459078978,2026-09-03,Thursday,21,evening,Instagram,0.98,0,0.56,37,31,67,41,2
46b5fe4a-2c09-4006-bd5b-08bf12ece5e4,1788458920822,1788458986759,2026-09-03,Thursday,21,evening,Instagram,1.1,0,0.0,37,31,67,41,2
46b5fe4a-2c09-4006-bd5b-08bf12ece5e4,1788458522038,1788458920807,2026-09-03,Thursday,21,evening,Instagram,6.65,0,2.33,37,31,67,41,2
46b5fe4a-2c09-4006-bd5b-08bf12ece5e4,1788458351477,1788458382455,2026-09-03,Thursday,20,evening,Instagram,0.52,0,0.0,37,31,67,41,2
46b5fe4a-2c09-4006-bd5b-08bf12ece5e4,1788458242778,1788458351460,2026-09-03,Thursday,20,evening,Instagram,1.81,0,303.72,37,31,67,41,2
46b5fe4a-2c09-4006-bd5b-08bf12ece5e4,1788439983810,1788440019592,2026-09-03,Thursday,15,afternoon,Instagram,0.6,0,9.17,37,31,67,41,2
46b5fe4a-2c09-4006-bd5b-08bf12ece5e4,1788439396775,1788439433321,2026-09-03,Thursday,15,afternoon,Instagram,0.61,0,1.91,37,31,67,41,2
46b5fe4a-2c09-4006-bd5b-08bf12ece5e4,1788439139809,1788439282245,2026-09-03,Thursday,15,afternoon,Instagram,2.37,0,12.64,37,31,67,41,2
46b5fe4a-2c09-4006-bd5b-08bf12ece5e4,1788438162032,1788438381332,2026-09-03,Thursday,15,afternoon,Instagram,3.65,0,127.7,37,31,67,41,2
46b5fe4a-2c09-4006-bd5b-08bf12ece5e4,1788430408331,1788430500066,2026-09-03,Thursday,13,afternoon,Instagram,1.53,0,0.52,37,31,67,41,2
46b5fe4a-2c09-4006-bd5b-08bf12ece5e4,1788430320781,1788430377412,2026-09-03,Thursday,13,afternoon,Instagram,0.94,0,45.66,37,31,67,41,2
46b5fe4a-2c09-4006-bd5b-08bf12ece5e4,1788427539279,1788427581240,2026-09-03,Thursday,12,afternoon,Instagram,0.7,0,1.1,37,31,67,41,2
46b5fe4a-2c09-4006-bd5b-08bf12ece5e4,1788427432549,1788427473532,2026-09-03,Thursday,12,afternoon,Instagram,0.68,0,279.7,37,31,67,41,2
46b5fe4a-2c09-4006-bd5b-08bf12ece5e4,1788410612032,1788410650837,2026-09-03,Thursday,7,morning,Instagram,0.65,0,40.45,37,31,67,41,2
46b5fe4a-2c09-4006-bd5b-08bf12ece5e4,1788408152044,1788408185281,2026-09-03,Thursday,7,morning,Instagram,0.55,0,1.35,37,31,67,41,2
46b5fe4a-2c09-4006-bd5b-08bf12ece5e4,1788408024158,1788408071151,2026-09-03,Thursday,7,morning,Instagram,0.78,0,6.11,37,31,67,41,2
46b5fe4a-2c09-4006-bd5b-08bf12ece5e4,1788407623189,1788407657274,2026-09-03,Thursday,6,morning,Instagram,0.57,0,1.07,37,31,67,41,2
46b5fe4a-2c09-4006-bd5b-08bf12ece5e4,1788407510212,1788407559159,2026-09-03,Thursday,6,morning,Instagram,0.82,0,0.15,37,31,67,41,2
46b5fe4a-2c09-4006-bd5b-08bf12ece5e4,1788407444008,1788407501210,2026-09-03,Thursday,6,morning,Instagram,0.95,0,552.67,37,31,67,41,2
46b5fe4a-2c09-4006-bd5b-08bf12ece5e4,1788374226366,1788374283677,2026-09-02,Wednesday,21,evening,Instagram,0.96,0,9.41,40,26,69,61,0
46b5fe4a-2c09-4006-bd5b-08bf12ece5e4,1788373592470,1788373661645,2026-09-02,Wednesday,21,evening,Instagram,1.15,0,9.16,40,26,69,61,0
46b5fe4a-2c09-4006-bd5b-08bf12ece5e4,1788372662617,1788373042588,2026-09-02,Wednesday,21,evening,Instagram,6.33,0,7.9,40,26,69,61,0
46b5fe4a-2c09-4006-bd5b-08bf12ece5e4,1788371969831,1788372188388,2026-09-02,Wednesday,20,evening,Instagram,3.64,0,3.3,40,26,69,61,0
46b5fe4a-2c09-4006-bd5b-08bf12ece5e4,1788371729503,1788371772032,2026-09-02,Wednesday,20,evening,Instagram,0.71,0,2.09,40,26,69,61,0
46b5fe4a-2c09-4006-bd5b-08bf12ece5e4,1788371471999,1788371604336,2026-09-02,Wednesday,20,evening,Instagram,2.21,0,6.92,40,26,69,61,0
46b5fe4a-2c09-4006-bd5b-08bf12ece5e4,1788370897829,1788371056974,2026-09-02,Wednesday,20,evening,Instagram,2.65,0,0.15,40,26,69,61,0
46b5fe4a-2c09-4006-bd5b-08bf12ece5e4,1788370832214,1788370889050,2026-09-02,Wednesday,20,evening,Instagram,0.95,0,7.13,40,26,69,61,0
46b5fe4a-2c09-4006-bd5b-08bf12ece5e4,1788370188483,1788370404172,2026-09-02,Wednesday,20,evening,Instagram,3.59,0,10.57,40,26,69,61,0
46b5fe4a-2c09-4006-bd5b-08bf12ece5e4,1788369494014,1788369554315,2026-09-02,Wednesday,20,evening,Instagram,1.01,0,3.64,40,26,69,61,0
46b5fe4a-2c09-4006-bd5b-08bf12ece5e4,1788369109254,1788369275628,2026-09-02,Wednesday,20,evening,Instagram,2.77,0,38.4,40,26,69,61,0
46b5fe4a-2c09-4006-bd5b-08bf12ece5e4,1788366700960,1788366804980,2026-09-02,Wednesday,19,evening,Instagram,1.73,0,0.05,40,26,69,61,0
46b5fe4a-2c09-4006-bd5b-08bf12ece5e4,1788366526339,1788366698056,2026-09-02,Wednesday,19,evening,Instagram,2.86,0,1.38,40,26,69,61,0
46b5fe4a-2c09-4006-bd5b-08bf12ece5e4,1788366279124,1788366443479,2026-09-02,Wednesday,19,evening,Instagram,2.74,0,0.15,40,26,69,61,0
46b5fe4a-2c09-4006-bd5b-08bf12ece5e4,1788366052009,1788366269860,2026-09-02,Wednesday,19,evening,Instagram,3.63,0,2.04,40,26,69,61,0
46b5fe4a-2c09-4006-bd5b-08bf12ece5e4,1788365750864,1788365929592,2026-09-02,Wednesday,19,evening,Instagram,2.98,0,86.16,40,26,69,61,0
46b5fe4a-2c09-4006-bd5b-08bf12ece5e4,1788360510079,1788360581347,2026-09-02,Wednesday,17,evening,Instagram,1.19,0,0.0,40,26,69,61,0
46b5fe4a-2c09-4006-bd5b-08bf12ece5e4,1788360378607,1788360510055,2026-09-02,Wednesday,17,evening,Instagram,2.19,0,0.29,40,26,69,61,0
46b5fe4a-2c09-4006-bd5b-08bf12ece5e4,1788360307658,1788360361489,2026-09-02,Wednesday,17,evening,Instagram,0.9,0,4.85,40,26,69,61,0
46b5fe4a-2c09-4006-bd5b-08bf12ece5e4,1788359961029,1788360016837,2026-09-02,Wednesday,17,evening,Instagram,0.93,0,0.0,40,26,69,61,0
46b5fe4a-2c09-4006-bd5b-08bf12ece5e4,1788359885397,1788359961007,2026-09-02,Wednesday,17,evening,Instagram,1.26,0,0.43,40,26,69,61,0
46b5fe4a-2c09-4006-bd5b-08bf12ece5e4,1788359821411,1788359859885,2026-09-02,Wednesday,17,evening,Instagram,0.64,0,0.73,40,26,69,61,0
46b5fe4a-2c09-4006-bd5b-08bf12ece5e4,1788359734725,1788359777696,2026-09-02,Wednesday,17,evening,Instagram,0.72,0,0.0,40,26,69,61,0
46b5fe4a-2c09-4006-bd5b-08bf12ece5e4,1788359577877,1788359734714,2026-09-02,Wednesday,17,evening,Instagram,2.61,0,1.01,40,26,69,61,0
46b5fe4a-2c09-4006-bd5b-08bf12ece5e4,1788359480020,1788359517474,2026-09-02,Wednesday,17,evening,Instagram,0.62,0,100.2,40,26,69,61,0
46b5fe4a-2c09-4006-bd5b-08bf12ece5e4,1788352962152,1788353468201,2026-09-02,Wednesday,15,afternoon,Instagram,8.43,0,,40,26,69,61,0
