user_id,session_start,session_end,date,day_of_week,session_hour,time_of_day,app_label,detected_format,duration_minutes,scroll_count,tap_count,scroll_speed_estimate,avg_scroll_delta_px,micro_scrolls,normal_scrolls,macro_scrolls,scroll_behavior,notification_count,triggered_by_notification,minutes_since_last_session,day_asi_score,day_intensity_score,day_fragmentation_score,day_compulsion_score,day_disruption_score,timestamp,is_schedule_conflict
46b5fe4a-2c09-4006-bd5b-08bf12ece5e4,1790281329502,1790281593063,2026-09-24,Thursday,23,night,Instagram,STANDARD,4.39,19,0,4.33,1,19,0,0,Reading,137,False,28.47,48,45,68,32,49,2026-09-24 20:22:09.502,0
46b5fe4a-2c09-4006-bd5b-08bf12ece5e4,1790279631154,1790279723216,2026-09-24,Thursday,22,night,YouTube,STANDARD,1.53,0,0,0.0,0,0,0,0,,49,False,33.34,48,45,68,32,49,2026-09-24 19:53:51.154,0
46b5fe4a-2c09-4006-bd5b-08bf12ece5e4,1790279484659,1790279621543,2026-09-24,Thursday,22,night,Instagram,STANDARD,2.28,2,0,0.88,1,2,0,0,Reading,137,False,7.95,48,45,68,32,49,2026-09-24 19:51:24.659,0
46b5fe4a-2c09-4006-bd5b-08bf12ece5e4,1790278804601,1790279007621,2026-09-24,Thursday,22,night,Instagram,STANDARD,3.38,3,2,0.89,1,3,0,0,Reading,137,False,2.64,48,45,68,32,49,2026-09-24 19:40:04.601,0
46b5fe4a-2c09-4006-bd5b-08bf12ece5e4,1790278538451,1790278646464,2026-09-24,Thursday,22,night,Instagram,STANDARD,1.8,0,0,0.0,1,2,0,0,Reading,137,False,0.0,48,45,68,32,49,2026-09-24 19:35:38.451,0
46b5fe4a-2c09-4006-bd5b-08bf12ece5e4,1790278219366,1790278538406,2026-09-24,Thursday,22,night,Instagram,STANDARD,5.32,22,6,4.14,1,22,0,0,Reading,137,False,2.27,48,45,68,32,49,2026-09-24 19:30:19.366,0
46b5fe4a-2c09-4006-bd5b-08bf12ece5e4,1790277962199,1790278083028,2026-09-24,Thursday,22,night,Instagram,STANDARD,2.01,6,0,2.98,1,6,0,0,Reading,137,False,7.32,48,45,68,32,49,2026-09-24 19:26:02.199,0
46b5fe4a-2c09-4006-bd5b-08bf12ece5e4,1790277534137,1790277630522,2026-09-24,Thursday,22,night,YouTube,STANDARD,1.61,0,1,0.0,0,0,0,0,,49,False,601.12,48,45,68,32,49,2026-09-24 19:18:54.137,0
46b5fe4a-2c09-4006-bd5b-08bf12ece5e4,1790277181561,1790277522730,2026-09-24,Thursday,22,night,Instagram,STANDARD,5.69,25,4,4.4,1,25,0,0,Reading,137,False,11.46,48,45,68,32,49,2026-09-24 19:13:01.561,0
46b5fe4a-2c09-4006-bd5b-08bf12ece5e4,1790276438696,1790276493783,2026-09-24,Thursday,22,night,Instagram,STORIES,0.92,0,1,0.0,0,0,0,0,,137,False,41.9,48,45,68,32,49,2026-09-24 19:00:38.696,0
46b5fe4a-2c09-4006-bd5b-08bf12ece5e4,1790273541401,1790273924627,2026-09-24,Thursday,21,evening,Instagram,STORIES,6.39,0,2,0.0,0,0,0,0,,137,False,40.48,48,45,68,32,49,2026-09-24 18:12:21.401,0
46b5fe4a-2c09-4006-bd5b-08bf12ece5e4,1790270886672,1790271112367,2026-09-24,Thursday,20,evening,Instagram,STORIES,3.76,0,2,0.0,0,0,0,0,,137,False,327.86,48,45,68,32,49,2026-09-24 17:28:06.672,0
46b5fe4a-2c09-4006-bd5b-08bf12ece5e4,1790251104091,1790251215336,2026-09-24,Thursday,14,afternoon,Instagram,STANDARD,1.85,2,0,1.08,1,2,0,0,Reading,135,False,9.1,48,45,68,32,49,2026-09-24 11:58:24.091,1
46b5fe4a-2c09-4006-bd5b-08bf12ece5e4,1790250499263,1790250558133,2026-09-24,Thursday,14,afternoon,Instagram,STANDARD,0.98,1,1,1.02,1,1,0,0,Reading,135,False,911.76,48,45,68,32,49,2026-09-24 11:48:19.263,1
46b5fe4a-2c09-4006-bd5b-08bf12ece5e4,1790238976522,1790241466887,2026-09-24,Thursday,11,morning,YouTube,LONG_FORM,41.51,0,9,0.0,0,0,0,0,,46,True,1.04,48,45,68,32,49,2026-09-24 08:36:16.522,1
46b5fe4a-2c09-4006-bd5b-08bf12ece5e4,1790238603896,1790238913952,2026-09-24,Thursday,11,morning,YouTube,STANDARD,5.17,0,5,0.0,0,0,0,0,,45,False,5434.11,48,45,68,32,49,2026-09-24 08:30:03.896,1
46b5fe4a-2c09-4006-bd5b-08bf12ece5e4,1790195740133,1790195793801,2026-09-23,Wednesday,23,night,Instagram,STORIES,0.89,1,2,1.12,1,1,0,0,Reading,131,False,45.62,57,74,77,40,27,2026-09-23 20:35:40.133,0
46b5fe4a-2c09-4006-bd5b-08bf12ece5e4,1790192894143,1790193003119,2026-09-23,Wednesday,22,night,Instagram,REELS,1.82,19,1,10.46,1,19,0,0,Reading,131,False,224.39,57,74,77,40,27,2026-09-23 19:48:14.143,0
46b5fe4a-2c09-4006-bd5b-08bf12ece5e4,1790179361373,1790179430721,2026-09-23,Wednesday,19,evening,Instagram,STANDARD,1.16,4,1,3.46,1,4,0,0,Reading,126,False,6.66,57,74,77,40,27,2026-09-23 16:02:41.373,1
46b5fe4a-2c09-4006-bd5b-08bf12ece5e4,1790178843848,1790178961966,2026-09-23,Wednesday,18,evening,Instagram,STANDARD,1.97,1,0,0.51,1,1,0,0,Reading,126,False,5.7,57,74,77,40,27,2026-09-23 15:54:03.848,1
46b5fe4a-2c09-4006-bd5b-08bf12ece5e4,1790178467932,1790178501876,2026-09-23,Wednesday,18,evening,Instagram,STANDARD,0.57,0,0,0.0,0,0,0,0,,126,False,3.26,57,74,77,40,27,2026-09-23 15:47:47.932,1
46b5fe4a-2c09-4006-bd5b-08bf12ece5e4,1790178105400,1790178272240,2026-09-23,Wednesday,18,evening,Instagram,STORIES,2.78,0,6,0.0,0,0,0,0,,126,True,3.03,57,74,77,40,27,2026-09-23 15:41:45.400,1
46b5fe4a-2c09-4006-bd5b-08bf12ece5e4,1790177790654,1790177923786,2026-09-23,Wednesday,18,evening,Instagram,STORIES,2.22,0,6,0.0,0,0,0,0,,122,False,0.16,57,74,77,40,27,2026-09-23 15:36:30.654,1
46b5fe4a-2c09-4006-bd5b-08bf12ece5e4,1790177694237,1790177781097,2026-09-23,Wednesday,18,evening,Instagram,STORIES,1.45,0,4,0.0,0,0,0,0,,122,False,2.63,57,74,77,40,27,2026-09-23 15:34:54.237,1
46b5fe4a-2c09-4006-bd5b-08bf12ece5e4,1790177375725,1790177536236,2026-09-23,Wednesday,18,evening,Instagram,STORIES,2.68,1,7,0.37,1,1,0,0,Reading,122,False,15.96,57,74,77,40,27,2026-09-23 15:29:35.725,1
46b5fe4a-2c09-4006-bd5b-08bf12ece5e4,1790175629399,1790176418274,2026-09-23,Wednesday,18,evening,Instagram,STANDARD,13.15,51,6,3.88,1,51,0,0,Reading,122,False,20.72,57,74,77,40,27,2026-09-23 15:00:29.399,1
46b5fe4a-2c09-4006-bd5b-08bf12ece5e4,1790174135255,1790174385971,2026-09-23,Wednesday,17,evening,Instagram,STANDARD,4.18,27,2,6.46,1,27,0,0,Reading,122,False,0.39,57,74,77,40,27,2026-09-23 14:35:35.255,1
46b5fe4a-2c09-4006-bd5b-08bf12ece5e4,1790173511448,1790174112017,2026-09-23,Wednesday,17,evening,Instagram,STANDARD,10.01,47,10,4.7,1,47,0,0,Reading,122,False,39.81,57,74,77,40,27,2026-09-23 14:25:11.448,1
46b5fe4a-2c09-4006-bd5b-08bf12ece5e4,1790170956481,1790171123130,2026-09-23,Wednesday,16,afternoon,Instagram,STANDARD,2.78,13,0,4.68,1,13,0,0,Reading,122,False,3.39,57,74,77,40,27,2026-09-23 13:42:36.481,1
46b5fe4a-2c09-4006-bd5b-08bf12ece5e4,1790170329780,1790170753372,2026-09-23,Wednesday,16,afternoon,Instagram,STANDARD,7.06,15,4,2.12,1,15,0,0,Reading,122,False,22.65,57,74,77,40,27,2026-09-23 13:32:09.780,1
46b5fe4a-2c09-4006-bd5b-08bf12ece5e4,1790168859455,1790168970532,2026-09-23,Wednesday,16,afternoon,Instagram,STANDARD,1.85,1,1,0.54,1,1,0,0,Reading,122,False,6.15,57,74,77,40,27,2026-09-23 13:07:39.455,0
46b5fe4a-2c09-4006-bd5b-08bf12ece5e4,1790168076157,1790168490380,2026-09-23,Wednesday,15,afternoon,Instagram,STANDARD,6.9,15,1,2.17,1,15,0,0,Reading,122,False,1.04,57,74,77,40,27,2026-09-23 12:54:36.157,0
46b5fe4a-2c09-4006-bd5b-08bf12ece5e4,1790167115685,1790168013845,2026-09-23,Wednesday,15,afternoon,Instagram,STANDARD,14.97,37,13,2.47,1,39,0,0,Reading,122,False,0.18,57,74,77,40,27,2026-09-23 12:38:35.685,0
46b5fe4a-2c09-4006-bd5b-08bf12ece5e4,1790167008475,1790167104687,2026-09-23,Wednesday,15,afternoon,Instagram,STANDARD,1.6,5,2,3.12,1,5,0,0,Reading,122,False,22.46,57,74,77,40,27,2026-09-23 12:36:48.475,0
46b5fe4a-2c09-4006-bd5b-08bf12ece5e4,1790165576141,1790165661116,2026-09-23,Wednesday,15,afternoon,Instagram,STANDARD,1.42,6,1,4.24,1,6,0,0,Reading,122,False,0.91,57,74,77,40,27,2026-09-23 12:12:56.141,1
46b5fe4a-2c09-4006-bd5b-08bf12ece5e4,1790165387231,1790165521540,2026-09-23,Wednesday,15,afternoon,Instagram,REELS,2.24,26,0,11.62,1,26,0,0,Reading,122,False,0.45,57,74,77,40,27,2026-09-23 12:09:47.231,1
46b5fe4a-2c09-4006-bd5b-08bf12ece5e4,1790164995929,1790165360355,2026-09-23,Wednesday,15,afternoon,Instagram,STANDARD,6.07,22,4,3.62,1,22,0,0,Reading,122,False,2.09,57,74,77,40,27,2026-09-23 12:03:15.929,1
46b5fe4a-2c09-4006-bd5b-08bf12ece5e4,1790164424449,1790164870300,2026-09-23,Wednesday,14,afternoon,Instagram,STANDARD,7.43,25,7,3.36,1,25,0,0,Reading,122,False,1.84,57,74,77,40,27,2026-09-23 11:53:44.449,1
46b5fe4a-2c09-4006-bd5b-08bf12ece5e4,1790163487770,1790164314151,2026-09-23,Wednesday,14,afternoon,Instagram,LONG_FORM,13.77,4,1,0.29,1,4,0,0,Reading,122,False,0.6,57,74,77,40,27,2026-09-23 11:38:07.770,1
46b5fe4a-2c09-4006-bd5b-08bf12ece5e4,1790163229211,1790163451726,2026-09-23,Wednesday,14,afternoon,Instagram,STANDARD,3.71,5,1,1.35,1,5,0,0,Reading,122,False,8.26,57,74,77,40,27,2026-09-23 11:33:49.211,1
46b5fe4a-2c09-4006-bd5b-08bf12ece5e4,1790161771246,1790162733319,2026-09-23,Wednesday,14,afternoon,Instagram,STANDARD,16.03,57,12,3.55,1,57,0,0,Reading,122,False,1.24,57,74,77,40,27,2026-09-23 11:09:31.246,0
46b5fe4a-2c09-4006-bd5b-08bf12ece5e4,1790159935593,1790161696642,2026-09-23,Wednesday,13,afternoon,Instagram,LONG_FORM,29.35,4,0,0.14,1,4,0,0,Reading,122,False,2.17,57,74,77,40,27,2026-09-23 10:38:55.593,0
46b5fe4a-2c09-4006-bd5b-08bf12ece5e4,1790159581502,1790159805295,2026-09-23,Wednesday,13,afternoon,Instagram,STANDARD,3.73,3,1,0.8,1,3,0,0,Reading,122,False,1.93,57,74,77,40,27,2026-09-23 10:33:01.502,0
46b5fe4a-2c09-4006-bd5b-08bf12ece5e4,1790159369028,1790159465685,2026-09-23,Wednesday,13,afternoon,Instagram,STANDARD,1.61,0,0,0.0,0,0,0,0,,122,False,0.11,57,74,77,40,27,2026-09-23 10:29:29.028,0
46b5fe4a-2c09-4006-bd5b-08bf12ece5e4,1790159256100,1790159362430,2026-09-23,Wednesday,13,afternoon,Instagram,STORIES,1.77,1,4,0.56,1,1,0,0,Reading,122,False,139.72,57,74,77,40,27,2026-09-23 10:27:36.100,0
46b5fe4a-2c09-4006-bd5b-08bf12ece5e4,1790150797078,1790150873120,2026-09-23,Wednesday,11,morning,Instagram,STANDARD,1.27,3,3,2.37,1,1,0,0,Reading,122,False,2.21,57,74,77,40,27,2026-09-23 08:06:37.078,0
46b5fe4a-2c09-4006-bd5b-08bf12ece5e4,1790150370078,1790150664285,2026-09-23,Wednesday,10,morning,Instagram,STORIES,4.9,4,22,0.82,1,4,0,0,Reading,122,False,0.26,57,74,77,40,27,2026-09-23 07:59:30.078,0
46b5fe4a-2c09-4006-bd5b-08bf12ece5e4,1790150215948,1790150354682,2026-09-23,Wednesday,10,morning,Instagram,STORIES,2.31,5,7,2.16,1,5,0,0,Reading,122,False,0.92,57,74,77,40,27,2026-09-23 07:56:55.948,0
46b5fe4a-2c09-4006-bd5b-08bf12ece5e4,1790149859771,1790150160486,2026-09-23,Wednesday,10,morning,Instagram,STANDARD,5.01,14,1,2.79,1,13,0,0,Reading,122,False,35.12,57,74,77,40,27,2026-09-23 07:50:59.771,0
46b5fe4a-2c09-4006-bd5b-08bf12ece5e4,1790144809222,1790147752299,2026-09-23,Wednesday,9,morning,Instagram,STANDARD,49.05,156,18,3.18,1,156,0,0,Reading,122,False,2.86,57,74,77,40,27,2026-09-23 06:26:49.222,0
46b5fe4a-2c09-4006-bd5b-08bf12ece5e4,1790143008709,1790144637651,2026-09-23,Wednesday,8,morning,Instagram,LONG_FORM,27.15,0,7,0.0,0,0,0,0,,122,False,0.05,57,74,77,40,27,2026-09-23 05:56:48.709,0
46b5fe4a-2c09-4006-bd5b-08bf12ece5e4,1790142920888,1790143005996,2026-09-23,Wednesday,8,morning,Instagram,STANDARD,1.42,1,1,0.7,1,1,0,0,Reading,122,False,430.16,57,74,77,40,27,2026-09-23 05:55:20.888,0
46b5fe4a-2c09-4006-bd5b-08bf12ece5e4,1790113121757,1790117111127,2026-09-23,Wednesday,0,night,Instagram,STANDARD,66.49,275,23,4.14,1,271,0,0,Reading,121,False,4.19,57,74,77,40,27,2026-09-22 21:38:41.757,0
46b5fe4a-2c09-4006-bd5b-08bf12ece5e4,1790111485500,1790112870244,2026-09-23,Wednesday,0,night,Instagram,STANDARD,23.08,97,7,4.2,1,97,0,0,Reading,121,False,1.61,57,74,77,40,27,2026-09-22 21:11:25.500,0
46b5fe4a-2c09-4006-bd5b-08bf12ece5e4,1790110867719,1790111389099,2026-09-23,Wednesday,0,night,Instagram,STANDARD,8.69,64,9,7.37,1,64,0,0,Reading,121,False,2.2,57,74,77,40,27,2026-09-22 21:01:07.719,0
46b5fe4a-2c09-4006-bd5b-08bf12ece5e4,1790110393628,1790110735636,2026-09-22,Tuesday,23,night,Instagram,STANDARD,5.7,29,14,5.09,1,29,0,0,Reading,121,False,0.35,57,46,72,69,41,2026-09-22 20:53:13.628,0
46b5fe4a-2c09-4006-bd5b-08bf12ece5e4,1790110168604,1790110372380,2026-09-22,Tuesday,23,night,Instagram,STORIES,3.4,4,6,1.18,1,4,0,0,Reading,121,False,0.1,57,46,72,69,41,2026-09-22 20:49:28.604,0
46b5fe4a-2c09-4006-bd5b-08bf12ece5e4,1790109859084,1790110162427,2026-09-22,Tuesday,23,night,Instagram,STANDARD,5.06,29,3,5.74,1,29,0,0,Reading,121,False,0.66,57,46,72,69,41,2026-09-22 20:44:19.084,0
46b5fe4a-2c09-4006-bd5b-08bf12ece5e4,1790109551510,1790109819383,2026-09-22,Tuesday,23,night,Instagram,STANDARD,4.46,17,7,3.81,1,16,0,0,Reading,121,False,41.17,57,46,72,69,41,2026-09-22 20:39:11.510,0
46b5fe4a-2c09-4006-bd5b-08bf12ece5e4,1790106664606,1790107081451,2026-09-22,Tuesday,22,night,Instagram,STANDARD,6.95,67,8,9.64,1,62,0,0,Reading,121,False,3.71,57,46,72,69,41,2026-09-22 19:51:04.606,0
46b5fe4a-2c09-4006-bd5b-08bf12ece5e4,1790106315070,1790106441948,2026-09-22,Tuesday,22,night,Instagram,STANDARD,2.11,15,1,7.09,1,14,0,0,Reading,121,False,14.86,57,46,72,69,41,2026-09-22 19:45:15.070,0
46b5fe4a-2c09-4006-bd5b-08bf12ece5e4,1790105384984,1790105423347,2026-09-22,Tuesday,22,night,Instagram,STANDARD,0.64,5,1,7.82,1,4,0,0,Reading,121,False,1.69,57,46,72,69,41,2026-09-22 19:29:44.984,0
46b5fe4a-2c09-4006-bd5b-08bf12ece5e4,1790105210594,1790105283484,2026-09-22,Tuesday,22,night,Instagram,STANDARD,1.21,9,3,7.41,1,9,0,0,Reading,121,False,2.93,57,46,72,69,41,2026-09-22 19:26:50.594,0
46b5fe4a-2c09-4006-bd5b-08bf12ece5e4,1790104958488,1790105034837,2026-09-22,Tuesday,22,night,Instagram,REELS,1.27,24,0,18.86,1,24,0,0,Reading,121,True,1.36,57,46,72,69,41,2026-09-22 19:22:38.488,0
46b5fe4a-2c09-4006-bd5b-08bf12ece5e4,1790104786594,1790104877023,2026-09-22,Tuesday,22,night,Instagram,STANDARD,1.51,15,1,9.95,1,15,0,0,Reading,121,True,14.03,57,46,72,69,41,2026-09-22 19:19:46.594,0
46b5fe4a-2c09-4006-bd5b-08bf12ece5e4,1790103819360,1790103944743,2026-09-22,Tuesday,22,night,Instagram,STORIES,2.09,1,6,0.48,1,1,0,0,Reading,117,False,3.11,57,46,72,69,41,2026-09-22 19:03:39.360,0
46b5fe4a-2c09-4006-bd5b-08bf12ece5e4,1790103595015,1790103632633,2026-09-22,Tuesday,21,evening,Instagram,STANDARD,0.63,4,1,6.38,1,4,0,0,Reading,117,False,1.64,57,46,72,69,41,2026-09-22 18:59:55.015,0
46b5fe4a-2c09-4006-bd5b-08bf12ece5e4,1790103464802,1790103496354,2026-09-22,Tuesday,21,evening,Instagram,STANDARD,0.53,4,1,7.61,1,4,0,0,Reading,117,False,1.7,57,46,72,69,41,2026-09-22 18:57:44.802,0
46b5fe4a-2c09-4006-bd5b-08bf12ece5e4,1790103309028,1790103362874,2026-09-22,Tuesday,21,evening,Instagram,STANDARD,0.9,1,1,1.11,1,1,0,0,Reading,117,False,1.71,57,46,72,69,41,2026-09-22 18:55:09.028,0
46b5fe4a-2c09-4006-bd5b-08bf12ece5e4,1790103098074,1790103206433,2026-09-22,Tuesday,21,evening,Instagram,STANDARD,1.81,13,0,7.2,1,13,0,0,Reading,117,False,1.88,57,46,72,69,41,2026-09-22 18:51:38.074,0
46b5fe4a-2c09-4006-bd5b-08bf12ece5e4,1790102773858,1790102985133,2026-09-22,Tuesday,21,evening,Instagram,STANDARD,3.52,28,2,7.95,1,28,0,0,Reading,117,False,0.47,57,46,72,69,41,2026-09-22 18:46:13.858,0
46b5fe4a-2c09-4006-bd5b-08bf12ece5e4,1790102662949,1790102745396,2026-09-22,Tuesday,21,evening,Instagram,STANDARD,1.37,6,1,4.37,1,6,0,0,Reading,117,False,0.66,57,46,72,69,41,2026-09-22 18:44:22.949,0
46b5fe4a-2c09-4006-bd5b-08bf12ece5e4,1790101479903,1790102623506,2026-09-22,Tuesday,21,evening,Instagram,STANDARD,19.06,53,9,2.78,1,53,0,0,Reading,117,False,2.61,57,46,72,69,41,2026-09-22 18:24:39.903,0
46b5fe4a-2c09-4006-bd5b-08bf12ece5e4,1790101288117,1790101323376,2026-09-22,Tuesday,21,evening,Instagram,STANDARD,0.59,1,1,1.7,0,0,0,0,,117,True,33.82,57,46,72,69,41,2026-09-22 18:21:28.117,0
46b5fe4a-2c09-4006-bd5b-08bf12ece5e4,1790099190987,1790099258728,2026-09-22,Tuesday,20,evening,Instagram,STANDARD,1.13,10,2,8.86,1,9,0,0,Reading,116,False,6.35,57,46,72,69,41,2026-09-22 17:46:30.987,0
46b5fe4a-2c09-4006-bd5b-08bf12ece5e4,1790098335774,1790098809896,2026-09-22,Tuesday,20,evening,Instagram,STANDARD,7.9,50,8,6.33,1,48,0,0,Reading,116,False,0.05,57,46,72,69,41,2026-09-22 17:32:15.774,0
46b5fe4a-2c09-4006-bd5b-08bf12ece5e4,1790096378386,1790098332605,2026-09-22,Tuesday,19,evening,Instagram,STANDARD,32.57,156,56,4.79,1,156,0,0,Reading,116,False,1241.68,57,46,72,69,41,2026-09-22 16:59:38.386,0
46b5fe4a-2c09-4006-bd5b-08bf12ece5e4,1790019400074,1790021877422,2026-09-21,Monday,22,night,Instagram,STANDARD,41.29,99,11,2.4,1,99,0,0,Reading,116,False,2.7,53,73,58,32,42,2026-09-21 19:36:40.074,0
46b5fe4a-2c09-4006-bd5b-08bf12ece5e4,1790019130106,1790019238197,2026-09-21,Monday,22,night,Instagram,STANDARD,1.8,1,0,0.56,0,0,0,0,,116,False,4.5,53,73,58,32,42,2026-09-21 19:32:10.106,0
46b5fe4a-2c09-4006-bd5b-08bf12ece5e4,1790015952744,1790018859855,2026-09-21,Monday,21,evening,Instagram,STANDARD,48.45,182,46,3.76,1,146,0,0,Reading,116,False,0.62,53,73,58,32,42,2026-09-21 18:39:12.744,0
46b5fe4a-2c09-4006-bd5b-08bf12ece5e4,1790015876452,1790015915823,2026-09-21,Monday,21,evening,Instagram,STANDARD,0.66,0,0,0.0,0,0,0,0,,116,False,0.29,53,73,58,32,42,2026-09-21 18:37:56.452,0
46b5fe4a-2c09-4006-bd5b-08bf12ece5e4,1790015758494,1790015859094,2026-09-21,Monday,21,evening,Instagram,STANDARD,1.68,7,1,4.17,1,7,0,0,Reading,116,False,0.65,53,73,58,32,42,2026-09-21 18:35:58.494,0
46b5fe4a-2c09-4006-bd5b-08bf12ece5e4,1790015367314,1790015719297,2026-09-21,Monday,21,evening,Instagram,STANDARD,5.87,11,1,1.88,1,10,0,0,Reading,116,False,0.17,53,73,58,32,42,2026-09-21 18:29:27.314,0
46b5fe4a-2c09-4006-bd5b-08bf12ece5e4,1790014273008,1790015357261,2026-09-21,Monday,21,evening,Instagram,STANDARD,18.07,58,6,3.21,1,52,0,0,Reading,116,False,0.51,53,73,58,32,42,2026-09-21 18:11:13.008,0
46b5fe4a-2c09-4006-bd5b-08bf12ece5e4,1790012320622,1790014242267,2026-09-21,Monday,20,evening,Instagram,STANDARD,32.03,81,6,2.53,1,74,0,0,Reading,116,False,15.23,53,73,58,32,42,2026-09-21 17:38:40.622,0
46b5fe4a-2c09-4006-bd5b-08bf12ece5e4,1790009594358,1790011406566,2026-09-21,Monday,19,evening,Instagram,STANDARD,30.2,111,11,3.68,1,101,0,0,Reading,116,False,23.62,53,73,58,32,42,2026-09-21 16:53:14.358,1
46b5fe4a-2c09-4006-bd5b-08bf12ece5e4,1790007476546,1790008177359,2026-09-21,Monday,19,evening,Instagram,STANDARD,11.68,63,3,5.39,1,63,0,0,Reading,115,False,0.1,53,73,58,32,42,2026-09-21 16:17:56.546,1
46b5fe4a-2c09-4006-bd5b-08bf12ece5e4,1790005413308,1790007470641,2026-09-21,Monday,18,evening,Instagram,STANDARD,34.29,130,14,3.79,1,130,0,0,Reading,115,False,116.91,53,73,58,32,42,2026-09-21 15:43:33.308,1
46b5fe4a-2c09-4006-bd5b-08bf12ece5e4,1789998284576,1789998398522,2026-09-21,Monday,16,afternoon,Instagram,STANDARD,1.9,1,0,0.53,1,1,0,0,Reading,115,False,389.76,53,73,58,32,42,2026-09-21 13:44:44.576,1
46b5fe4a-2c09-4006-bd5b-08bf12ece5e4,1789974791631,1789974898696,2026-09-21,Monday,10,morning,Instagram,STANDARD,1.78,0,0,0.0,0,0,0,0,,114,False,639.08,53,73,58,32,42,2026-09-21 07:13:11.631,0
46b5fe4a-2c09-4006-bd5b-08bf12ece5e4,1789933652556,1789936446974,2026-09-20,Sunday,22,night,Instagram,STANDARD,46.57,288,27,6.18,1,277,0,0,Reading,113,False,18.23,53,62,71,54,18,2026-09-20 19:47:32.556,0
46b5fe4a-2c09-4006-bd5b-08bf12ece5e4,1789932459575,1789932558998,2026-09-20,Sunday,22,night,Instagram,STORIES,1.66,1,3,0.6,1,5,0,0,Reading,113,False,0.04,53,62,71,54,18,2026-09-20 19:27:39.575,0
46b5fe4a-2c09-4006-bd5b-08bf12ece5e4,1789931749911,1789932456995,2026-09-20,Sunday,22,night,Instagram,STANDARD,11.78,66,8,5.6,1,66,0,0,Reading,113,True,3.72,53,62,71,54,18,2026-09-20 19:15:49.911,0
46b5fe4a-2c09-4006-bd5b-08bf12ece5e4,1789930634340,1789931526689,2026-09-20,Sunday,21,evening,Instagram,STANDARD,14.87,83,21,5.58,1,83,0,0,Reading,112,False,32.65,53,62,71,54,18,2026-09-20 18:57:14.340,0
46b5fe4a-2c09-4006-bd5b-08bf12ece5e4,1789928492898,1789928675461,2026-09-20,Sunday,21,evening,Instagram,STANDARD,3.04,12,2,3.94,1,12,0,0,Reading,112,False,16.56,53,62,71,54,18,2026-09-20 18:21:32.898,0
46b5fe4a-2c09-4006-bd5b-08bf12ece5e4,1789927450029,1789927499212,2026-09-20,Sunday,21,evening,Instagram,STORIES,0.82,0,2,0.0,0,0,0,0,,112,False,2.11,53,62,71,54,18,2026-09-20 18:04:10.029,0
46b5fe4a-2c09-4006-bd5b-08bf12ece5e4,1789926881939,1789927323639,2026-09-20,Sunday,20,evening,Instagram,STORIES,7.36,1,5,0.14,1,1,0,0,Reading,112,False,118.03,53,62,71,54,18,2026-09-20 17:54:41.939,0
46b5fe4a-2c09-4006-bd5b-08bf12ece5e4,1789919646275,1789919799881,2026-09-20,Sunday,18,evening,Instagram,STANDARD,2.56,11,1,4.3,1,11,0,0,Reading,112,False,1.19,53,62,71,54,18,2026-09-20 15:54:06.275,0
46b5fe4a-2c09-4006-bd5b-08bf12ece5e4,1789919188197,1789919574678,2026-09-20,Sunday,18,evening,Instagram,STANDARD,6.44,7,5,1.09,1,7,0,0,Reading,112,False,1.55,53,62,71,54,18,2026-09-20 15:46:28.197,0
46b5fe4a-2c09-4006-bd5b-08bf12ece5e4,1789917307096,1789919095182,2026-09-20,Sunday,18,evening,Instagram,STANDARD,29.8,58,22,1.95,1,58,0,0,Reading,112,False,6.09,53,62,71,54,18,2026-09-20 15:15:07.096,0
46b5fe4a-2c09-4006-bd5b-08bf12ece5e4,1789916382154,1789916941552,2026-09-20,Sunday,17,evening,Instagram,STANDARD,9.32,36,11,3.86,1,36,0,0,Reading,112,False,25.69,53,62,71,54,18,2026-09-20 14:59:42.154,0
46b5fe4a-2c09-4006-bd5b-08bf12ece5e4,1789914712284,1789914840625,2026-09-20,Sunday,17,evening,Instagram,STANDARD,2.14,5,3,2.34,1,5,0,0,Reading,112,False,0.43,53,62,71,54,18,2026-09-20 14:31:52.284,0
46b5fe4a-2c09-4006-bd5b-08bf12ece5e4,1789914327506,1789914686622,2026-09-20,Sunday,17,evening,Instagram,STANDARD,5.99,10,8,1.67,1,12,0,0,Reading,112,False,0.14,53,62,71,54,18,2026-09-20 14:25:27.506,0
46b5fe4a-2c09-4006-bd5b-08bf12ece5e4,1789914161559,1789914318995,2026-09-20,Sunday,17,evening,Instagram,STANDARD,2.62,16,5,6.1,1,16,0,0,Reading,112,False,30.42,53,62,71,54,18,2026-09-20 14:22:41.559,0
46b5fe4a-2c09-4006-bd5b-08bf12ece5e4,1789912472619,1789912557564,2026-09-20,Sunday,16,afternoon,YouTube,STANDARD,1.42,0,3,0.0,0,0,0,0,,25,False,2596.93,53,62,71,54,18,2026-09-20 13:54:32.619,0
46b5fe4a-2c09-4006-bd5b-08bf12ece5e4,1789912180491,1789912336528,2026-09-20,Sunday,16,afternoon,Instagram,STANDARD,2.6,1,1,0.38,1,1,0,0,Reading,112,False,61.97,53,62,71,54,18,2026-09-20 13:49:40.491,0
46b5fe4a-2c09-4006-bd5b-08bf12ece5e4,1789908431912,1789908462091,2026-09-20,Sunday,15,afternoon,Instagram,STANDARD,0.5,4,0,7.95,1,4,0,0,Reading,112,False,0.16,53,62,71,54,18,2026-09-20 12:47:11.912,0
46b5fe4a-2c09-4006-bd5b-08bf12ece5e4,1789907574954,1789908422494,2026-09-20,Sunday,15,afternoon,Instagram,STANDARD,14.13,35,14,2.48,1,35,0,0,Reading,112,False,93.84,53,62,71,54,18,2026-09-20 12:32:54.954,0
46b5fe4a-2c09-4006-bd5b-08bf12ece5e4,1789901913863,1789901944522,2026-09-20,Sunday,13,afternoon,Instagram,REELS,0.51,9,3,17.61,1,9,0,0,Reading,105,False,0.43,53,62,71,54,18,2026-09-20 10:58:33.863,0
46b5fe4a-2c09-4006-bd5b-08bf12ece5e4,1789901813737,1789901888249,2026-09-20,Sunday,13,afternoon,Instagram,STORIES,1.24,1,4,0.81,1,1,0,0,Reading,105,False,1.42,53,62,71,54,18,2026-09-20 10:56:53.737,0
46b5fe4a-2c09-4006-bd5b-08bf12ece5e4,1789901660683,1789901728529,2026-09-20,Sunday,13,afternoon,Instagram,STANDARD,1.13,7,2,6.19,1,7,0,0,Reading,105,False,1.56,53,62,71,54,18,2026-09-20 10:54:20.683,0
46b5fe4a-2c09-4006-bd5b-08bf12ece5e4,1789901493479,1789901567373,2026-09-20,Sunday,13,afternoon,Instagram,STORIES,1.23,4,5,3.25,1,4,0,0,Reading,105,False,2.37,53,62,71,54,18,2026-09-20 10:51:33.479,0
46b5fe4a-2c09-4006-bd5b-08bf12ece5e4,1789901319290,1789901351476,2026-09-20,Sunday,13,afternoon,Instagram,REELS,0.54,7,2,13.05,1,8,0,0,Reading,105,False,0.0,53,62,71,54,18,2026-09-20 10:48:39.290,0
46b5fe4a-2c09-4006-bd5b-08bf12ece5e4,1789901254886,1789901319267,2026-09-20,Sunday,13,afternoon,Instagram,STANDARD,1.07,6,2,5.59,1,7,0,0,Reading,105,False,0.05,53,62,71,54,18,2026-09-20 10:47:34.886,0
46b5fe4a-2c09-4006-bd5b-08bf12ece5e4,1789901182226,1789901251952,2026-09-20,Sunday,13,afternoon,Instagram,STANDARD,1.16,10,4,8.61,1,10,0,0,Reading,105,False,0.94,53,62,71,54,18,2026-09-20 10:46:22.226,0
46b5fe4a-2c09-4006-bd5b-08bf12ece5e4,1789901074815,1789901125873,2026-09-20,Sunday,13,afternoon,Instagram,STANDARD,0.85,5,5,5.88,1,5,0,0,Reading,105,False,0.4,53,62,71,54,18,2026-09-20 10:44:34.815,0
46b5fe4a-2c09-4006-bd5b-08bf12ece5e4,1789899774031,1789901050985,2026-09-20,Sunday,13,afternoon,Instagram,STORIES,21.28,11,13,0.52,1,11,0,0,Reading,105,False,859.87,53,62,71,54,18,2026-09-20 10:22:54.031,0
46b5fe4a-2c09-4006-bd5b-08bf12ece5e4,1789847936370,1789848182036,2026-09-19,Saturday,22,night,Instagram,STANDARD,4.09,0,0,0.0,0,0,0,0,,105,False,0.04,58,56,79,53,41,2026-09-19 19:58:56.370,0
46b5fe4a-2c09-4006-bd5b-08bf12ece5e4,1789847850684,1789847933713,2026-09-19,Saturday,22,night,Instagram,STANDARD,1.38,0,0,0.0,0,0,0,0,,105,False,7.41,58,56,79,53,41,2026-09-19 19:57:30.684,0
46b5fe4a-2c09-4006-bd5b-08bf12ece5e4,1789847366465,1789847405960,2026-09-19,Saturday,22,night,Instagram,STORIES,0.66,0,2,0.0,0,0,0,0,,105,False,0.78,58,56,79,53,41,2026-09-19 19:49:26.465,0
46b5fe4a-2c09-4006-bd5b-08bf12ece5e4,1789847276456,1789847319427,2026-09-19,Saturday,22,night,Instagram,STORIES,0.72,0,2,0.0,0,0,0,0,,105,True,9.16,58,56,79,53,41,2026-09-19 19:47:56.456,0
46b5fe4a-2c09-4006-bd5b-08bf12ece5e4,1789846609264,1789846726889,2026-09-19,Saturday,22,night,Instagram,STANDARD,1.96,0,0,0.0,0,0,0,0,,104,False,0.0,58,56,79,53,41,2026-09-19 19:36:49.264,0
46b5fe4a-2c09-4006-bd5b-08bf12ece5e4,1789846504670,1789846609249,2026-09-19,Saturday,22,night,Instagram,STORIES,1.74,0,9,0.0,0,0,0,0,,104,False,4.04,58,56,79,53,41,2026-09-19 19:35:04.670,0
46b5fe4a-2c09-4006-bd5b-08bf12ece5e4,1789846221774,1789846262365,2026-09-19,Saturday,22,night,Instagram,STANDARD,0.68,1,0,1.48,1,1,0,0,Reading,103,False,2.49,58,56,79,53,41,2026-09-19 19:30:21.774,0
46b5fe4a-2c09-4006-bd5b-08bf12ece5e4,1789846038108,1789846072647,2026-09-19,Saturday,22,night,Instagram,STANDARD,0.58,1,0,1.74,1,1,0,0,Reading,102,False,0.98,58,56,79,53,41,2026-09-19 19:27:18.108,0
46b5fe4a-2c09-4006-bd5b-08bf12ece5e4,1789845940385,1789845979263,2026-09-19,Saturday,22,night,Instagram,STANDARD,0.65,0,0,0.0,0,0,0,0,,102,False,0.0,58,56,79,53,41,2026-09-19 19:25:40.385,0
46b5fe4a-2c09-4006-bd5b-08bf12ece5e4,1789845692614,1789845940363,2026-09-19,Saturday,22,night,Instagram,STORIES,4.13,0,7,0.0,0,0,0,0,,102,True,2.16,58,56,79,53,41,2026-09-19 19:21:32.614,0
46b5fe4a-2c09-4006-bd5b-08bf12ece5e4,1789845516257,1789845563243,2026-09-19,Saturday,22,night,Instagram,STORIES,0.78,0,1,0.0,0,0,0,0,,100,True,0.0,58,56,79,53,41,2026-09-19 19:18:36.257,0
46b5fe4a-2c09-4006-bd5b-08bf12ece5e4,1789845286144,1789845516240,2026-09-19,Saturday,22,night,Instagram,STORIES,3.83,0,4,0.0,0,0,0,0,,99,False,0.0,58,56,79,53,41,2026-09-19 19:14:46.144,0
46b5fe4a-2c09-4006-bd5b-08bf12ece5e4,1789845140127,1789845286124,2026-09-19,Saturday,22,night,Instagram,STORIES,2.43,0,3,0.0,0,0,0,0,,99,False,0.0,58,56,79,53,41,2026-09-19 19:12:20.127,0
46b5fe4a-2c09-4006-bd5b-08bf12ece5e4,1789845029924,1789845140114,2026-09-19,Saturday,22,night,Instagram,STORIES,1.84,0,4,0.0,0,0,0,0,,99,False,0.04,58,56,79,53,41,2026-09-19 19:10:29.924,0
46b5fe4a-2c09-4006-bd5b-08bf12ece5e4,1789844964721,1789845027758,2026-09-19,Saturday,22,night,Instagram,STORIES,1.05,1,2,0.95,1,1,0,0,Reading,99,False,169.22,58,56,79,53,41,2026-09-19 19:09:24.721,0
46b5fe4a-2c09-4006-bd5b-08bf12ece5e4,1789834743375,1789834811708,2026-09-19,Saturday,19,evening,Instagram,STANDARD,1.14,1,0,0.88,1,1,0,0,Reading,99,False,42.14,58,56,79,53,41,2026-09-19 16:19:03.375,0
46b5fe4a-2c09-4006-bd5b-08bf12ece5e4,1789832167503,1789832215070,2026-09-19,Saturday,18,evening,Instagram,STANDARD,0.79,0,0,0.0,0,0,0,0,,99,False,1.56,58,56,79,53,41,2026-09-19 15:36:07.503,0
46b5fe4a-2c09-4006-bd5b-08bf12ece5e4,1789832019909,1789832073727,2026-09-19,Saturday,18,evening,Instagram,STANDARD,0.9,1,0,1.11,1,1,0,0,Reading,99,False,58.46,58,56,79,53,41,2026-09-19 15:33:39.909,0
46b5fe4a-2c09-4006-bd5b-08bf12ece5e4,1789828478014,1789828512204,2026-09-19,Saturday,17,evening,Instagram,STANDARD,0.57,0,0,0.0,0,0,0,0,,99,False,2.84,58,56,79,53,41,2026-09-19 14:34:38.014,0
46b5fe4a-2c09-4006-bd5b-08bf12ece5e4,1789828155629,1789828307680,2026-09-19,Saturday,17,evening,Instagram,STANDARD,2.53,0,0,0.0,0,0,0,0,,99,False,2.4,58,56,79,53,41,2026-09-19 14:29:15.629,0
46b5fe4a-2c09-4006-bd5b-08bf12ece5e4,1789827921598,1789828011561,2026-09-19,Saturday,17,evening,Instagram,STANDARD,1.5,1,0,0.67,1,1,0,0,Reading,99,False,64.65,58,56,79,53,41,2026-09-19 14:25:21.598,0
46b5fe4a-2c09-4006-bd5b-08bf12ece5e4,1789823838267,1789824042839,2026-09-19,Saturday,16,afternoon,Instagram,STANDARD,3.41,1,0,0.29,1,1,0,0,Reading,99,False,15.4,58,56,79,53,41,2026-09-19 13:17:18.267,0
46b5fe4a-2c09-4006-bd5b-08bf12ece5e4,1789822842711,1789822914283,2026-09-19,Saturday,16,afternoon,Instagram,STANDARD,1.19,1,0,0.84,1,1,0,0,Reading,99,False,0.84,58,56,79,53,41,2026-09-19 13:00:42.711,0
46b5fe4a-2c09-4006-bd5b-08bf12ece5e4,1789822758455,1789822792509,2026-09-19,Saturday,15,afternoon,Instagram,STORIES,0.57,0,1,0.0,0,0,0,0,,99,False,0.55,58,56,79,53,41,2026-09-19 12:59:18.455,0
46b5fe4a-2c09-4006-bd5b-08bf12ece5e4,1789822562820,1789822725295,2026-09-19,Saturday,15,afternoon,Instagram,STANDARD,2.71,13,0,4.8,1,13,0,0,Reading,99,False,4.51,58,56,79,53,41,2026-09-19 12:56:02.820,0
46b5fe4a-2c09-4006-bd5b-08bf12ece5e4,1789822173150,1789822292041,2026-09-19,Saturday,15,afternoon,Instagram,STANDARD,1.98,10,3,5.05,1,10,0,0,Reading,99,False,4.47,58,56,79,53,41,2026-09-19 12:49:33.150,0
46b5fe4a-2c09-4006-bd5b-08bf12ece5e4,1789821869190,1789821904917,2026-09-19,Saturday,15,afternoon,Instagram,STANDARD,0.6,0,0,0.0,1,1,0,0,Reading,99,False,0.0,58,56,79,53,41,2026-09-19 12:44:29.190,0
46b5fe4a-2c09-4006-bd5b-08bf12ece5e4,1789821693312,1789821869174,2026-09-19,Saturday,15,afternoon,Instagram,STANDARD,2.93,10,1,3.41,1,10,0,0,Reading,99,False,2.91,58,56,79,53,41,2026-09-19 12:41:33.312,0
46b5fe4a-2c09-4006-bd5b-08bf12ece5e4,1789821334037,1789821518777,2026-09-19,Saturday,15,afternoon,Instagram,STANDARD,3.08,22,1,7.15,1,22,0,0,Reading,99,False,9.06,58,56,79,53,41,2026-09-19 12:35:34.037,0
46b5fe4a-2c09-4006-bd5b-08bf12ece5e4,1789820695546,1789820790666,2026-09-19,Saturday,15,afternoon,Instagram,STANDARD,1.59,8,0,5.05,1,8,0,0,Reading,99,False,2.1,58,56,79,53,41,2026-09-19 12:24:55.546,0
46b5fe4a-2c09-4006-bd5b-08bf12ece5e4,1789820240901,1789820569530,2026-09-19,Saturday,15,afternoon,Instagram,STANDARD,5.48,21,1,3.83,1,21,0,0,Reading,99,False,21.42,58,56,79,53,41,2026-09-19 12:17:20.901,0
46b5fe4a-2c09-4006-bd5b-08bf12ece5e4,1789818868241,1789818955839,2026-09-19,Saturday,14,afternoon,Instagram,STANDARD,1.46,6,1,4.11,1,6,0,0,Reading,99,False,6.64,58,56,79,53,41,2026-09-19 11:54:28.241,0
46b5fe4a-2c09-4006-bd5b-08bf12ece5e4,1789818411737,1789818469703,2026-09-19,Saturday,14,afternoon,Instagram,STANDARD,0.97,0,0,0.0,0,0,0,0,,99,False,11.52,58,56,79,53,41,2026-09-19 11:46:51.737,0
46b5fe4a-2c09-4006-bd5b-08bf12ece5e4,1789817565985,1789817720440,2026-09-19,Saturday,14,afternoon,Instagram,STANDARD,2.57,0,0,0.0,0,0,0,0,,99,False,2.26,58,56,79,53,41,2026-09-19 11:32:45.985,0
46b5fe4a-2c09-4006-bd5b-08bf12ece5e4,1789817387203,1789817430529,2026-09-19,Saturday,14,afternoon,Instagram,STANDARD,0.72,0,0,0.0,0,0,0,0,,99,False,102.64,58,56,79,53,41,2026-09-19 11:29:47.203,0
46b5fe4a-2c09-4006-bd5b-08bf12ece5e4,1789811198694,1789811228902,2026-09-19,Saturday,12,afternoon,Instagram,STANDARD,0.5,1,0,1.99,0,0,0,0,,98,False,27.32,58,56,79,53,41,2026-09-19 09:46:38.694,0
46b5fe4a-2c09-4006-bd5b-08bf12ece5e4,1789808925016,1789809559508,2026-09-19,Saturday,12,afternoon,Instagram,STANDARD,10.57,45,4,4.26,1,41,0,0,Reading,98,False,7.31,58,56,79,53,41,2026-09-19 09:08:45.016,0
46b5fe4a-2c09-4006-bd5b-08bf12ece5e4,1789805710072,1789808486680,2026-09-19,Saturday,11,morning,Instagram,STANDARD,46.28,121,35,2.61,1,114,0,0,Reading,98,False,6.54,58,56,79,53,41,2026-09-19 08:15:10.072,0
46b5fe4a-2c09-4006-bd5b-08bf12ece5e4,1789803319337,1789805317495,2026-09-19,Saturday,10,morning,Instagram,STANDARD,33.3,56,10,1.68,1,56,0,0,Reading,98,False,0.03,58,56,79,53,41,2026-09-19 07:35:19.337,0
46b5fe4a-2c09-4006-bd5b-08bf12ece5e4,1789803106011,1789803317355,2026-09-19,Saturday,10,morning,Instagram,STORIES,3.52,0,2,0.0,0,0,0,0,,98,False,0.02,58,56,79,53,41,2026-09-19 07:31:46.011,0
46b5fe4a-2c09-4006-bd5b-08bf12ece5e4,1789802947421,1789803104902,2026-09-19,Saturday,10,morning,Instagram,STANDARD,2.62,0,0,0.0,0,0,0,0,,98,False,2.2,58,56,79,53,41,2026-09-19 07:29:07.421,0
46b5fe4a-2c09-4006-bd5b-08bf12ece5e4,1789802528741,1789802815691,2026-09-19,Saturday,10,morning,Instagram,STORIES,4.78,0,2,0.0,0,0,0,0,,98,False,720.26,58,56,79,53,41,2026-09-19 07:22:08.741,0
46b5fe4a-2c09-4006-bd5b-08bf12ece5e4,1789758761649,1789759312921,2026-09-18,Friday,22,night,Instagram,STANDARD,9.19,1,0,0.11,1,1,0,0,Reading,97,False,38.66,47,67,70,25,16,2026-09-18 19:12:41.649,0
46b5fe4a-2c09-4006-bd5b-08bf12ece5e4,1789756557574,1789756656951,2026-09-18,Friday,21,evening,YouTube,STANDARD,1.66,0,0,0.0,0,0,0,0,,25,False,1.1,47,67,70,25,16,2026-09-18 18:35:57.574,0
46b5fe4a-2c09-4006-bd5b-08bf12ece5e4,1789756453075,1789756491843,2026-09-18,Friday,21,evening,YouTube,STANDARD,0.65,0,0,0.0,0,0,0,0,,25,False,2227.04,47,67,70,25,16,2026-09-18 18:34:13.075,0
46b5fe4a-2c09-4006-bd5b-08bf12ece5e4,1789756333504,1789756442181,2026-09-18,Friday,21,evening,Instagram,STORIES,1.81,1,3,0.55,0,0,0,0,,97,False,5.15,47,67,70,25,16,2026-09-18 18:32:13.504,0
46b5fe4a-2c09-4006-bd5b-08bf12ece5e4,1789754845938,1789756024700,2026-09-18,Friday,21,evening,Instagram,STANDARD,19.65,129,19,6.57,1,112,0,0,Reading,97,False,6.81,47,67,70,25,16,2026-09-18 18:07:25.938,0
46b5fe4a-2c09-4006-bd5b-08bf12ece5e4,1789748841480,1789754437163,2026-09-18,Friday,19,evening,Instagram,STANDARD,93.26,361,44,3.87,1,351,0,0,Reading,97,False,0.65,47,67,70,25,16,2026-09-18 16:27:21.480,1
46b5fe4a-2c09-4006-bd5b-08bf12ece5e4,1789748401681,1789748802319,2026-09-18,Friday,19,evening,Instagram,STANDARD,6.68,27,5,4.04,1,27,0,0,Reading,97,False,1.35,47,67,70,25,16,2026-09-18 16:20:01.681,1
46b5fe4a-2c09-4006-bd5b-08bf12ece5e4,1789748125465,1789748320835,2026-09-18,Friday,19,evening,Instagram,STANDARD,3.26,13,1,3.99,1,13,0,0,Reading,97,False,4.75,47,67,70,25,16,2026-09-18 16:15:25.465,1
46b5fe4a-2c09-4006-bd5b-08bf12ece5e4,1789747794976,1789747840355,2026-09-18,Friday,19,evening,Instagram,STORIES,0.76,0,2,0.0,1,1,0,0,Reading,97,False,0.16,47,67,70,25,16,2026-09-18 16:09:54.976,1
46b5fe4a-2c09-4006-bd5b-08bf12ece5e4,1789747613753,1789747785093,2026-09-18,Friday,19,evening,Instagram,STANDARD,2.86,12,6,4.2,1,12,0,0,Reading,97,False,4.88,47,67,70,25,16,2026-09-18 16:06:53.753,1
46b5fe4a-2c09-4006-bd5b-08bf12ece5e4,1789746902108,1789747320885,2026-09-18,Friday,18,evening,Instagram,STANDARD,6.98,1,0,0.14,1,1,0,0,Reading,97,False,772.31,47,67,70,25,16,2026-09-18 15:55:02.108,1
46b5fe4a-2c09-4006-bd5b-08bf12ece5e4,1789700460622,1789700563658,2026-09-18,Friday,6,morning,Instagram,STORIES,1.72,1,3,0.58,1,1,0,0,Reading,95,False,439.54,47,67,70,25,16,2026-09-18 03:01:00.622,0
46b5fe4a-2c09-4006-bd5b-08bf12ece5e4,1789673758050,1789674087924,2026-09-17,Thursday,22,night,Instagram,STANDARD,5.5,0,0,0.0,0,0,0,0,,95,False,0.02,29,37,43,15,18,2026-09-17 19:35:58.050,0
46b5fe4a-2c09-4006-bd5b-08bf12ece5e4,1789673655548,1789673756848,2026-09-17,Thursday,22,night,Instagram,STANDARD,1.69,1,0,0.59,1,1,0,0,Reading,95,False,10.48,29,37,43,15,18,2026-09-17 19:34:15.548,0
46b5fe4a-2c09-4006-bd5b-08bf12ece5e4,1789671707149,1789673026995,2026-09-17,Thursday,22,night,Instagram,LONG_FORM,22.0,1,0,0.05,1,1,0,0,Reading,95,False,87.18,29,37,43,15,18,2026-09-17 19:01:47.149,0
46b5fe4a-2c09-4006-bd5b-08bf12ece5e4,1789665855209,1789666476360,2026-09-17,Thursday,20,evening,Instagram,STANDARD,10.35,63,7,6.09,1,63,0,0,Reading,95,True,207.16,29,37,43,15,18,2026-09-17 17:24:15.209,0
46b5fe4a-2c09-4006-bd5b-08bf12ece5e4,1789653369453,1789653425616,2026-09-17,Thursday,16,afternoon,Instagram,STORIES,0.94,0,2,0.0,0,0,0,0,,92,False,29.06,29,37,43,15,18,2026-09-17 13:56:09.453,0
46b5fe4a-2c09-4006-bd5b-08bf12ece5e4,1789651295769,1789651625712,2026-09-17,Thursday,16,afternoon,Instagram,STANDARD,5.5,1,1,0.18,1,1,0,0,Reading,92,False,206.35,29,37,43,15,18,2026-09-17 13:21:35.769,0
46b5fe4a-2c09-4006-bd5b-08bf12ece5e4,1789638850563,1789638914726,2026-09-17,Thursday,12,afternoon,Instagram,STORIES,1.07,0,6,0.0,0,0,0,0,,92,False,60.99,29,37,43,15,18,2026-09-17 09:54:10.563,1
46b5fe4a-2c09-4006-bd5b-08bf12ece5e4,1789635139635,1789635191005,2026-09-17,Thursday,11,morning,Instagram,STORIES,0.86,0,2,0.0,0,0,0,0,,92,False,224.29,29,37,43,15,18,2026-09-17 08:52:19.635,1
46b5fe4a-2c09-4006-bd5b-08bf12ece5e4,1789621829765,1789622830883,2026-09-17,Thursday,8,morning,YouTube,LONG_FORM,16.69,0,6,0.0,0,0,0,0,,19,False,5323.82,29,37,43,15,18,2026-09-17 05:10:29.765,0
46b5fe4a-2c09-4006-bd5b-08bf12ece5e4,1789621592695,1789621682400,2026-09-17,Thursday,8,morning,Instagram,STORIES,1.5,0,2,0.0,0,0,0,0,,92,False,534.7,29,37,43,15,18,2026-09-17 05:06:32.695,0
46b5fe4a-2c09-4006-bd5b-08bf12ece5e4,1789589476838,1789589510718,2026-09-16,Wednesday,23,night,Instagram,STORIES,0.56,0,1,0.0,0,0,0,0,,87,False,2.81,66,83,78,49,46,2026-09-16 20:11:16.838,0
46b5fe4a-2c09-4006-bd5b-08bf12ece5e4,1789589264545,1789589308515,2026-09-16,Wednesday,23,night,Instagram,STANDARD,0.73,0,0,0.0,0,0,0,0,,87,True,6.57,66,83,78,49,46,2026-09-16 20:07:44.545,0
46b5fe4a-2c09-4006-bd5b-08bf12ece5e4,1789588786693,1789588870149,2026-09-16,Wednesday,22,night,Instagram,STANDARD,1.39,0,0,0.0,0,0,0,0,,86,False,0.0,66,83,78,49,46,2026-09-16 19:59:46.693,0
46b5fe4a-2c09-4006-bd5b-08bf12ece5e4,1789588630692,1789588786674,2026-09-16,Wednesday,22,night,Instagram,STORIES,2.6,0,11,0.0,0,0,0,0,,86,True,1.25,66,83,78,49,46,2026-09-16 19:57:10.692,0
46b5fe4a-2c09-4006-bd5b-08bf12ece5e4,1789588514031,1789588555576,2026-09-16,Wednesday,22,night,Instagram,STORIES,0.69,0,2,0.0,0,0,0,0,,85,True,18.98,66,83,78,49,46,2026-09-16 19:55:14.031,0
46b5fe4a-2c09-4006-bd5b-08bf12ece5e4,1789587319540,1789587374945,2026-09-16,Wednesday,22,night,Instagram,STORIES,0.92,0,2,0.0,0,0,0,0,,84,False,0.85,66,83,78,49,46,2026-09-16 19:35:19.540,0
46b5fe4a-2c09-4006-bd5b-08bf12ece5e4,1789587235167,1789587268399,2026-09-16,Wednesday,22,night,Instagram,STORIES,0.55,0,1,0.0,0,0,0,0,,84,False,0.88,66,83,78,49,46,2026-09-16 19:33:55.167,0
46b5fe4a-2c09-4006-bd5b-08bf12ece5e4,1789587122498,1789587182481,2026-09-16,Wednesday,22,night,Instagram,STORIES,1.0,0,7,0.0,0,0,0,0,,84,False,5.64,66,83,78,49,46,2026-09-16 19:32:02.498,0
46b5fe4a-2c09-4006-bd5b-08bf12ece5e4,1789586578070,1789586784185,2026-09-16,Wednesday,22,night,Instagram,STORIES,3.44,0,3,0.0,0,0,0,0,,84,False,37.6,66,83,78,49,46,2026-09-16 19:22:58.070,0
46b5fe4a-2c09-4006-bd5b-08bf12ece5e4,1789583900105,1789584322009,2026-09-16,Wednesday,21,evening,Instagram,STANDARD,7.03,1,1,0.14,1,1,0,0,Reading,84,False,28.98,66,83,78,49,46,2026-09-16 18:38:20.105,0
46b5fe4a-2c09-4006-bd5b-08bf12ece5e4,1789582083113,1789582161134,2026-09-16,Wednesday,21,evening,Instagram,STANDARD,1.3,1,1,0.77,1,1,0,0,Reading,80,False,92.49,66,83,78,49,46,2026-09-16 18:08:03.113,0
46b5fe4a-2c09-4006-bd5b-08bf12ece5e4,1789576475986,1789576533635,2026-09-16,Wednesday,19,evening,Instagram,STORIES,0.96,0,1,0.0,0,0,0,0,,77,False,3.94,66,83,78,49,46,2026-09-16 16:34:35.986,1
46b5fe4a-2c09-4006-bd5b-08bf12ece5e4,1789576190464,1789576239664,2026-09-16,Wednesday,19,evening,Instagram,STORIES,0.82,0,3,0.0,0,0,0,0,,77,False,0.33,66,83,78,49,46,2026-09-16 16:29:50.464,1
46b5fe4a-2c09-4006-bd5b-08bf12ece5e4,1789576055096,1789576170704,2026-09-16,Wednesday,19,evening,Instagram,STORIES,1.93,3,5,1.56,1,1,0,0,Reading,77,False,17.5,66,83,78,49,46,2026-09-16 16:27:35.096,1
46b5fe4a-2c09-4006-bd5b-08bf12ece5e4,1789574866642,1789575005043,2026-09-16,Wednesday,19,evening,Instagram,STANDARD,2.31,7,2,3.03,1,7,0,0,Reading,77,False,5.85,66,83,78,49,46,2026-09-16 16:07:46.642,1
46b5fe4a-2c09-4006-bd5b-08bf12ece5e4,1789574428510,1789574515570,2026-09-16,Wednesday,19,evening,Instagram,STANDARD,1.45,0,0,0.0,0,0,0,0,,77,False,0.0,66,83,78,49,46,2026-09-16 16:00:28.510,1
46b5fe4a-2c09-4006-bd5b-08bf12ece5e4,1789574355855,1789574428494,2026-09-16,Wednesday,18,evening,Instagram,STORIES,1.21,1,2,0.83,1,1,0,0,Reading,77,False,139.85,66,83,78,49,46,2026-09-16 15:59:15.855,1
46b5fe4a-2c09-4006-bd5b-08bf12ece5e4,1789565536937,1789565964573,2026-09-16,Wednesday,16,afternoon,Instagram,STANDARD,7.13,1,1,0.14,1,1,0,0,Reading,77,False,29.2,66,83,78,49,46,2026-09-16 13:32:16.937,1
46b5fe4a-2c09-4006-bd5b-08bf12ece5e4,1789563729757,1789563785082,2026-09-16,Wednesday,16,afternoon,Instagram,STANDARD,0.92,4,4,4.34,1,4,0,0,Reading,77,False,0.0,66,83,78,49,46,2026-09-16 13:02:09.757,0
46b5fe4a-2c09-4006-bd5b-08bf12ece5e4,1789562201794,1789563729750,2026-09-16,Wednesday,15,afternoon,Instagram,STANDARD,25.47,90,15,3.53,1,79,0,0,Reading,77,False,6.11,66,83,78,49,46,2026-09-16 12:36:41.794,0
46b5fe4a-2c09-4006-bd5b-08bf12ece5e4,1789561254062,1789561834958,2026-09-16,Wednesday,15,afternoon,Instagram,STANDARD,9.68,19,2,1.96,1,17,0,0,Reading,77,False,1.91,66,83,78,49,46,2026-09-16 12:20:54.062,0
46b5fe4a-2c09-4006-bd5b-08bf12ece5e4,1789559885927,1789561139219,2026-09-16,Wednesday,14,afternoon,Instagram,STANDARD,20.89,49,4,2.35,1,45,0,0,Reading,77,False,1.92,66,83,78,49,46,2026-09-16 11:58:05.927,1
46b5fe4a-2c09-4006-bd5b-08bf12ece5e4,1789559657693,1789559770934,2026-09-16,Wednesday,14,afternoon,Instagram,STANDARD,1.89,2,1,1.06,1,1,0,0,Reading,77,False,1.07,66,83,78,49,46,2026-09-16 11:54:17.693,1
46b5fe4a-2c09-4006-bd5b-08bf12ece5e4,1789558054777,1789559593525,2026-09-16,Wednesday,14,afternoon,Instagram,STANDARD,25.65,49,6,1.91,1,45,0,0,Reading,77,False,0.2,66,83,78,49,46,2026-09-16 11:27:34.777,1
46b5fe4a-2c09-4006-bd5b-08bf12ece5e4,1789549726327,1789558042508,2026-09-16,Wednesday,12,afternoon,Instagram,STANDARD,138.6,302,91,2.18,1,257,0,0,Reading,77,False,0.22,66,83,78,49,46,2026-09-16 09:08:46.327,1
46b5fe4a-2c09-4006-bd5b-08bf12ece5e4,1789547232341,1789549713303,2026-09-16,Wednesday,11,morning,Instagram,STANDARD,41.35,82,18,1.98,1,82,0,0,Reading,77,False,0.64,66,83,78,49,46,2026-09-16 08:27:12.341,1
46b5fe4a-2c09-4006-bd5b-08bf12ece5e4,1789547050514,1789547193856,2026-09-16,Wednesday,11,morning,Instagram,STANDARD,2.39,9,0,3.77,1,9,0,0,Reading,77,False,2.3,66,83,78,49,46,2026-09-16 08:24:10.514,1
46b5fe4a-2c09-4006-bd5b-08bf12ece5e4,1789546743345,1789546912786,2026-09-16,Wednesday,11,morning,Instagram,STANDARD,2.82,14,2,4.96,1,12,0,0,Reading,77,False,4.22,66,83,78,49,46,2026-09-16 08:19:03.345,1
46b5fe4a-2c09-4006-bd5b-08bf12ece5e4,1789546369740,1789546490158,2026-09-16,Wednesday,11,morning,Instagram,STANDARD,2.01,20,0,9.97,1,20,0,0,Reading,77,False,0.41,66,83,78,49,46,2026-09-16 08:12:49.740,0
46b5fe4a-2c09-4006-bd5b-08bf12ece5e4,1789545630543,1789546344933,2026-09-16,Wednesday,11,morning,Instagram,STANDARD,11.91,33,2,2.77,1,31,0,0,Reading,77,False,0.96,66,83,78,49,46,2026-09-16 08:00:30.543,0
46b5fe4a-2c09-4006-bd5b-08bf12ece5e4,1789540891608,1789545572928,2026-09-16,Wednesday,9,morning,Instagram,STANDARD,78.02,176,64,2.26,1,153,0,0,Reading,77,False,21.73,66,83,78,49,46,2026-09-16 06:41:31.608,0
46b5fe4a-2c09-4006-bd5b-08bf12ece5e4,1789538644414,1789539587900,2026-09-16,Wednesday,9,morning,Instagram,STANDARD,15.72,44,8,2.8,1,46,0,0,Reading,77,False,0.18,66,83,78,49,46,2026-09-16 06:04:04.414,0
46b5fe4a-2c09-4006-bd5b-08bf12ece5e4,1789536648435,1789538633433,2026-09-16,Wednesday,8,morning,Instagram,STANDARD,33.08,43,14,1.3,1,43,0,0,Reading,77,False,626.38,66,83,78,49,46,2026-09-16 05:30:48.435,0
46b5fe4a-2c09-4006-bd5b-08bf12ece5e4,1789499031856,1789499065877,2026-09-15,Tuesday,22,night,Instagram,STANDARD,0.57,0,0,0.0,0,0,0,0,,75,False,0.58,30,13,57,39,10,2026-09-15 19:03:51.856,0
46b5fe4a-2c09-4006-bd5b-08bf12ece5e4,1789498904222,1789498997218,2026-09-15,Tuesday,22,night,Instagram,STORIES,1.55,0,5,0.0,0,0,0,0,,75,False,28.33,30,13,57,39,10,2026-09-15 19:01:44.222,0
46b5fe4a-2c09-4006-bd5b-08bf12ece5e4,1789497146484,1789497204297,2026-09-15,Tuesday,21,evening,Instagram,STORIES,0.96,0,1,0.0,0,0,0,0,,75,False,0.34,30,13,57,39,10,2026-09-15 18:32:26.484,0
46b5fe4a-2c09-4006-bd5b-08bf12ece5e4,1789496920085,1789497126004,2026-09-15,Tuesday,21,evening,Instagram,STORIES,3.43,0,8,0.0,0,0,0,0,,75,False,0.38,30,13,57,39,10,2026-09-15 18:28:40.085,0
46b5fe4a-2c09-4006-bd5b-08bf12ece5e4,1789496622170,1789496897345,2026-09-15,Tuesday,21,evening,Instagram,STORIES,4.59,0,11,0.0,0,0,0,0,,75,False,2.8,30,13,57,39,10,2026-09-15 18:23:42.170,0
46b5fe4a-2c09-4006-bd5b-08bf12ece5e4,1789496192990,1789496454036,2026-09-15,Tuesday,21,evening,Instagram,STORIES,4.35,0,3,0.0,0,0,0,0,,75,False,0.29,30,13,57,39,10,2026-09-15 18:16:32.990,0
46b5fe4a-2c09-4006-bd5b-08bf12ece5e4,1789496104755,1789496175694,2026-09-15,Tuesday,21,evening,Instagram,STANDARD,1.18,0,0,0.0,0,0,0,0,,75,False,0.32,30,13,57,39,10,2026-09-15 18:15:04.755,0
46b5fe4a-2c09-4006-bd5b-08bf12ece5e4,1789496043033,1789496085420,2026-09-15,Tuesday,21,evening,Instagram,STORIES,0.71,0,1,0.0,0,0,0,0,,75,False,1.45,30,13,57,39,10,2026-09-15 18:14:03.033,0
46b5fe4a-2c09-4006-bd5b-08bf12ece5e4,1789495917915,1789495955896,2026-09-15,Tuesday,21,evening,Instagram,STORIES,0.63,0,2,0.0,0,0,0,0,,75,False,0.25,30,13,57,39,10,2026-09-15 18:11:57.915,0
46b5fe4a-2c09-4006-bd5b-08bf12ece5e4,1789495779359,1789495903100,2026-09-15,Tuesday,21,evening,Instagram,STORIES,2.06,1,7,0.48,1,1,0,0,Reading,75,False,524.03,30,13,57,39,10,2026-09-15 18:09:39.359,0
46b5fe4a-2c09-4006-bd5b-08bf12ece5e4,1789464303496,1789464337452,2026-09-15,Tuesday,12,afternoon,Instagram,STANDARD,0.57,0,0,0.0,0,0,0,0,,72,False,13.82,30,13,57,39,10,2026-09-15 09:25:03.496,1
46b5fe4a-2c09-4006-bd5b-08bf12ece5e4,1789463412848,1789463474519,2026-09-15,Tuesday,12,afternoon,Instagram,STANDARD,1.03,1,1,0.97,1,1,0,0,Reading,72,False,834.78,30,13,57,39,10,2026-09-15 09:10:12.848,1
46b5fe4a-2c09-4006-bd5b-08bf12ece5e4,1789412948932,1789413325821,2026-09-14,Monday,22,night,Instagram,STANDARD,6.28,54,1,8.6,1,54,0,0,Reading,71,False,6.34,23,15,43,21,12,2026-09-14 19:09:08.932,0
46b5fe4a-2c09-4006-bd5b-08bf12ece5e4,1789412521539,1789412568374,2026-09-14,Monday,22,night,Instagram,STORIES,0.78,1,2,1.28,1,1,0,0,Reading,71,False,49.62,23,15,43,21,12,2026-09-14 19:02:01.539,0
46b5fe4a-2c09-4006-bd5b-08bf12ece5e4,1789409124096,1789409544398,2026-09-14,Monday,21,evening,Instagram,STANDARD,7.01,37,11,5.28,1,37,0,0,Reading,71,False,329.77,23,15,43,21,12,2026-09-14 18:05:24.096,0
46b5fe4a-2c09-4006-bd5b-08bf12ece5e4,1789389306550,1789389337920,2026-09-14,Monday,15,afternoon,Instagram,STANDARD,0.52,0,0,0.0,0,0,0,0,,69,False,185.99,23,15,43,21,12,2026-09-14 12:35:06.550,0
46b5fe4a-2c09-4006-bd5b-08bf12ece5e4,1789378021624,1789378147418,2026-09-14,Monday,12,afternoon,Instagram,STANDARD,2.1,0,0,0.0,0,0,0,0,,69,False,25.95,23,15,43,21,12,2026-09-14 09:27:01.624,1
46b5fe4a-2c09-4006-bd5b-08bf12ece5e4,1789376415962,1789376464494,2026-09-14,Monday,12,afternoon,Instagram,STANDARD,0.81,0,0,0.0,0,0,0,0,,69,False,1.66,23,15,43,21,12,2026-09-14 09:00:15.962,1
46b5fe4a-2c09-4006-bd5b-08bf12ece5e4,1789376271635,1789376316189,2026-09-14,Monday,11,morning,Instagram,STORIES,0.74,0,2,0.0,0,0,0,0,,69,False,1.07,23,15,43,21,12,2026-09-14 08:57:51.635,1
46b5fe4a-2c09-4006-bd5b-08bf12ece5e4,1789376091870,1789376207543,2026-09-14,Monday,11,morning,Instagram,STORIES,1.93,0,1,0.0,0,0,0,0,,69,False,69.6,23,15,43,21,12,2026-09-14 08:54:51.870,1
46b5fe4a-2c09-4006-bd5b-08bf12ece5e4,1789371806230,1789371915601,2026-09-14,Monday,10,morning,Instagram,STANDARD,1.82,0,0,0.0,0,0,0,0,,69,False,4.38,23,15,43,21,12,2026-09-14 07:43:26.230,0
46b5fe4a-2c09-4006-bd5b-08bf12ece5e4,1789371451496,1789371543639,2026-09-14,Monday,10,morning,Instagram,STORIES,1.54,0,1,0.0,0,0,0,0,,69,False,854.59,23,15,43,21,12,2026-09-14 07:37:31.496,0
46b5fe4a-2c09-4006-bd5b-08bf12ece5e4,1789320033275,1789320175995,2026-09-13,Sunday,20,evening,Instagram,STORIES,2.38,0,1,0.0,0,0,0,0,,64,False,97.94,37,42,59,40,0,2026-09-13 17:20:33.275,0
46b5fe4a-2c09-4006-bd5b-08bf12ece5e4,1789314001411,1789314156909,2026-09-13,Sunday,18,evening,Instagram,STORIES,2.59,0,1,0.0,0,0,0,0,,64,False,16.08,37,42,59,40,0,2026-09-13 15:40:01.411,0
46b5fe4a-2c09-4006-bd5b-08bf12ece5e4,1789311611115,1789313036545,2026-09-13,Sunday,18,evening,Instagram,LONG_FORM,23.76,0,1,0.0,0,0,0,0,,63,False,1.98,37,42,59,40,0,2026-09-13 15:00:11.115,0
46b5fe4a-2c09-4006-bd5b-08bf12ece5e4,1789311461706,1789311492520,2026-09-13,Sunday,17,evening,Instagram,STORIES,0.51,0,1,0.0,0,0,0,0,,63,False,1.76,37,42,59,40,0,2026-09-13 14:57:41.706,0
46b5fe4a-2c09-4006-bd5b-08bf12ece5e4,1789311010803,1789311356019,2026-09-13,Sunday,17,evening,Instagram,STORIES,5.75,1,2,0.17,1,1,0,0,Reading,63,False,57.42,37,42,59,40,0,2026-09-13 14:50:10.803,0
46b5fe4a-2c09-4006-bd5b-08bf12ece5e4,1789307497552,1789307565796,2026-09-13,Sunday,16,afternoon,Instagram,STANDARD,1.14,10,5,8.79,1,13,0,0,Reading,63,False,0.1,37,42,59,40,0,2026-09-13 13:51:37.552,0
46b5fe4a-2c09-4006-bd5b-08bf12ece5e4,1789306759182,1789307491743,2026-09-13,Sunday,16,afternoon,Instagram,STANDARD,12.21,69,8,5.65,1,69,0,0,Reading,63,False,24.69,37,42,59,40,0,2026-09-13 13:39:19.182,0
46b5fe4a-2c09-4006-bd5b-08bf12ece5e4,1789305238116,1789305277818,2026-09-13,Sunday,16,afternoon,Instagram,STORIES,0.66,0,6,0.0,0,0,0,0,,63,False,0.0,37,42,59,40,0,2026-09-13 13:13:58.116,0
46b5fe4a-2c09-4006-bd5b-08bf12ece5e4,1789305100918,1789305238098,2026-09-13,Sunday,16,afternoon,Instagram,STORIES,2.29,1,2,0.44,1,1,0,0,Reading,63,False,297.62,37,42,59,40,0,2026-09-13 13:11:40.918,0
46b5fe4a-2c09-4006-bd5b-08bf12ece5e4,1789301995314,1789302400811,2026-09-13,Sunday,15,afternoon,YouTube,STANDARD,6.76,0,0,0.0,0,0,0,0,,11,False,3.52,37,42,59,40,0,2026-09-13 12:19:55.314,0
46b5fe4a-2c09-4006-bd5b-08bf12ece5e4,1789301499230,1789301783841,2026-09-13,Sunday,15,afternoon,YouTube,STANDARD,4.74,0,6,0.0,0,0,0,0,,11,False,1639.71,37,42,59,40,0,2026-09-13 12:11:39.230,0
46b5fe4a-2c09-4006-bd5b-08bf12ece5e4,1789287193439,1789287243474,2026-09-13,Sunday,11,morning,Instagram,STANDARD,0.83,0,0,0.0,0,0,0,0,,61,False,1.08,37,42,59,40,0,2026-09-13 08:13:13.439,0
46b5fe4a-2c09-4006-bd5b-08bf12ece5e4,1789287044446,1789287128585,2026-09-13,Sunday,11,morning,Instagram,STORIES,1.4,1,3,0.71,1,1,0,0,Reading,61,False,50.91,37,42,59,40,0,2026-09-13 08:10:44.446,0
46b5fe4a-2c09-4006-bd5b-08bf12ece5e4,1789283480205,1789283989865,2026-09-13,Sunday,10,morning,Instagram,STANDARD,8.49,51,6,6.0,1,51,0,0,Reading,61,False,0.38,37,42,59,40,0,2026-09-13 07:11:20.205,0
46b5fe4a-2c09-4006-bd5b-08bf12ece5e4,1789282718830,1789283457222,2026-09-13,Sunday,9,morning,Instagram,STANDARD,12.31,62,11,5.04,1,62,0,0,Reading,61,False,0.4,37,42,59,40,0,2026-09-13 06:58:38.830,0
46b5fe4a-2c09-4006-bd5b-08bf12ece5e4,1789282517825,1789282695089,2026-09-13,Sunday,9,morning,Instagram,STORIES,2.95,2,8,0.68,1,2,0,0,Reading,61,False,827.65,37,42,59,40,0,2026-09-13 06:55:17.825,0
46b5fe4a-2c09-4006-bd5b-08bf12ece5e4,1789232698465,1789232858654,2026-09-12,Saturday,20,evening,Instagram,STANDARD,2.67,0,0,0.0,0,0,0,0,,60,False,0.56,55,62,74,55,19,2026-09-12 17:04:58.465,0
46b5fe4a-2c09-4006-bd5b-08bf12ece5e4,1789229349884,1789232665103,2026-09-12,Saturday,19,evening,Instagram,STANDARD,55.25,95,21,1.72,1,95,0,0,Reading,60,False,0.33,55,62,74,55,19,2026-09-12 16:09:09.884,0
46b5fe4a-2c09-4006-bd5b-08bf12ece5e4,1789229249885,1789229330110,2026-09-12,Saturday,19,evening,Instagram,STORIES,1.34,0,1,0.0,0,0,0,0,,60,False,0.0,55,62,74,55,19,2026-09-12 16:07:29.885,0
46b5fe4a-2c09-4006-bd5b-08bf12ece5e4,1789228966074,1789229249866,2026-09-12,Saturday,19,evening,Instagram,STORIES,4.73,1,9,0.21,1,1,0,0,Reading,60,False,67.77,55,62,74,55,19,2026-09-12 16:02:46.074,0
46b5fe4a-2c09-4006-bd5b-08bf12ece5e4,1789224866784,1789224900077,2026-09-12,Saturday,17,evening,Instagram,REELS,0.55,9,0,16.22,1,9,0,0,Reading,60,False,0.28,55,62,74,55,19,2026-09-12 14:54:26.784,0
46b5fe4a-2c09-4006-bd5b-08bf12ece5e4,1789224526940,1789224849780,2026-09-12,Saturday,17,evening,Instagram,STANDARD,5.38,25,6,4.65,1,25,0,0,Reading,60,False,88.74,55,62,74,55,19,2026-09-12 14:48:46.940,0
46b5fe4a-2c09-4006-bd5b-08bf12ece5e4,1789218745413,1789219202703,2026-09-12,Saturday,16,afternoon,Instagram,STANDARD,7.62,7,6,0.92,1,5,0,0,Reading,53,True,6.11,55,62,74,55,19,2026-09-12 13:12:25.413,0
46b5fe4a-2c09-4006-bd5b-08bf12ece5e4,1789217835725,1789218379022,2026-09-12,Saturday,15,afternoon,Instagram,STANDARD,9.05,33,5,3.64,1,34,0,0,Reading,52,False,0.06,55,62,74,55,19,2026-09-12 12:57:15.725,0
46b5fe4a-2c09-4006-bd5b-08bf12ece5e4,1789217532017,1789217831968,2026-09-12,Saturday,15,afternoon,Instagram,STANDARD,5.0,19,2,3.8,1,20,0,0,Reading,52,False,0.0,55,62,74,55,19,2026-09-12 12:52:12.017,0
46b5fe4a-2c09-4006-bd5b-08bf12ece5e4,1789217350371,1789217531996,2026-09-12,Saturday,15,afternoon,Instagram,STANDARD,3.03,17,5,5.62,1,17,0,0,Reading,52,False,5.78,55,62,74,55,19,2026-09-12 12:49:10.371,0
46b5fe4a-2c09-4006-bd5b-08bf12ece5e4,1789215346566,1789217003323,2026-09-12,Saturday,15,afternoon,Instagram,STANDARD,27.61,153,18,5.54,1,151,0,0,Reading,52,True,32.62,55,62,74,55,19,2026-09-12 12:15:46.566,0
46b5fe4a-2c09-4006-bd5b-08bf12ece5e4,1789213339042,1789213389179,2026-09-12,Saturday,14,afternoon,Instagram,STANDARD,0.84,2,1,2.39,1,2,0,0,Reading,51,False,1.03,55,62,74,55,19,2026-09-12 11:42:19.042,0
46b5fe4a-2c09-4006-bd5b-08bf12ece5e4,1789211384500,1789213277246,2026-09-12,Saturday,14,afternoon,Instagram,STANDARD,31.55,98,7,3.11,1,101,0,0,Reading,51,False,0.0,55,62,74,55,19,2026-09-12 11:09:44.500,0
46b5fe4a-2c09-4006-bd5b-08bf12ece5e4,1789211306058,1789211384490,2026-09-12,Saturday,14,afternoon,Instagram,STORIES,1.31,3,14,2.29,1,3,0,0,Reading,51,False,2.08,55,62,74,55,19,2026-09-12 11:08:26.058,0
46b5fe4a-2c09-4006-bd5b-08bf12ece5e4,1789211141784,1789211181541,2026-09-12,Saturday,14,afternoon,Instagram,STORIES,0.66,0,1,0.0,0,0,0,0,,51,False,1.07,55,62,74,55,19,2026-09-12 11:05:41.784,0
46b5fe4a-2c09-4006-bd5b-08bf12ece5e4,1789211033347,1789211077443,2026-09-12,Saturday,14,afternoon,Instagram,STORIES,0.73,0,5,0.0,0,0,0,0,,51,False,0.12,55,62,74,55,19,2026-09-12 11:03:53.347,0
46b5fe4a-2c09-4006-bd5b-08bf12ece5e4,1789210949747,1789211026050,2026-09-12,Saturday,14,afternoon,Instagram,STORIES,1.27,0,10,0.0,0,0,0,0,,51,False,0.59,55,62,74,55,19,2026-09-12 11:02:29.747,0
46b5fe4a-2c09-4006-bd5b-08bf12ece5e4,1789210882665,1789210914193,2026-09-12,Saturday,14,afternoon,Instagram,STORIES,0.53,0,3,0.0,1,1,0,0,Reading,51,False,0.22,55,62,74,55,19,2026-09-12 11:01:22.665,0
46b5fe4a-2c09-4006-bd5b-08bf12ece5e4,1789210733003,1789210869631,2026-09-12,Saturday,13,afternoon,Instagram,STORIES,2.28,7,9,3.07,1,7,0,0,Reading,51,False,150.44,55,62,74,55,19,2026-09-12 10:58:53.003,0
46b5fe4a-2c09-4006-bd5b-08bf12ece5e4,1789202965538,1789203116731,2026-09-12,Saturday,11,morning,YouTube,STANDARD,2.52,0,0,0.0,0,0,0,0,,9,False,1463.19,55,62,74,55,19,2026-09-12 08:49:25.538,0
46b5fe4a-2c09-4006-bd5b-08bf12ece5e4,1789201575961,1789201706375,2026-09-12,Saturday,11,morning,Instagram,STANDARD,2.17,10,3,4.6,1,13,0,0,Reading,46,False,0.11,55,62,74,55,19,2026-09-12 08:26:15.961,0
46b5fe4a-2c09-4006-bd5b-08bf12ece5e4,1789201172611,1789201569372,2026-09-12,Saturday,11,morning,Instagram,STANDARD,6.61,63,6,9.53,1,63,0,0,Reading,46,False,4.17,55,62,74,55,19,2026-09-12 08:19:32.611,0
46b5fe4a-2c09-4006-bd5b-08bf12ece5e4,1789200890598,1789200922546,2026-09-12,Saturday,11,morning,Instagram,STORIES,0.53,0,1,0.0,0,0,0,0,,46,False,0.01,55,62,74,55,19,2026-09-12 08:14:50.598,0
46b5fe4a-2c09-4006-bd5b-08bf12ece5e4,1789200779961,1789200890039,2026-09-12,Saturday,11,morning,Instagram,STANDARD,1.83,1,1,0.55,1,1,0,0,Reading,46,False,703.83,55,62,74,55,19,2026-09-12 08:12:59.961,0
46b5fe4a-2c09-4006-bd5b-08bf12ece5e4,1789158488653,1789158550340,2026-09-11,Friday,23,night,Instagram,REELS,1.03,11,0,10.7,1,11,0,0,Reading,40,False,12.16,52,71,71,40,16,2026-09-11 20:28:08.653,0
46b5fe4a-2c09-4006-bd5b-08bf12ece5e4,1789157498491,1789157758947,2026-09-11,Friday,23,night,Instagram,STANDARD,4.34,35,3,8.06,1,35,0,0,Reading,40,False,2.61,52,71,71,40,16,2026-09-11 20:11:38.491,0
46b5fe4a-2c09-4006-bd5b-08bf12ece5e4,1789152797444,1789157342054,2026-09-11,Friday,21,evening,Instagram,STANDARD,75.74,551,67,7.27,1,514,0,0,Reading,37,False,0.08,52,71,71,40,16,2026-09-11 18:53:17.444,0
46b5fe4a-2c09-4006-bd5b-08bf12ece5e4,1789151132500,1789152792474,2026-09-11,Friday,21,evening,Instagram,STANDARD,27.67,192,27,6.94,1,177,0,0,Reading,37,False,29.85,52,71,71,40,16,2026-09-11 18:25:32.500,0
46b5fe4a-2c09-4006-bd5b-08bf12ece5e4,1789149301981,1789149341371,2026-09-11,Friday,20,evening,Instagram,STANDARD,0.66,6,1,9.14,1,9,0,0,Reading,37,False,0.0,52,71,71,40,16,2026-09-11 17:55:01.981,0
46b5fe4a-2c09-4006-bd5b-08bf12ece5e4,1789148563856,1789149301951,2026-09-11,Friday,20,evening,Instagram,STANDARD,12.3,66,15,5.37,1,56,0,0,Reading,37,False,1.18,52,71,71,40,16,2026-09-11 17:42:43.856,0
46b5fe4a-2c09-4006-bd5b-08bf12ece5e4,1789148074567,1789148492780,2026-09-11,Friday,20,evening,Instagram,STANDARD,6.97,24,6,3.44,1,24,0,0,Reading,37,False,0.0,52,71,71,40,16,2026-09-11 17:34:34.567,0
46b5fe4a-2c09-4006-bd5b-08bf12ece5e4,1789147994536,1789148074552,2026-09-11,Friday,20,evening,Instagram,STANDARD,1.33,4,1,3.0,1,5,0,0,Reading,37,False,0.0,52,71,71,40,16,2026-09-11 17:33:14.536,0
46b5fe4a-2c09-4006-bd5b-08bf12ece5e4,1789146874293,1789147994504,2026-09-11,Friday,20,evening,Instagram,STANDARD,18.67,55,7,2.95,1,54,0,0,Reading,36,False,1.82,52,71,71,40,16,2026-09-11 17:14:34.293,1
46b5fe4a-2c09-4006-bd5b-08bf12ece5e4,1789145432682,1789146764991,2026-09-11,Friday,19,evening,Instagram,STANDARD,22.21,106,8,4.77,1,106,0,0,Reading,36,False,0.41,52,71,71,40,16,2026-09-11 16:50:32.682,1
46b5fe4a-2c09-4006-bd5b-08bf12ece5e4,1789145232362,1789145408050,2026-09-11,Friday,19,evening,Instagram,STORIES,2.93,0,4,0.0,0,0,0,0,,36,False,225.26,52,71,71,40,16,2026-09-11 16:47:12.362,1
46b5fe4a-2c09-4006-bd5b-08bf12ece5e4,1789131675703,1789131716994,2026-09-11,Friday,16,afternoon,Instagram,STANDARD,0.69,0,0,0.0,0,0,0,0,,31,False,0.53,52,71,71,40,16,2026-09-11 13:01:15.703,0
46b5fe4a-2c09-4006-bd5b-08bf12ece5e4,1789131613016,1789131643999,2026-09-11,Friday,16,afternoon,Instagram,STANDARD,0.52,0,0,0.0,0,0,0,0,,31,False,354.38,52,71,71,40,16,2026-09-11 13:00:13.016,0
46b5fe4a-2c09-4006-bd5b-08bf12ece5e4,1789114367601,1789115173989,2026-09-11,Friday,11,morning,YouTube,STANDARD,13.44,0,0,0.0,0,0,0,0,,7,True,0.04,52,71,71,40,16,2026-09-11 08:12:47.601,0
46b5fe4a-2c09-4006-bd5b-08bf12ece5e4,1789114098624,1789114365406,2026-09-11,Friday,11,morning,YouTube,STANDARD,4.45,0,4,0.0,0,0,0,0,,6,False,14.39,52,71,71,40,16,2026-09-11 08:08:18.624,0
46b5fe4a-2c09-4006-bd5b-08bf12ece5e4,1789113156184,1789113235284,2026-09-11,Friday,10,morning,YouTube,STANDARD,1.32,0,0,0.0,0,0,0,0,,6,False,0.2,52,71,71,40,16,2026-09-11 07:52:36.184,0
46b5fe4a-2c09-4006-bd5b-08bf12ece5e4,1789113085874,1789113143942,2026-09-11,Friday,10,morning,YouTube,STANDARD,0.97,0,0,0.0,0,0,0,0,,6,False,4.8,52,71,71,40,16,2026-09-11 07:51:25.874,0
46b5fe4a-2c09-4006-bd5b-08bf12ece5e4,1789111287424,1789112797676,2026-09-11,Friday,10,morning,YouTube,LONG_FORM,25.17,0,11,0.0,0,0,0,0,,6,False,777.79,52,71,71,40,16,2026-09-11 07:21:27.424,0
46b5fe4a-2c09-4006-bd5b-08bf12ece5e4,1789110299170,1789110350192,2026-09-11,Friday,10,morning,Instagram,STANDARD,0.85,2,0,2.35,1,1,0,0,Reading,31,False,8.69,52,71,71,40,16,2026-09-11 07:04:59.170,0
46b5fe4a-2c09-4006-bd5b-08bf12ece5e4,1789109715611,1789109777911,2026-09-11,Friday,9,morning,Instagram,STORIES,1.04,0,13,0.0,0,0,0,0,,31,False,1.07,52,71,71,40,16,2026-09-11 06:55:15.611,0
46b5fe4a-2c09-4006-bd5b-08bf12ece5e4,1789109615225,1789109651700,2026-09-11,Friday,9,morning,Instagram,STANDARD,0.61,0,0,0.0,0,0,0,0,,31,False,0.8,52,71,71,40,16,2026-09-11 06:53:35.225,0
46b5fe4a-2c09-4006-bd5b-08bf12ece5e4,1789109488603,1789109567297,2026-09-11,Friday,9,morning,Instagram,STORIES,1.31,0,21,0.0,0,0,0,0,,31,False,0.54,52,71,71,40,16,2026-09-11 06:51:28.603,0
46b5fe4a-2c09-4006-bd5b-08bf12ece5e4,1789109402874,1789109456025,2026-09-11,Friday,9,morning,Instagram,STORIES,0.89,2,7,2.26,1,1,0,0,Reading,31,False,199.46,52,71,71,40,16,2026-09-11 06:50:02.874,0
46b5fe4a-2c09-4006-bd5b-08bf12ece5e4,1789096957151,1789097435403,2026-09-11,Friday,6,morning,Instagram,STORIES,7.97,0,1,0.0,0,0,0,0,,31,False,479.78,52,71,71,40,16,2026-09-11 03:22:37.151,0
46b5fe4a-2c09-4006-bd5b-08bf12ece5e4,1789067925933,1789068170382,2026-09-10,Thursday,22,night,Instagram,REELS,4.07,47,1,11.54,1,46,0,0,Reading,31,False,3.98,24,19,51,17,10,2026-09-10 19:18:45.933,0
46b5fe4a-2c09-4006-bd5b-08bf12ece5e4,1789067565398,1789067687157,2026-09-10,Thursday,22,night,Instagram,REELS,2.03,26,0,12.81,1,26,0,0,Reading,31,False,15.02,24,19,51,17,10,2026-09-10 19:12:45.398,0
46b5fe4a-2c09-4006-bd5b-08bf12ece5e4,1789066343196,1789066664479,2026-09-10,Thursday,21,evening,Instagram,REELS,5.35,78,2,14.57,1,78,0,0,Reading,25,False,9.49,24,19,51,17,10,2026-09-10 18:52:23.196,0
46b5fe4a-2c09-4006-bd5b-08bf12ece5e4,1789065572716,1789065773752,2026-09-10,Thursday,21,evening,Instagram,STANDARD,3.35,0,0,0.0,0,0,0,0,,25,False,10.05,24,19,51,17,10,2026-09-10 18:39:32.716,0
46b5fe4a-2c09-4006-bd5b-08bf12ece5e4,1789064920321,1789064969686,2026-09-10,Thursday,21,evening,Instagram,STORIES,0.82,0,5,0.0,0,0,0,0,,25,False,14.26,24,19,51,17,10,2026-09-10 18:28:40.321,0
46b5fe4a-2c09-4006-bd5b-08bf12ece5e4,1789064351005,1789064619985,2026-09-10,Thursday,21,evening,YouTube,STANDARD,4.48,0,0,0.0,0,0,0,0,,6,False,,24,19,51,17,10,2026-09-10 18:19:11.005,0
46b5fe4a-2c09-4006-bd5b-08bf12ece5e4,1789063839439,1789064064791,2026-09-10,Thursday,21,evening,Instagram,STORIES,3.76,0,4,0.0,0,0,0,0,,25,False,51.68,24,19,51,17,10,2026-09-10 18:10:39.439,0
46b5fe4a-2c09-4006-bd5b-08bf12ece5e4,1789060692339,1789060738379,2026-09-10,Thursday,20,evening,Instagram,STANDARD,0.77,0,0,0.0,0,0,0,0,,25,False,2.74,24,19,51,17,10,2026-09-10 17:18:12.339,0
46b5fe4a-2c09-4006-bd5b-08bf12ece5e4,1789060239224,1789060527694,2026-09-10,Thursday,20,evening,Instagram,STORIES,4.81,0,9,0.0,0,0,0,0,,25,False,252.7,24,19,51,17,10,2026-09-10 17:10:39.224,1
46b5fe4a-2c09-4006-bd5b-08bf12ece5e4,1789044989384,1789045077495,2026-09-10,Thursday,15,afternoon,Instagram,STANDARD,1.47,0,0,0.0,0,0,0,0,,25,False,11.39,24,19,51,17,10,2026-09-10 12:56:29.384,1
46b5fe4a-2c09-4006-bd5b-08bf12ece5e4,1789044221131,1789044306136,2026-09-10,Thursday,15,afternoon,Instagram,STORIES,1.42,1,3,0.71,1,1,0,0,Reading,25,False,413.63,24,19,51,17,10,2026-09-10 12:43:41.131,1
46b5fe4a-2c09-4006-bd5b-08bf12ece5e4,1789019304113,1789019403448,2026-09-10,Thursday,8,morning,Instagram,STORIES,1.66,1,2,0.6,1,1,0,0,Reading,23,False,645.52,24,19,51,17,10,2026-09-10 05:48:24.113,0
46b5fe4a-2c09-4006-bd5b-08bf12ece5e4,1788980417719,1788980572869,2026-09-09,Wednesday,22,night,Instagram,STANDARD,2.59,14,2,5.41,1,14,0,0,Reading,5,False,2.17,58,70,79,52,22,2026-09-09 19:00:17.719,0
46b5fe4a-2c09-4006-bd5b-08bf12ece5e4,1788980103494,1788980287493,2026-09-09,Wednesday,21,evening,Instagram,STANDARD,3.07,25,2,8.15,1,25,0,0,Reading,5,False,59.05,58,70,79,52,22,2026-09-09 18:55:03.494,0
46b5fe4a-2c09-4006-bd5b-08bf12ece5e4,1788976267649,1788976560520,2026-09-09,Wednesday,20,evening,Instagram,STANDARD,4.88,24,4,4.92,1,24,0,0,Reading,4,False,29.02,58,70,79,52,22,2026-09-09 17:51:07.649,0
46b5fe4a-2c09-4006-bd5b-08bf12ece5e4,1788974284829,1788974526539,2026-09-09,Wednesday,20,evening,Instagram,STANDARD,4.03,1,0,0.25,1,1,0,0,Reading,4,False,123.9,58,70,79,52,22,2026-09-09 17:18:04.829,0
46b5fe4a-2c09-4006-bd5b-08bf12ece5e4,1788966563268,1788966850758,2026-09-09,Wednesday,18,evening,Instagram,STORIES,4.79,0,4,0.0,0,0,0,0,,2,False,0.7,58,70,79,52,22,2026-09-09 15:09:23.268,1
46b5fe4a-2c09-4006-bd5b-08bf12ece5e4,1788966485345,1788966521386,2026-09-09,Wednesday,18,evening,Instagram,STANDARD,0.6,2,2,3.33,1,2,0,0,Reading,2,False,11.51,58,70,79,52,22,2026-09-09 15:08:05.345,1
46b5fe4a-2c09-4006-bd5b-08bf12ece5e4,1788965680369,1788965794886,2026-09-09,Wednesday,17,evening,Instagram,STORIES,1.91,0,5,0.0,0,0,0,0,,2,False,16.94,58,70,79,52,22,2026-09-09 14:54:40.369,1
46b5fe4a-2c09-4006-bd5b-08bf12ece5e4,1788964631011,1788964663712,2026-09-09,Wednesday,17,evening,Instagram,STORIES,0.55,0,1,0.0,0,0,0,0,,2,False,0.0,58,70,79,52,22,2026-09-09 14:37:11.011,1
46b5fe4a-2c09-4006-bd5b-08bf12ece5e4,1788964549771,1788964630998,2026-09-09,Wednesday,17,evening,Instagram,STORIES,1.35,0,6,0.0,0,0,0,0,,2,False,0.0,58,70,79,52,22,2026-09-09 14:35:49.771,1
46b5fe4a-2c09-4006-bd5b-08bf12ece5e4,1788964376653,1788964549732,2026-09-09,Wednesday,17,evening,Instagram,STORIES,2.88,1,2,0.35,1,1,0,0,Reading,2,False,3.4,58,70,79,52,22,2026-09-09 14:32:56.653,1
46b5fe4a-2c09-4006-bd5b-08bf12ece5e4,1788963949099,1788964172424,2026-09-09,Wednesday,17,evening,Instagram,STORIES,3.72,1,2,0.27,1,1,0,0,Reading,2,False,1.55,58,70,79,52,22,2026-09-09 14:25:49.099,1
46b5fe4a-2c09-4006-bd5b-08bf12ece5e4,1788963800976,1788963856215,2026-09-09,Wednesday,17,evening,Instagram,STORIES,0.92,0,4,0.0,0,0,0,0,,2,False,17.61,58,70,79,52,22,2026-09-09 14:23:20.976,1
46b5fe4a-2c09-4006-bd5b-08bf12ece5e4,1788962120609,1788962744637,2026-09-09,Wednesday,16,afternoon,Instagram,STANDARD,10.4,36,6,3.46,1,36,0,0,Reading,2,False,2.06,58,70,79,52,22,2026-09-09 13:55:20.609,1
46b5fe4a-2c09-4006-bd5b-08bf12ece5e4,1788961257371,1788961997276,2026-09-09,Wednesday,16,afternoon,Instagram,STANDARD,12.33,48,7,3.89,1,48,0,0,Reading,2,False,0.41,58,70,79,52,22,2026-09-09 13:40:57.371,1
46b5fe4a-2c09-4006-bd5b-08bf12ece5e4,1788961144929,1788961232694,2026-09-09,Wednesday,16,afternoon,Instagram,STANDARD,1.46,4,2,2.73,1,4,0,0,Reading,2,False,66.92,58,70,79,52,22,2026-09-09 13:39:04.929,1
46b5fe4a-2c09-4006-bd5b-08bf12ece5e4,1788956983728,1788957129723,2026-09-09,Wednesday,15,afternoon,Instagram,STANDARD,2.43,13,1,5.34,1,16,0,0,Reading,0,False,0.11,58,70,79,52,22,2026-09-09 12:29:43.728,0
46b5fe4a-2c09-4006-bd5b-08bf12ece5e4,1788956865306,1788956977308,2026-09-09,Wednesday,15,afternoon,Instagram,STANDARD,1.87,12,3,6.43,1,12,0,0,Reading,0,False,2.01,58,70,79,52,22,2026-09-09 12:27:45.306,0
46b5fe4a-2c09-4006-bd5b-08bf12ece5e4,1788956416126,1788956744810,2026-09-09,Wednesday,15,afternoon,Instagram,STANDARD,5.48,31,2,5.66,1,31,0,0,Reading,0,False,17.19,58,70,79,52,22,2026-09-09 12:20:16.126,0
46b5fe4a-2c09-4006-bd5b-08bf12ece5e4,1788955314794,1788955384592,2026-09-09,Wednesday,15,afternoon,Instagram,STANDARD,1.16,10,1,8.6,1,9,0,0,Reading,0,False,16.55,58,70,79,52,22,2026-09-09 12:01:54.794,1
46b5fe4a-2c09-4006-bd5b-08bf12ece5e4,1788952677459,1788954321519,2026-09-09,Wednesday,14,afternoon,Instagram,LONG_FORM,27.4,0,0,0.0,0,0,0,0,,0,False,5.67,58,70,79,52,22,2026-09-09 11:17:57.459,1
46b5fe4a-2c09-4006-bd5b-08bf12ece5e4,1788951096337,1788952337017,2026-09-09,Wednesday,13,afternoon,Instagram,LONG_FORM,20.68,0,0,0.0,0,0,0,0,,0,False,0.61,58,70,79,52,22,2026-09-09 10:51:36.337,0
46b5fe4a-2c09-4006-bd5b-08bf12ece5e4,1788950751152,1788951059669,2026-09-09,Wednesday,13,afternoon,Instagram,STANDARD,5.14,0,0,0.0,0,0,0,0,,0,False,26.11,58,70,79,52,22,2026-09-09 10:45:51.152,0
46b5fe4a-2c09-4006-bd5b-08bf12ece5e4,1788949101109,1788949184613,2026-09-09,Wednesday,13,afternoon,Instagram,STANDARD,1.39,0,0,0.0,0,0,0,0,,0,False,0.09,58,70,79,52,22,2026-09-09 10:18:21.109,0
46b5fe4a-2c09-4006-bd5b-08bf12ece5e4,1788948736852,1788949095831,2026-09-09,Wednesday,13,afternoon,Instagram,STANDARD,5.98,0,0,0.0,0,0,0,0,,0,False,0.45,58,70,79,52,22,2026-09-09 10:12:16.852,1
46b5fe4a-2c09-4006-bd5b-08bf12ece5e4,1788948664515,1788948709615,2026-09-09,Wednesday,13,afternoon,Instagram,STANDARD,0.75,0,0,0.0,0,0,0,0,,0,False,0.09,58,70,79,52,22,2026-09-09 10:11:04.515,1
46b5fe4a-2c09-4006-bd5b-08bf12ece5e4,1788948484335,1788948659005,2026-09-09,Wednesday,13,afternoon,Instagram,STANDARD,2.91,0,0,0.0,0,0,0,0,,0,False,0.33,58,70,79,52,22,2026-09-09 10:08:04.335,1
46b5fe4a-2c09-4006-bd5b-08bf12ece5e4,1788948298733,1788948464604,2026-09-09,Wednesday,13,afternoon,Instagram,STANDARD,2.76,0,0,0.0,0,0,0,0,,0,False,0.66,58,70,79,52,22,2026-09-09 10:04:58.733,1
46b5fe4a-2c09-4006-bd5b-08bf12ece5e4,1788948222672,1788948259373,2026-09-09,Wednesday,13,afternoon,Instagram,STANDARD,0.61,0,0,0.0,0,0,0,0,,0,False,0.5,58,70,79,52,22,2026-09-09 10:03:42.672,1
46b5fe4a-2c09-4006-bd5b-08bf12ece5e4,1788948046927,1788948192844,2026-09-09,Wednesday,13,afternoon,Instagram,STANDARD,2.43,0,0,0.0,0,0,0,0,,0,False,0.41,58,70,79,52,22,2026-09-09 10:00:46.927,1
46b5fe4a-2c09-4006-bd5b-08bf12ece5e4,1788947841329,1788948022027,2026-09-09,Wednesday,12,afternoon,Instagram,STANDARD,3.01,0,0,0.0,0,0,0,0,,0,False,0.82,58,70,79,52,22,2026-09-09 09:57:21.329,1
46b5fe4a-2c09-4006-bd5b-08bf12ece5e4,1788947679757,1788947791922,2026-09-09,Wednesday,12,afternoon,Instagram,STANDARD,1.87,0,0,0.0,0,0,0,0,,0,False,0.0,58,70,79,52,22,2026-09-09 09:54:39.757,1
46b5fe4a-2c09-4006-bd5b-08bf12ece5e4,1788946231375,1788947679751,2026-09-09,Wednesday,12,afternoon,Instagram,LONG_FORM,24.14,0,0,0.0,0,0,0,0,,0,False,2.01,58,70,79,52,22,2026-09-09 09:30:31.375,1
46b5fe4a-2c09-4006-bd5b-08bf12ece5e4,1788946077603,1788946111066,2026-09-09,Wednesday,12,afternoon,Instagram,STANDARD,0.56,0,0,0.0,0,0,0,0,,0,False,0.0,58,70,79,52,22,2026-09-09 09:27:57.603,1
46b5fe4a-2c09-4006-bd5b-08bf12ece5e4,1788945718364,1788946077580,2026-09-09,Wednesday,12,afternoon,Instagram,STANDARD,5.99,0,0,0.0,0,0,0,0,,0,False,0.09,58,70,79,52,22,2026-09-09 09:21:58.364,1
46b5fe4a-2c09-4006-bd5b-08bf12ece5e4,1788945337332,1788945713087,2026-09-09,Wednesday,12,afternoon,Instagram,STANDARD,6.26,0,0,0.0,0,0,0,0,,0,False,0.82,58,70,79,52,22,2026-09-09 09:15:37.332,1
46b5fe4a-2c09-4006-bd5b-08bf12ece5e4,1788945206529,1788945288071,2026-09-09,Wednesday,12,afternoon,Instagram,STANDARD,1.36,0,0,0.0,0,0,0,0,,0,False,1.92,58,70,79,52,22,2026-09-09 09:13:26.529,1
46b5fe4a-2c09-4006-bd5b-08bf12ece5e4,1788944680084,1788945091450,2026-09-09,Wednesday,12,afternoon,Instagram,STANDARD,6.86,0,0,0.0,0,0,0,0,,0,False,0.0,58,70,79,52,22,2026-09-09 09:04:40.084,1
46b5fe4a-2c09-4006-bd5b-08bf12ece5e4,1788944496604,1788944680065,2026-09-09,Wednesday,12,afternoon,Instagram,STANDARD,3.06,0,0,0.0,0,0,0,0,,0,False,6.63,58,70,79,52,22,2026-09-09 09:01:36.604,1
46b5fe4a-2c09-4006-bd5b-08bf12ece5e4,1788944059721,1788944098764,2026-09-09,Wednesday,11,morning,Instagram,STANDARD,0.65,0,0,0.0,0,0,0,0,,0,False,0.03,58,70,79,52,22,2026-09-09 08:54:19.721,1
46b5fe4a-2c09-4006-bd5b-08bf12ece5e4,1788943683999,1788944057915,2026-09-09,Wednesday,11,morning,Instagram,STANDARD,6.23,0,0,0.0,0,0,0,0,,0,False,0.3,58,70,79,52,22,2026-09-09 08:48:03.999,1
46b5fe4a-2c09-4006-bd5b-08bf12ece5e4,1788943374504,1788943666263,2026-09-09,Wednesday,11,morning,Instagram,STANDARD,4.86,0,0,0.0,0,0,0,0,,0,False,2.17,58,70,79,52,22,2026-09-09 08:42:54.504,1
46b5fe4a-2c09-4006-bd5b-08bf12ece5e4,1788942958210,1788943244116,2026-09-09,Wednesday,11,morning,Instagram,STANDARD,4.77,0,0,0.0,0,0,0,0,,0,False,4.41,58,70,79,52,22,2026-09-09 08:35:58.210,1
46b5fe4a-2c09-4006-bd5b-08bf12ece5e4,1788941587267,1788942693408,2026-09-09,Wednesday,11,morning,Instagram,LONG_FORM,18.44,0,0,0.0,0,0,0,0,,0,False,18.36,58,70,79,52,22,2026-09-09 08:13:07.267,0
46b5fe4a-2c09-4006-bd5b-08bf12ece5e4,1788940130187,1788940485738,2026-09-09,Wednesday,10,morning,Instagram,STANDARD,5.93,0,0,0.0,0,0,0,0,,0,False,0.16,58,70,79,52,22,2026-09-09 07:48:50.187,0
46b5fe4a-2c09-4006-bd5b-08bf12ece5e4,1788938168595,1788940120739,2026-09-09,Wednesday,10,morning,Instagram,LONG_FORM,32.54,0,0,0.0,0,0,0,0,,0,False,0.16,58,70,79,52,22,2026-09-09 07:16:08.595,0
46b5fe4a-2c09-4006-bd5b-08bf12ece5e4,1788934886390,1788938158794,2026-09-09,Wednesday,9,morning,Instagram,LONG_FORM,54.54,0,0,0.0,0,0,0,0,,0,False,0.15,58,70,79,52,22,2026-09-09 06:21:26.390,0
46b5fe4a-2c09-4006-bd5b-08bf12ece5e4,1788934219026,1788934877189,2026-09-09,Wednesday,9,morning,Instagram,LONG_FORM,10.97,0,0,0.0,0,0,0,0,,0,False,0.0,58,70,79,52,22,2026-09-09 06:10:19.026,0
46b5fe4a-2c09-4006-bd5b-08bf12ece5e4,1788934089992,1788934219007,2026-09-09,Wednesday,9,morning,Instagram,STANDARD,2.15,0,0,0.0,0,0,0,0,,0,False,0.0,58,70,79,52,22,2026-09-09 06:08:09.992,0
46b5fe4a-2c09-4006-bd5b-08bf12ece5e4,1788933250109,1788934089972,2026-09-09,Wednesday,8,morning,Instagram,LONG_FORM,14.0,0,0,0.0,0,0,0,0,,0,False,0.08,58,70,79,52,22,2026-09-09 05:54:10.109,0
46b5fe4a-2c09-4006-bd5b-08bf12ece5e4,1788933032045,1788933245394,2026-09-09,Wednesday,8,morning,Instagram,STANDARD,3.56,0,0,0.0,0,0,0,0,,0,False,0.17,58,70,79,52,22,2026-09-09 05:50:32.045,0
46b5fe4a-2c09-4006-bd5b-08bf12ece5e4,1788932746582,1788933021874,2026-09-09,Wednesday,8,morning,Instagram,STANDARD,4.59,0,0,0.0,0,0,0,0,,0,False,523.6,58,70,79,52,22,2026-09-09 05:45:46.582,0
46b5fe4a-2c09-4006-bd5b-08bf12ece5e4,1788901289588,1788901330862,2026-09-09,Wednesday,0,night,Instagram,STANDARD,0.69,0,0,0.0,0,0,0,0,,0,False,18.23,58,70,79,52,22,2026-09-08 21:01:29.588,0
46b5fe4a-2c09-4006-bd5b-08bf12ece5e4,1788899616488,1788900195837,2026-09-08,Tuesday,23,night,Instagram,STANDARD,9.66,0,0,0.0,0,0,0,0,,0,False,0.57,48,51,63,47,26,2026-09-08 20:33:36.488,0
46b5fe4a-2c09-4006-bd5b-08bf12ece5e4,1788898898716,1788899582360,2026-09-08,Tuesday,23,night,Instagram,LONG_FORM,11.39,0,0,0.0,0,0,0,0,,0,False,7.55,48,51,63,47,26,2026-09-08 20:21:38.716,0
46b5fe4a-2c09-4006-bd5b-08bf12ece5e4,1788897611451,1788898445596,2026-09-08,Tuesday,23,night,Instagram,LONG_FORM,13.9,0,0,0.0,0,0,0,0,,0,False,1.34,48,51,63,47,26,2026-09-08 20:00:11.451,0
46b5fe4a-2c09-4006-bd5b-08bf12ece5e4,1788897460685,1788897531222,2026-09-08,Tuesday,22,night,Instagram,STANDARD,1.18,0,0,0.0,0,0,0,0,,0,False,6.69,48,51,63,47,26,2026-09-08 19:57:40.685,0
46b5fe4a-2c09-4006-bd5b-08bf12ece5e4,1788896535325,1788897059266,2026-09-08,Tuesday,22,night,Instagram,STANDARD,8.73,0,0,0.0,0,0,0,0,,0,False,0.99,48,51,63,47,26,2026-09-08 19:42:15.325,0
46b5fe4a-2c09-4006-bd5b-08bf12ece5e4,1788896433792,1788896475676,2026-09-08,Tuesday,22,night,Instagram,STANDARD,0.7,0,0,0.0,0,0,0,0,,0,False,0.0,48,51,63,47,26,2026-09-08 19:40:33.792,0
46b5fe4a-2c09-4006-bd5b-08bf12ece5e4,1788896369563,1788896433781,2026-09-08,Tuesday,22,night,Instagram,STANDARD,1.07,0,0,0.0,0,0,0,0,,0,False,88.32,48,51,63,47,26,2026-09-08 19:39:29.563,0
46b5fe4a-2c09-4006-bd5b-08bf12ece5e4,1788891018794,1788891070554,2026-09-08,Tuesday,21,evening,Instagram,STANDARD,0.86,0,0,0.0,0,0,0,0,,0,False,15.75,48,51,63,47,26,2026-09-08 18:10:18.794,0
46b5fe4a-2c09-4006-bd5b-08bf12ece5e4,1788889846830,1788890073850,2026-09-08,Tuesday,20,evening,Instagram,STANDARD,3.78,0,0,0.0,0,0,0,0,,0,False,31.51,48,51,63,47,26,2026-09-08 17:50:46.830,0
46b5fe4a-2c09-4006-bd5b-08bf12ece5e4,1788887134350,1788887956165,2026-09-08,Tuesday,20,evening,Instagram,LONG_FORM,13.7,0,0,0.0,0,0,0,0,,0,False,27.8,48,51,63,47,26,2026-09-08 17:05:34.350,0
46b5fe4a-2c09-4006-bd5b-08bf12ece5e4,1788885434402,1788885466114,2026-09-08,Tuesday,19,evening,Instagram,STANDARD,0.53,0,0,0.0,0,0,0,0,,0,False,0.21,48,51,63,47,26,2026-09-08 16:37:14.402,0
46b5fe4a-2c09-4006-bd5b-08bf12ece5e4,1788884383791,1788885421524,2026-09-08,Tuesday,19,evening,Instagram,LONG_FORM,17.3,0,0,0.0,0,0,0,0,,0,False,33.33,48,51,63,47,26,2026-09-08 16:19:43.791,0
46b5fe4a-2c09-4006-bd5b-08bf12ece5e4,1788882149952,1788882383808,2026-09-08,Tuesday,18,evening,Instagram,STANDARD,3.9,0,0,0.0,0,0,0,0,,0,False,0.77,48,51,63,47,26,2026-09-08 15:42:29.952,0
46b5fe4a-2c09-4006-bd5b-08bf12ece5e4,1788880087930,1788882103808,2026-09-08,Tuesday,18,evening,Instagram,LONG_FORM,33.6,0,0,0.0,0,0,0,0,,0,False,0.0,48,51,63,47,26,2026-09-08 15:08:07.930,1
46b5fe4a-2c09-4006-bd5b-08bf12ece5e4,1788879956863,1788880087904,2026-09-08,Tuesday,18,evening,Instagram,STANDARD,2.18,0,0,0.0,0,0,0,0,,0,False,0.0,48,51,63,47,26,2026-09-08 15:05:56.863,1
46b5fe4a-2c09-4006-bd5b-08bf12ece5e4,1788879865915,1788879956842,2026-09-08,Tuesday,18,evening,Instagram,STANDARD,1.52,0,0,0.0,0,0,0,0,,0,False,17.95,48,51,63,47,26,2026-09-08 15:04:25.915,1
46b5fe4a-2c09-4006-bd5b-08bf12ece5e4,1788878612250,1788878788639,2026-09-08,Tuesday,17,evening,Instagram,STANDARD,2.94,0,0,0.0,0,0,0,0,,0,False,9.31,48,51,63,47,26,2026-09-08 14:43:32.250,1
46b5fe4a-2c09-4006-bd5b-08bf12ece5e4,1788877956516,1788878053676,2026-09-08,Tuesday,17,evening,Instagram,STANDARD,1.62,0,0,0.0,0,0,0,0,,0,False,56.93,48,51,63,47,26,2026-09-08 14:32:36.516,1
46b5fe4a-2c09-4006-bd5b-08bf12ece5e4,1788874494276,1788874540667,2026-09-08,Tuesday,16,afternoon,Instagram,STANDARD,0.77,0,0,0.0,0,0,0,0,,0,False,54.05,48,51,63,47,26,2026-09-08 13:34:54.276,1
46b5fe4a-2c09-4006-bd5b-08bf12ece5e4,1788871150696,1788871251179,2026-09-08,Tuesday,15,afternoon,Instagram,STANDARD,1.67,0,0,0.0,0,0,0,0,,0,False,1.92,48,51,63,47,26,2026-09-08 12:39:10.696,0
46b5fe4a-2c09-4006-bd5b-08bf12ece5e4,1788870990577,1788871035789,2026-09-08,Tuesday,15,afternoon,Instagram,STANDARD,0.75,0,0,0.0,0,0,0,0,,0,False,16.85,48,51,63,47,26,2026-09-08 12:36:30.577,0
46b5fe4a-2c09-4006-bd5b-08bf12ece5e4,1788869857692,1788869979330,2026-09-08,Tuesday,15,afternoon,Instagram,STANDARD,2.03,0,0,0.0,0,0,0,0,,0,False,49.88,48,51,63,47,26,2026-09-08 12:17:37.692,0
46b5fe4a-2c09-4006-bd5b-08bf12ece5e4,1788866828679,1788866864816,2026-09-08,Tuesday,14,afternoon,Instagram,STANDARD,0.6,0,0,0.0,0,0,0,0,,0,False,51.36,48,51,63,47,26,2026-09-08 11:27:08.679,1
46b5fe4a-2c09-4006-bd5b-08bf12ece5e4,1788863712297,1788863747077,2026-09-08,Tuesday,13,afternoon,Instagram,STANDARD,0.58,0,0,0.0,0,0,0,0,,0,False,1.09,48,51,63,47,26,2026-09-08 10:35:12.297,1
46b5fe4a-2c09-4006-bd5b-08bf12ece5e4,1788863599690,1788863647107,2026-09-08,Tuesday,13,afternoon,Instagram,STANDARD,0.79,0,0,0.0,0,0,0,0,,0,False,47.95,48,51,63,47,26,2026-09-08 10:33:19.690,1
46b5fe4a-2c09-4006-bd5b-08bf12ece5e4,1788860625527,1788860722544,2026-09-08,Tuesday,12,afternoon,Instagram,STANDARD,1.62,0,0,0.0,0,0,0,0,,0,False,1.14,48,51,63,47,26,2026-09-08 09:43:45.527,1
46b5fe4a-2c09-4006-bd5b-08bf12ece5e4,1788860499736,1788860556869,2026-09-08,Tuesday,12,afternoon,Instagram,STANDARD,0.95,0,0,0.0,0,0,0,0,,0,False,0.18,48,51,63,47,26,2026-09-08 09:41:39.736,1
46b5fe4a-2c09-4006-bd5b-08bf12ece5e4,1788860439527,1788860488905,2026-09-08,Tuesday,12,afternoon,Instagram,STANDARD,0.82,0,0,0.0,0,0,0,0,,0,False,128.69,48,51,63,47,26,2026-09-08 09:40:39.527,1
46b5fe4a-2c09-4006-bd5b-08bf12ece5e4,1788852682975,1788852718039,2026-09-08,Tuesday,10,morning,Instagram,STANDARD,0.58,0,0,0.0,0,0,0,0,,0,False,745.05,48,51,63,47,26,2026-09-08 07:31:22.975,0
46b5fe4a-2c09-4006-bd5b-08bf12ece5e4,1788807898150,1788807979871,2026-09-07,Monday,22,night,Instagram,STANDARD,1.36,0,0,0.0,0,0,0,0,,0,False,7.57,41,50,61,39,3,2026-09-07 19:04:58.150,0
46b5fe4a-2c09-4006-bd5b-08bf12ece5e4,1788807002834,1788807443899,2026-09-07,Monday,21,evening,Instagram,STANDARD,7.35,0,0,0.0,0,0,0,0,,0,False,5.57,41,50,61,39,3,2026-09-07 18:50:02.834,0
46b5fe4a-2c09-4006-bd5b-08bf12ece5e4,1788805755762,1788806668671,2026-09-07,Monday,21,evening,Instagram,LONG_FORM,15.22,0,0,0.0,0,0,0,0,,0,False,0.43,41,50,61,39,3,2026-09-07 18:29:15.762,0
46b5fe4a-2c09-4006-bd5b-08bf12ece5e4,1788805449419,1788805729939,2026-09-07,Monday,21,evening,Instagram,STANDARD,4.68,0,0,0.0,0,0,0,0,,0,False,0.46,41,50,61,39,3,2026-09-07 18:24:09.419,0
46b5fe4a-2c09-4006-bd5b-08bf12ece5e4,1788805383331,1788805421953,2026-09-07,Monday,21,evening,Instagram,STANDARD,0.64,0,0,0.0,0,0,0,0,,0,False,8.69,41,50,61,39,3,2026-09-07 18:23:03.331,0
46b5fe4a-2c09-4006-bd5b-08bf12ece5e4,1788804608132,1788804862119,2026-09-07,Monday,21,evening,Instagram,STANDARD,4.23,0,0,0.0,0,0,0,0,,0,False,50.13,41,50,61,39,3,2026-09-07 18:10:08.132,0
46b5fe4a-2c09-4006-bd5b-08bf12ece5e4,1788800943512,1788801600503,2026-09-07,Monday,20,evening,Instagram,LONG_FORM,10.95,0,0,0.0,0,0,0,0,,0,False,1.49,41,50,61,39,3,2026-09-07 17:09:03.512,1
46b5fe4a-2c09-4006-bd5b-08bf12ece5e4,1788800798917,1788800854345,2026-09-07,Monday,20,evening,Instagram,STANDARD,0.92,0,0,0.0,0,0,0,0,,0,False,5.79,41,50,61,39,3,2026-09-07 17:06:38.917,1
46b5fe4a-2c09-4006-bd5b-08bf12ece5e4,1788799822218,1788800451465,2026-09-07,Monday,19,evening,Instagram,LONG_FORM,10.49,0,0,0.0,0,0,0,0,,0,False,0.15,41,50,61,39,3,2026-09-07 16:50:22.218,1
46b5fe4a-2c09-4006-bd5b-08bf12ece5e4,1788798188709,1788799813438,2026-09-07,Monday,19,evening,Instagram,LONG_FORM,27.08,0,0,0.0,0,0,0,0,,0,False,0.04,41,50,61,39,3,2026-09-07 16:23:08.709,1
46b5fe4a-2c09-4006-bd5b-08bf12ece5e4,1788796900867,1788798186197,2026-09-07,Monday,19,evening,Instagram,LONG_FORM,21.42,0,0,0.0,0,0,0,0,,0,False,200.83,41,50,61,39,3,2026-09-07 16:01:40.867,1
46b5fe4a-2c09-4006-bd5b-08bf12ece5e4,1788784524245,1788784850967,2026-09-07,Monday,15,afternoon,Instagram,STANDARD,5.45,0,0,0.0,0,0,0,0,,0,False,0.67,41,50,61,39,3,2026-09-07 12:35:24.245,0
46b5fe4a-2c09-4006-bd5b-08bf12ece5e4,1788783888302,1788784483943,2026-09-07,Monday,15,afternoon,Instagram,STANDARD,9.93,0,0,0.0,0,0,0,0,,0,False,165.17,41,50,61,39,3,2026-09-07 12:24:48.302,0
46b5fe4a-2c09-4006-bd5b-08bf12ece5e4,1788773948250,1788773978283,2026-09-07,Monday,12,afternoon,Instagram,STANDARD,0.5,0,0,0.0,0,0,0,0,,0,False,0.06,41,50,61,39,3,2026-09-07 09:39:08.250,1
46b5fe4a-2c09-4006-bd5b-08bf12ece5e4,1788773880463,1788773944462,2026-09-07,Monday,12,afternoon,Instagram,STANDARD,1.07,0,0,0.0,0,0,0,0,,0,False,70.33,41,50,61,39,3,2026-09-07 09:38:00.463,1
46b5fe4a-2c09-4006-bd5b-08bf12ece5e4,1788769621612,1788769660797,2026-09-07,Monday,11,morning,Instagram,STANDARD,0.65,0,0,0.0,0,0,0,0,,0,False,90.9,41,50,61,39,3,2026-09-07 08:27:01.612,1
46b5fe4a-2c09-4006-bd5b-08bf12ece5e4,1788764081183,1788764167634,2026-09-07,Monday,9,morning,Instagram,STANDARD,1.44,0,0,0.0,0,0,0,0,,0,False,0.98,41,50,61,39,3,2026-09-07 06:54:41.183,0
46b5fe4a-2c09-4006-bd5b-08bf12ece5e4,1788763970125,1788764022342,2026-09-07,Monday,9,morning,Instagram,STANDARD,0.87,0,0,0.0,0,0,0,0,,0,False,681.21,41,50,61,39,3,2026-09-07 06:52:50.125,0
46b5fe4a-2c09-4006-bd5b-08bf12ece5e4,1788722832073,1788723097735,2026-09-06,Sunday,22,night,Instagram,STANDARD,4.43,0,0,0.0,0,0,0,0,,0,False,54.53,47,56,70,41,15,2026-09-06 19:27:12.073,0
46b5fe4a-2c09-4006-bd5b-08bf12ece5e4,1788719522937,1788719560509,2026-09-06,Sunday,21,evening,Instagram,STANDARD,0.63,0,0,0.0,0,0,0,0,,0,False,0.0,47,56,70,41,15,2026-09-06 18:32:02.937,0
46b5fe4a-2c09-4006-bd5b-08bf12ece5e4,1788719149669,1788719522743,2026-09-06,Sunday,21,evening,Instagram,STANDARD,6.22,0,0,0.0,0,0,0,0,,0,False,175.83,47,56,70,41,15,2026-09-06 18:25:49.669,0
46b5fe4a-2c09-4006-bd5b-08bf12ece5e4,1788708417619,1788708599911,2026-09-06,Sunday,18,evening,Instagram,STANDARD,3.04,0,0,0.0,0,0,0,0,,0,False,20.0,47,56,70,41,15,2026-09-06 15:26:57.619,0
46b5fe4a-2c09-4006-bd5b-08bf12ece5e4,1788706239721,1788707217859,2026-09-06,Sunday,17,evening,Instagram,LONG_FORM,16.3,0,0,0.0,0,0,0,0,,0,False,0.04,47,56,70,41,15,2026-09-06 14:50:39.721,0
46b5fe4a-2c09-4006-bd5b-08bf12ece5e4,1788706110963,1788706237034,2026-09-06,Sunday,17,evening,Instagram,STANDARD,2.1,0,0,0.0,0,0,0,0,,0,False,0.12,47,56,70,41,15,2026-09-06 14:48:30.963,0
46b5fe4a-2c09-4006-bd5b-08bf12ece5e4,1788705986506,1788706103530,2026-09-06,Sunday,17,evening,Instagram,STANDARD,1.95,0,0,0.0,0,0,0,0,,0,False,1.81,47,56,70,41,15,2026-09-06 14:46:26.506,0
46b5fe4a-2c09-4006-bd5b-08bf12ece5e4,1788705752783,1788705878067,2026-09-06,Sunday,17,evening,Instagram,STANDARD,2.09,0,0,0.0,0,0,0,0,,0,False,1.29,47,56,70,41,15,2026-09-06 14:42:32.783,0
46b5fe4a-2c09-4006-bd5b-08bf12ece5e4,1788705516774,1788705675227,2026-09-06,Sunday,17,evening,Instagram,STANDARD,2.64,0,0,0.0,0,0,0,0,,0,False,8.35,47,56,70,41,15,2026-09-06 14:38:36.774,0
46b5fe4a-2c09-4006-bd5b-08bf12ece5e4,1788704907156,1788705015855,2026-09-06,Sunday,17,evening,Instagram,STANDARD,1.81,0,0,0.0,0,0,0,0,,0,False,85.61,47,56,70,41,15,2026-09-06 14:28:27.156,0
46b5fe4a-2c09-4006-bd5b-08bf12ece5e4,1788699175253,1788699770481,2026-09-06,Sunday,15,afternoon,Instagram,STANDARD,9.92,0,0,0.0,0,0,0,0,,0,False,1.14,47,56,70,41,15,2026-09-06 12:52:55.253,0
46b5fe4a-2c09-4006-bd5b-08bf12ece5e4,1788698625375,1788699106835,2026-09-06,Sunday,15,afternoon,Instagram,STANDARD,8.02,0,0,0.0,0,0,0,0,,0,False,1.37,47,56,70,41,15,2026-09-06 12:43:45.375,0
46b5fe4a-2c09-4006-bd5b-08bf12ece5e4,1788698511137,1788698543378,2026-09-06,Sunday,15,afternoon,Instagram,STANDARD,0.54,0,0,0.0,0,0,0,0,,0,False,0.17,47,56,70,41,15,2026-09-06 12:41:51.137,0
46b5fe4a-2c09-4006-bd5b-08bf12ece5e4,1788695234636,1788698500982,2026-09-06,Sunday,14,afternoon,Instagram,LONG_FORM,54.44,0,0,0.0,0,0,0,0,,0,False,0.26,47,56,70,41,15,2026-09-06 11:47:14.636,0
46b5fe4a-2c09-4006-bd5b-08bf12ece5e4,1788694702573,1788695218977,2026-09-06,Sunday,14,afternoon,Instagram,STANDARD,8.61,0,0,0.0,0,0,0,0,,0,False,0.77,47,56,70,41,15,2026-09-06 11:38:22.573,0
46b5fe4a-2c09-4006-bd5b-08bf12ece5e4,1788694517360,1788694656556,2026-09-06,Sunday,14,afternoon,Instagram,STANDARD,2.32,0,0,0.0,0,0,0,0,,0,False,286.99,47,56,70,41,15,2026-09-06 11:35:17.360,0
46b5fe4a-2c09-4006-bd5b-08bf12ece5e4,1788677234897,1788677297877,2026-09-06,Sunday,9,morning,Instagram,STANDARD,1.05,0,0,0.0,0,0,0,0,,0,False,590.61,47,56,70,41,15,2026-09-06 06:47:14.897,0
46b5fe4a-2c09-4006-bd5b-08bf12ece5e4,1788641694637,1788641798035,2026-09-05,Saturday,23,night,Instagram,STANDARD,1.72,0,0,0.0,0,0,0,0,,0,False,45.65,37,14,42,49,47,2026-09-05 20:54:54.637,0
46b5fe4a-2c09-4006-bd5b-08bf12ece5e4,1788638734240,1788638955744,2026-09-05,Saturday,23,night,Instagram,STANDARD,3.69,0,0,0.0,0,0,0,0,,0,False,1.23,37,14,42,49,47,2026-09-05 20:05:34.240,0
46b5fe4a-2c09-4006-bd5b-08bf12ece5e4,1788638548097,1788638660523,2026-09-05,Saturday,23,night,Instagram,STANDARD,1.87,0,0,0.0,0,0,0,0,,0,False,13.33,37,14,42,49,47,2026-09-05 20:02:28.097,0
46b5fe4a-2c09-4006-bd5b-08bf12ece5e4,1788637460472,1788637748333,2026-09-05,Saturday,22,night,Instagram,STANDARD,4.8,0,0,0.0,0,0,0,0,,0,False,0.23,37,14,42,49,47,2026-09-05 19:44:20.472,0
46b5fe4a-2c09-4006-bd5b-08bf12ece5e4,1788637399615,1788637446731,2026-09-05,Saturday,22,night,Instagram,STANDARD,0.79,0,0,0.0,0,0,0,0,,0,False,0.19,37,14,42,49,47,2026-09-05 19:43:19.615,0
46b5fe4a-2c09-4006-bd5b-08bf12ece5e4,1788637247142,1788637388010,2026-09-05,Saturday,22,night,Instagram,STANDARD,2.35,0,0,0.0,0,0,0,0,,0,False,23.32,37,14,42,49,47,2026-09-05 19:40:47.142,0
46b5fe4a-2c09-4006-bd5b-08bf12ece5e4,1788635808271,1788635848036,2026-09-05,Saturday,22,night,Instagram,STANDARD,0.66,0,0,0.0,0,0,0,0,,0,False,115.44,37,14,42,49,47,2026-09-05 19:16:48.271,0
46b5fe4a-2c09-4006-bd5b-08bf12ece5e4,1788628554784,1788628881869,2026-09-05,Saturday,20,evening,Instagram,STANDARD,5.45,0,0,0.0,0,0,0,0,,0,False,0.28,37,14,42,49,47,2026-09-05 17:15:54.784,0
46b5fe4a-2c09-4006-bd5b-08bf12ece5e4,1788628452141,1788628538196,2026-09-05,Saturday,20,evening,Instagram,STANDARD,1.43,0,0,0.0,0,0,0,0,,0,False,1345.37,37,14,42,49,47,2026-09-05 17:14:12.141,0
46b5fe4a-2c09-4006-bd5b-08bf12ece5e4,1788546997606,1788547729819,2026-09-04,Friday,21,evening,Instagram,LONG_FORM,12.2,0,0,0.0,0,0,0,0,,0,False,2.94,44,68,57,20,19,2026-09-04 18:36:37.606,0
46b5fe4a-2c09-4006-bd5b-08bf12ece5e4,1788546594696,1788546821008,2026-09-04,Friday,21,evening,Instagram,STANDARD,3.77,0,0,0.0,0,0,0,0,,0,False,2.95,44,68,57,20,19,2026-09-04 18:29:54.696,0
46b5fe4a-2c09-4006-bd5b-08bf12ece5e4,1788542746937,1788546417662,2026-09-04,Friday,20,evening,Instagram,LONG_FORM,61.18,0,0,0.0,0,0,0,0,,0,False,42.05,44,68,57,20,19,2026-09-04 17:25:46.937,0
46b5fe4a-2c09-4006-bd5b-08bf12ece5e4,1788540186310,1788540224148,2026-09-04,Friday,19,evening,Instagram,STANDARD,0.63,0,0,0.0,0,0,0,0,,0,False,55.59,44,68,57,20,19,2026-09-04 16:43:06.310,1
46b5fe4a-2c09-4006-bd5b-08bf12ece5e4,1788536720184,1788536850704,2026-09-04,Friday,18,evening,Instagram,STANDARD,2.18,0,0,0.0,0,0,0,0,,0,False,2.59,44,68,57,20,19,2026-09-04 15:45:20.184,1
46b5fe4a-2c09-4006-bd5b-08bf12ece5e4,1788536485826,1788536564957,2026-09-04,Friday,18,evening,Instagram,STANDARD,1.32,0,0,0.0,0,0,0,0,,0,False,4.84,44,68,57,20,19,2026-09-04 15:41:25.826,1
46b5fe4a-2c09-4006-bd5b-08bf12ece5e4,1788532862844,1788536195324,2026-09-04,Friday,17,evening,Instagram,LONG_FORM,55.54,0,0,0.0,0,0,0,0,,0,False,30.53,44,68,57,20,19,2026-09-04 14:41:02.844,1
46b5fe4a-2c09-4006-bd5b-08bf12ece5e4,1788530526451,1788531030876,2026-09-04,Friday,17,evening,Instagram,STANDARD,8.41,0,0,0.0,0,0,0,0,,0,False,0.92,44,68,57,20,19,2026-09-04 14:02:06.451,0
46b5fe4a-2c09-4006-bd5b-08bf12ece5e4,1788530440944,1788530471417,2026-09-04,Friday,17,evening,Instagram,STANDARD,0.51,0,0,0.0,0,0,0,0,,0,False,166.07,44,68,57,20,19,2026-09-04 14:00:40.944,0
46b5fe4a-2c09-4006-bd5b-08bf12ece5e4,1788520444436,1788520476884,2026-09-04,Friday,14,afternoon,Instagram,STANDARD,0.54,0,0,0.0,0,0,0,0,,0,False,143.47,44,68,57,20,19,2026-09-04 11:14:04.436,0
46b5fe4a-2c09-4006-bd5b-08bf12ece5e4,1788511776811,1788511836479,2026-09-04,Friday,11,morning,Instagram,STANDARD,0.99,0,0,0.0,0,0,0,0,,0,False,77.19,44,68,57,20,19,2026-09-04 08:49:36.811,1
46b5fe4a-2c09-4006-bd5b-08bf12ece5e4,1788505598010,1788507145562,2026-09-04,Friday,10,morning,Instagram,LONG_FORM,25.79,0,0,0.0,0,0,0,0,,0,False,128.99,44,68,57,20,19,2026-09-04 07:06:38.010,0
46b5fe4a-2c09-4006-bd5b-08bf12ece5e4,1788497642595,1788497858649,2026-09-04,Friday,7,morning,Instagram,STANDARD,3.6,0,0,0.0,0,0,0,0,,0,False,474.36,44,68,57,20,19,2026-09-04 04:54:02.595,0
46b5fe4a-2c09-4006-bd5b-08bf12ece5e4,1788469133394,1788469180963,2026-09-03,Thursday,23,night,Instagram,STANDARD,0.79,0,0,0.0,0,0,0,0,,0,False,111.6,37,31,67,41,2,2026-09-03 20:58:53.394,0
46b5fe4a-2c09-4006-bd5b-08bf12ece5e4,1788461738566,1788462437177,2026-09-03,Thursday,21,evening,Instagram,LONG_FORM,11.64,0,0,0.0,0,0,0,0,,0,False,0.98,37,31,67,41,2,2026-09-03 18:55:38.566,0
46b5fe4a-2c09-4006-bd5b-08bf12ece5e4,1788461501632,1788461679544,2026-09-03,Thursday,21,evening,Instagram,STANDARD,2.97,0,0,0.0,0,0,0,0,,0,False,1.8,37,31,67,41,2,2026-09-03 18:51:41.632,0
46b5fe4a-2c09-4006-bd5b-08bf12ece5e4,1788460981581,1788461393386,2026-09-03,Thursday,21,evening,Instagram,STANDARD,6.86,0,0,0.0,0,0,0,0,,0,False,0.1,37,31,67,41,2,2026-09-03 18:43:01.581,0
46b5fe4a-2c09-4006-bd5b-08bf12ece5e4,1788460604592,1788460975612,2026-09-03,Thursday,21,evening,Instagram,STANDARD,6.18,0,0,0.0,0,0,0,0,,0,False,2.87,37,31,67,41,2,2026-09-03 18:36:44.592,0
46b5fe4a-2c09-4006-bd5b-08bf12ece5e4,1788459782138,1788460432277,2026-09-03,Thursday,21,evening,Instagram,LONG_FORM,10.84,0,0,0.0,0,0,0,0,,0,False,4.34,37,31,67,41,2,2026-09-03 18:23:02.138,0
46b5fe4a-2c09-4006-bd5b-08bf12ece5e4,1788459109412,1788459521615,2026-09-03,Thursday,21,evening,Instagram,STANDARD,6.87,0,0,0.0,0,0,0,0,,0,False,0.51,37,31,67,41,2,2026-09-03 18:11:49.412,0
46b5fe4a-2c09-4006-bd5b-08bf12ece5e4,1788459020326,1788459078978,2026-09-03,Thursday,21,evening,Instagram,STANDARD,0.98,0,0,0.0,0,0,0,0,,0,False,0.56,37,31,67,41,2,2026-09-03 18:10:20.326,0
46b5fe4a-2c09-4006-bd5b-08bf12ece5e4,1788458920822,1788458986759,2026-09-03,Thursday,21,evening,Instagram,STANDARD,1.1,0,0,0.0,0,0,0,0,,0,False,0.0,37,31,67,41,2,2026-09-03 18:08:40.822,0
46b5fe4a-2c09-4006-bd5b-08bf12ece5e4,1788458522038,1788458920807,2026-09-03,Thursday,21,evening,Instagram,STANDARD,6.65,0,0,0.0,0,0,0,0,,0,False,2.33,37,31,67,41,2,2026-09-03 18:02:02.038,0
46b5fe4a-2c09-4006-bd5b-08bf12ece5e4,1788458351477,1788458382455,2026-09-03,Thursday,20,evening,Instagram,STANDARD,0.52,0,0,0.0,0,0,0,0,,0,False,0.0,37,31,67,41,2,2026-09-03 17:59:11.477,0
46b5fe4a-2c09-4006-bd5b-08bf12ece5e4,1788458242778,1788458351460,2026-09-03,Thursday,20,evening,Instagram,STANDARD,1.81,0,0,0.0,0,0,0,0,,0,False,303.72,37,31,67,41,2,2026-09-03 17:57:22.778,0
46b5fe4a-2c09-4006-bd5b-08bf12ece5e4,1788439983810,1788440019592,2026-09-03,Thursday,15,afternoon,Instagram,STANDARD,0.6,0,0,0.0,0,0,0,0,,0,False,9.17,37,31,67,41,2,2026-09-03 12:53:03.810,1
46b5fe4a-2c09-4006-bd5b-08bf12ece5e4,1788439396775,1788439433321,2026-09-03,Thursday,15,afternoon,Instagram,STANDARD,0.61,0,0,0.0,0,0,0,0,,0,False,1.91,37,31,67,41,2,2026-09-03 12:43:16.775,1
46b5fe4a-2c09-4006-bd5b-08bf12ece5e4,1788439139809,1788439282245,2026-09-03,Thursday,15,afternoon,Instagram,STANDARD,2.37,0,0,0.0,0,0,0,0,,0,False,12.64,37,31,67,41,2,2026-09-03 12:38:59.809,1
46b5fe4a-2c09-4006-bd5b-08bf12ece5e4,1788438162032,1788438381332,2026-09-03,Thursday,15,afternoon,Instagram,STANDARD,3.65,0,0,0.0,0,0,0,0,,0,False,127.7,37,31,67,41,2,2026-09-03 12:22:42.032,1
46b5fe4a-2c09-4006-bd5b-08bf12ece5e4,1788430408331,1788430500066,2026-09-03,Thursday,13,afternoon,Instagram,STANDARD,1.53,0,0,0.0,0,0,0,0,,0,False,0.52,37,31,67,41,2,2026-09-03 10:13:28.331,1
46b5fe4a-2c09-4006-bd5b-08bf12ece5e4,1788430320781,1788430377412,2026-09-03,Thursday,13,afternoon,Instagram,STANDARD,0.94,0,0,0.0,0,0,0,0,,0,False,45.66,37,31,67,41,2,2026-09-03 10:12:00.781,1
46b5fe4a-2c09-4006-bd5b-08bf12ece5e4,1788427539279,1788427581240,2026-09-03,Thursday,12,afternoon,Instagram,STANDARD,0.7,0,0,0.0,0,0,0,0,,0,False,1.1,37,31,67,41,2,2026-09-03 09:25:39.279,1
46b5fe4a-2c09-4006-bd5b-08bf12ece5e4,1788427432549,1788427473532,2026-09-03,Thursday,12,afternoon,Instagram,STANDARD,0.68,0,0,0.0,0,0,0,0,,0,False,279.7,37,31,67,41,2,2026-09-03 09:23:52.549,1
46b5fe4a-2c09-4006-bd5b-08bf12ece5e4,1788410612032,1788410650837,2026-09-03,Thursday,7,morning,Instagram,STANDARD,0.65,0,0,0.0,0,0,0,0,,0,False,40.45,37,31,67,41,2,2026-09-03 04:43:32.032,0
46b5fe4a-2c09-4006-bd5b-08bf12ece5e4,1788408152044,1788408185281,2026-09-03,Thursday,7,morning,Instagram,STANDARD,0.55,0,0,0.0,0,0,0,0,,0,False,1.35,37,31,67,41,2,2026-09-03 04:02:32.044,0
46b5fe4a-2c09-4006-bd5b-08bf12ece5e4,1788408024158,1788408071151,2026-09-03,Thursday,7,morning,Instagram,STANDARD,0.78,0,0,0.0,0,0,0,0,,0,False,6.11,37,31,67,41,2,2026-09-03 04:00:24.158,0
46b5fe4a-2c09-4006-bd5b-08bf12ece5e4,1788407623189,1788407657274,2026-09-03,Thursday,6,morning,Instagram,STANDARD,0.57,0,0,0.0,0,0,0,0,,0,False,1.07,37,31,67,41,2,2026-09-03 03:53:43.189,0
46b5fe4a-2c09-4006-bd5b-08bf12ece5e4,1788407510212,1788407559159,2026-09-03,Thursday,6,morning,Instagram,STANDARD,0.82,0,0,0.0,0,0,0,0,,0,False,0.15,37,31,67,41,2,2026-09-03 03:51:50.212,0
46b5fe4a-2c09-4006-bd5b-08bf12ece5e4,1788407444008,1788407501210,2026-09-03,Thursday,6,morning,Instagram,STANDARD,0.95,0,0,0.0,0,0,0,0,,0,False,552.67,37,31,67,41,2,2026-09-03 03:50:44.008,0
46b5fe4a-2c09-4006-bd5b-08bf12ece5e4,1788374226366,1788374283677,2026-09-02,Wednesday,21,evening,Instagram,STANDARD,0.96,0,0,0.0,0,0,0,0,,0,False,9.41,40,26,69,61,0,2026-09-02 18:37:06.366,0
46b5fe4a-2c09-4006-bd5b-08bf12ece5e4,1788373592470,1788373661645,2026-09-02,Wednesday,21,evening,Instagram,STANDARD,1.15,0,0,0.0,0,0,0,0,,0,False,9.16,40,26,69,61,0,2026-09-02 18:26:32.470,0
46b5fe4a-2c09-4006-bd5b-08bf12ece5e4,1788372662617,1788373042588,2026-09-02,Wednesday,21,evening,Instagram,STANDARD,6.33,0,0,0.0,0,0,0,0,,0,False,7.9,40,26,69,61,0,2026-09-02 18:11:02.617,0
46b5fe4a-2c09-4006-bd5b-08bf12ece5e4,1788371969831,1788372188388,2026-09-02,Wednesday,20,evening,Instagram,STANDARD,3.64,0,0,0.0,0,0,0,0,,0,False,3.3,40,26,69,61,0,2026-09-02 17:59:29.831,0
46b5fe4a-2c09-4006-bd5b-08bf12ece5e4,1788371729503,1788371772032,2026-09-02,Wednesday,20,evening,Instagram,STANDARD,0.71,0,0,0.0,0,0,0,0,,0,False,2.09,40,26,69,61,0,2026-09-02 17:55:29.503,0
46b5fe4a-2c09-4006-bd5b-08bf12ece5e4,1788371471999,1788371604336,2026-09-02,Wednesday,20,evening,Instagram,STANDARD,2.21,0,0,0.0,0,0,0,0,,0,False,6.92,40,26,69,61,0,2026-09-02 17:51:11.999,0
46b5fe4a-2c09-4006-bd5b-08bf12ece5e4,1788370897829,1788371056974,2026-09-02,Wednesday,20,evening,Instagram,STANDARD,2.65,0,0,0.0,0,0,0,0,,0,False,0.15,40,26,69,61,0,2026-09-02 17:41:37.829,0
46b5fe4a-2c09-4006-bd5b-08bf12ece5e4,1788370832214,1788370889050,2026-09-02,Wednesday,20,evening,Instagram,STANDARD,0.95,0,0,0.0,0,0,0,0,,0,False,7.13,40,26,69,61,0,2026-09-02 17:40:32.214,0
46b5fe4a-2c09-4006-bd5b-08bf12ece5e4,1788370188483,1788370404172,2026-09-02,Wednesday,20,evening,Instagram,STANDARD,3.59,0,0,0.0,0,0,0,0,,0,False,10.57,40,26,69,61,0,2026-09-02 17:29:48.483,0
46b5fe4a-2c09-4006-bd5b-08bf12ece5e4,1788369494014,1788369554315,2026-09-02,Wednesday,20,evening,Instagram,STANDARD,1.01,0,0,0.0,0,0,0,0,,0,False,3.64,40,26,69,61,0,2026-09-02 17:18:14.014,0
46b5fe4a-2c09-4006-bd5b-08bf12ece5e4,1788369109254,1788369275628,2026-09-02,Wednesday,20,evening,Instagram,STANDARD,2.77,0,0,0.0,0,0,0,0,,0,False,38.4,40,26,69,61,0,2026-09-02 17:11:49.254,1
46b5fe4a-2c09-4006-bd5b-08bf12ece5e4,1788366700960,1788366804980,2026-09-02,Wednesday,19,evening,Instagram,STANDARD,1.73,0,0,0.0,0,0,0,0,,0,False,0.05,40,26,69,61,0,2026-09-02 16:31:40.960,1
46b5fe4a-2c09-4006-bd5b-08bf12ece5e4,1788366526339,1788366698056,2026-09-02,Wednesday,19,evening,Instagram,STANDARD,2.86,0,0,0.0,0,0,0,0,,0,False,1.38,40,26,69,61,0,2026-09-02 16:28:46.339,1
46b5fe4a-2c09-4006-bd5b-08bf12ece5e4,1788366279124,1788366443479,2026-09-02,Wednesday,19,evening,Instagram,STANDARD,2.74,0,0,0.0,0,0,0,0,,0,False,0.15,40,26,69,61,0,2026-09-02 16:24:39.124,1
46b5fe4a-2c09-4006-bd5b-08bf12ece5e4,1788366052009,1788366269860,2026-09-02,Wednesday,19,evening,Instagram,STANDARD,3.63,0,0,0.0,0,0,0,0,,0,False,2.04,40,26,69,61,0,2026-09-02 16:20:52.009,1
46b5fe4a-2c09-4006-bd5b-08bf12ece5e4,1788365750864,1788365929592,2026-09-02,Wednesday,19,evening,Instagram,STANDARD,2.98,0,0,0.0,0,0,0,0,,0,False,86.16,40,26,69,61,0,2026-09-02 16:15:50.864,1
46b5fe4a-2c09-4006-bd5b-08bf12ece5e4,1788360510079,1788360581347,2026-09-02,Wednesday,17,evening,Instagram,STANDARD,1.19,0,0,0.0,0,0,0,0,,0,False,0.0,40,26,69,61,0,2026-09-02 14:48:30.079,1
46b5fe4a-2c09-4006-bd5b-08bf12ece5e4,1788360378607,1788360510055,2026-09-02,Wednesday,17,evening,Instagram,STANDARD,2.19,0,0,0.0,0,0,0,0,,0,False,0.29,40,26,69,61,0,2026-09-02 14:46:18.607,1
46b5fe4a-2c09-4006-bd5b-08bf12ece5e4,1788360307658,1788360361489,2026-09-02,Wednesday,17,evening,Instagram,STANDARD,0.9,0,0,0.0,0,0,0,0,,0,False,4.85,40,26,69,61,0,2026-09-02 14:45:07.658,1
46b5fe4a-2c09-4006-bd5b-08bf12ece5e4,1788359961029,1788360016837,2026-09-02,Wednesday,17,evening,Instagram,STANDARD,0.93,0,0,0.0,0,0,0,0,,0,False,0.0,40,26,69,61,0,2026-09-02 14:39:21.029,1
46b5fe4a-2c09-4006-bd5b-08bf12ece5e4,1788359885397,1788359961007,2026-09-02,Wednesday,17,evening,Instagram,STANDARD,1.26,0,0,0.0,0,0,0,0,,0,False,0.43,40,26,69,61,0,2026-09-02 14:38:05.397,1
46b5fe4a-2c09-4006-bd5b-08bf12ece5e4,1788359821411,1788359859885,2026-09-02,Wednesday,17,evening,Instagram,STANDARD,0.64,0,0,0.0,0,0,0,0,,0,False,0.73,40,26,69,61,0,2026-09-02 14:37:01.411,1
46b5fe4a-2c09-4006-bd5b-08bf12ece5e4,1788359734725,1788359777696,2026-09-02,Wednesday,17,evening,Instagram,STANDARD,0.72,0,0,0.0,0,0,0,0,,0,False,0.0,40,26,69,61,0,2026-09-02 14:35:34.725,1
46b5fe4a-2c09-4006-bd5b-08bf12ece5e4,1788359577877,1788359734714,2026-09-02,Wednesday,17,evening,Instagram,STANDARD,2.61,0,0,0.0,0,0,0,0,,0,False,1.01,40,26,69,61,0,2026-09-02 14:32:57.877,1
46b5fe4a-2c09-4006-bd5b-08bf12ece5e4,1788359480020,1788359517474,2026-09-02,Wednesday,17,evening,Instagram,STANDARD,0.62,0,0,0.0,0,0,0,0,,0,False,100.2,40,26,69,61,0,2026-09-02 14:31:20.020,1
46b5fe4a-2c09-4006-bd5b-08bf12ece5e4,1788352962152,1788353468201,2026-09-02,Wednesday,15,afternoon,Instagram,STANDARD,8.43,0,0,0.0,0,0,0,0,,0,False,,40,26,69,61,0,2026-09-02 12:42:42.152,0
