user_id,session_start,session_end,date,day_of_week,session_hour,time_of_day,app_label,detected_format,duration_minutes,scroll_count,tap_count,scroll_speed_estimate,avg_scroll_delta_px,micro_scrolls,normal_scrolls,macro_scrolls,scroll_behavior,notification_count,triggered_by_notification,minutes_since_last_session,day_asi_score,day_intensity_score,day_fragmentation_score,day_compulsion_score,day_disruption_score
46b5fe4a-2c09-4006-bd5b-08bf12ece5e4,1788952677459,1788954321519,2026-09-09,Wednesday,14,afternoon,Instagram,LONG_FORM,27.40,0,0,0.00,0,0,0,0,N/A,0,false,5.67,59,70,81,56,21
46b5fe4a-2c09-4006-bd5b-08bf12ece5e4,1788951096337,1788952337017,2026-09-09,Wednesday,13,afternoon,Instagram,LONG_FORM,20.68,0,0,0.00,0,0,0,0,N/A,0,false,0.61,59,70,81,56,21
46b5fe4a-2c09-4006-bd5b-08bf12ece5e4,1788950751152,1788951059669,2026-09-09,Wednesday,13,afternoon,Instagram,STANDARD,5.14,0,0,0.00,0,0,0,0,N/A,0,false,26.11,59,70,81,56,21
46b5fe4a-2c09-4006-bd5b-08bf12ece5e4,1788949101109,1788949184613,2026-09-09,Wednesday,13,afternoon,Instagram,STANDARD,1.39,0,0,0.00,0,0,0,0,N/A,0,false,0.09,59,70,81,56,21
46b5fe4a-2c09-4006-bd5b-08bf12ece5e4,1788948736852,1788949095831,2026-09-09,Wednesday,13,afternoon,Instagram,STANDARD,5.98,0,0,0.00,0,0,0,0,N/A,0,false,0.45,59,70,81,56,21
46b5fe4a-2c09-4006-bd5b-08bf12ece5e4,1788948664515,1788948709615,2026-09-09,Wednesday,13,afternoon,Instagram,STANDARD,0.75,0,0,0.00,0,0,0,0,N/A,0,false,0.09,59,70,81,56,21
46b5fe4a-2c09-4006-bd5b-08bf12ece5e4,1788948484335,1788948659005,2026-09-09,Wednesday,13,afternoon,Instagram,STANDARD,2.91,0,0,0.00,0,0,0,0,N/A,0,false,0.33,59,70,81,56,21
46b5fe4a-2c09-4006-bd5b-08bf12ece5e4,1788948298733,1788948464604,2026-09-09,Wednesday,13,afternoon,Instagram,STANDARD,2.76,0,0,0.00,0,0,0,0,N/A,0,false,0.66,59,70,81,56,21
46b5fe4a-2c09-4006-bd5b-08bf12ece5e4,1788948222672,1788948259373,2026-09-09,Wednesday,13,afternoon,Instagram,STANDARD,0.61,0,0,0.00,0,0,0,0,N/A,0,false,0.50,59,70,81,56,21
46b5fe4a-2c09-4006-bd5b-08bf12ece5e4,1788948046927,1788948192844,2026-09-09,Wednesday,13,afternoon,Instagram,STANDARD,2.43,0,0,0.00,0,0,0,0,N/A,0,false,0.41,59,70,81,56,21
46b5fe4a-2c09-4006-bd5b-08bf12ece5e4,1788947841329,1788948022027,2026-09-09,Wednesday,12,afternoon,Instagram,STANDARD,3.01,0,0,0.00,0,0,0,0,N/A,0,false,0.82,59,70,81,56,21
46b5fe4a-2c09-4006-bd5b-08bf12ece5e4,1788947679757,1788947791922,2026-09-09,Wednesday,12,afternoon,Instagram,STANDARD,1.87,0,0,0.00,0,0,0,0,N/A,0,false,0.00,59,70,81,56,21
46b5fe4a-2c09-4006-bd5b-08bf12ece5e4,1788946231375,1788947679751,2026-09-09,Wednesday,12,afternoon,Instagram,LONG_FORM,24.14,0,0,0.00,0,0,0,0,N/A,0,false,2.01,59,70,81,56,21
46b5fe4a-2c09-4006-bd5b-08bf12ece5e4,1788946077603,1788946111066,2026-09-09,Wednesday,12,afternoon,Instagram,STANDARD,0.56,0,0,0.00,0,0,0,0,N/A,0,false,0.00,59,70,81,56,21
46b5fe4a-2c09-4006-bd5b-08bf12ece5e4,1788945718364,1788946077580,2026-09-09,Wednesday,12,afternoon,Instagram,STANDARD,5.99,0,0,0.00,0,0,0,0,N/A,0,false,0.09,59,70,81,56,21
46b5fe4a-2c09-4006-bd5b-08bf12ece5e4,1788945337332,1788945713087,2026-09-09,Wednesday,12,afternoon,Instagram,STANDARD,6.26,0,0,0.00,0,0,0,0,N/A,0,false,0.82,59,70,81,56,21
46b5fe4a-2c09-4006-bd5b-08bf12ece5e4,1788945206529,1788945288071,2026-09-09,Wednesday,12,afternoon,Instagram,STANDARD,1.36,0,0,0.00,0,0,0,0,N/A,0,false,1.92,59,70,81,56,21
46b5fe4a-2c09-4006-bd5b-08bf12ece5e4,1788944680084,1788945091450,2026-09-09,Wednesday,12,afternoon,Instagram,STANDARD,6.86,0,0,0.00,0,0,0,0,N/A,0,false,0.00,59,70,81,56,21
46b5fe4a-2c09-4006-bd5b-08bf12ece5e4,1788944496604,1788944680065,2026-09-09,Wednesday,12,afternoon,Instagram,STANDARD,3.06,0,0,0.00,0,0,0,0,N/A,0,false,6.63,59,70,81,56,21
46b5fe4a-2c09-4006-bd5b-08bf12ece5e4,1788944059721,1788944098764,2026-09-09,Wednesday,11,morning,Instagram,STANDARD,0.65,0,0,0.00,0,0,0,0,N/A,0,false,0.03,59,70,81,56,21
46b5fe4a-2c09-4006-bd5b-08bf12ece5e4,1788943683999,1788944057915,2026-09-09,Wednesday,11,morning,Instagram,STANDARD,6.23,0,0,0.00,0,0,0,0,N/A,0,false,0.30,59,70,81,56,21
46b5fe4a-2c09-4006-bd5b-08bf12ece5e4,1788943374504,1788943666263,2026-09-09,Wednesday,11,morning,Instagram,STANDARD,4.86,0,0,0.00,0,0,0,0,N/A,0,false,2.17,59,70,81,56,21
46b5fe4a-2c09-4006-bd5b-08bf12ece5e4,1788942958210,1788943244116,2026-09-09,Wednesday,11,morning,Instagram,STANDARD,4.77,0,0,0.00,0,0,0,0,N/A,0,false,4.41,59,70,81,56,21
46b5fe4a-2c09-4006-bd5b-08bf12ece5e4,1788941587267,1788942693408,2026-09-09,Wednesday,11,morning,Instagram,LONG_FORM,18.44,0,0,0.00,0,0,0,0,N/A,0,false,18.36,59,70,81,56,21
46b5fe4a-2c09-4006-bd5b-08bf12ece5e4,1788940130187,1788940485738,2026-09-09,Wednesday,10,morning,Instagram,STANDARD,5.93,0,0,0.00,0,0,0,0,N/A,0,false,0.16,59,70,81,56,21
46b5fe4a-2c09-4006-bd5b-08bf12ece5e4,1788938168595,1788940120739,2026-09-09,Wednesday,10,morning,Instagram,LONG_FORM,32.54,0,0,0.00,0,0,0,0,N/A,0,false,0.16,59,70,81,56,21
46b5fe4a-2c09-4006-bd5b-08bf12ece5e4,1788934886390,1788938158794,2026-09-09,Wednesday,9,morning,Instagram,LONG_FORM,54.54,0,0,0.00,0,0,0,0,N/A,0,false,0.15,59,70,81,56,21
46b5fe4a-2c09-4006-bd5b-08bf12ece5e4,1788934219026,1788934877189,2026-09-09,Wednesday,9,morning,Instagram,LONG_FORM,10.97,0,0,0.00,0,0,0,0,N/A,0,false,0.00,59,70,81,56,21
46b5fe4a-2c09-4006-bd5b-08bf12ece5e4,1788934089992,1788934219007,2026-09-09,Wednesday,9,morning,Instagram,STANDARD,2.15,0,0,0.00,0,0,0,0,N/A,0,false,0.00,59,70,81,56,21
46b5fe4a-2c09-4006-bd5b-08bf12ece5e4,1788933250109,1788934089972,2026-09-09,Wednesday,8,morning,Instagram,LONG_FORM,14.00,0,0,0.00,0,0,0,0,N/A,0,false,0.08,59,70,81,56,21
46b5fe4a-2c09-4006-bd5b-08bf12ece5e4,1788933032045,1788933245394,2026-09-09,Wednesday,8,morning,Instagram,STANDARD,3.56,0,0,0.00,0,0,0,0,N/A,0,false,0.17,59,70,81,56,21
46b5fe4a-2c09-4006-bd5b-08bf12ece5e4,1788932746582,1788933021874,2026-09-09,Wednesday,8,morning,Instagram,STANDARD,4.59,0,0,0.00,0,0,0,0,N/A,0,false,523.60,59,70,81,56,21
46b5fe4a-2c09-4006-bd5b-08bf12ece5e4,1788901289588,1788901330862,2026-09-09,Wednesday,0,night,Instagram,STANDARD,0.69,0,0,0.00,0,0,0,0,N/A,0,false,18.23,59,70,81,56,21
46b5fe4a-2c09-4006-bd5b-08bf12ece5e4,1788899616488,1788900195837,2026-09-08,Tuesday,23,night,Instagram,STANDARD,9.66,0,0,0.00,0,0,0,0,N/A,0,false,0.57,48,51,63,47,26
46b5fe4a-2c09-4006-bd5b-08bf12ece5e4,1788898898716,1788899582360,2026-09-08,Tuesday,23,night,Instagram,LONG_FORM,11.39,0,0,0.00,0,0,0,0,N/A,0,false,7.55,48,51,63,47,26
46b5fe4a-2c09-4006-bd5b-08bf12ece5e4,1788897611451,1788898445596,2026-09-08,Tuesday,23,night,Instagram,LONG_FORM,13.90,0,0,0.00,0,0,0,0,N/A,0,false,1.34,48,51,63,47,26
46b5fe4a-2c09-4006-bd5b-08bf12ece5e4,1788897460685,1788897531222,2026-09-08,Tuesday,22,night,Instagram,STANDARD,1.18,0,0,0.00,0,0,0,0,N/A,0,false,6.69,48,51,63,47,26
46b5fe4a-2c09-4006-bd5b-08bf12ece5e4,1788896535325,1788897059266,2026-09-08,Tuesday,22,night,Instagram,STANDARD,8.73,0,0,0.00,0,0,0,0,N/A,0,false,0.99,48,51,63,47,26
46b5fe4a-2c09-4006-bd5b-08bf12ece5e4,1788896433792,1788896475676,2026-09-08,Tuesday,22,night,Instagram,STANDARD,0.70,0,0,0.00,0,0,0,0,N/A,0,false,0.00,48,51,63,47,26
46b5fe4a-2c09-4006-bd5b-08bf12ece5e4,1788896369563,1788896433781,2026-09-08,Tuesday,22,night,Instagram,STANDARD,1.07,0,0,0.00,0,0,0,0,N/A,0,false,88.32,48,51,63,47,26
46b5fe4a-2c09-4006-bd5b-08bf12ece5e4,1788891018794,1788891070554,2026-09-08,Tuesday,21,evening,Instagram,STANDARD,0.86,0,0,0.00,0,0,0,0,N/A,0,false,15.75,48,51,63,47,26
46b5fe4a-2c09-4006-bd5b-08bf12ece5e4,1788889846830,1788890073850,2026-09-08,Tuesday,20,evening,Instagram,STANDARD,3.78,0,0,0.00,0,0,0,0,N/A,0,false,31.51,48,51,63,47,26
46b5fe4a-2c09-4006-bd5b-08bf12ece5e4,1788887134350,1788887956165,2026-09-08,Tuesday,20,evening,Instagram,LONG_FORM,13.70,0,0,0.00,0,0,0,0,N/A,0,false,27.80,48,51,63,47,26
46b5fe4a-2c09-4006-bd5b-08bf12ece5e4,1788885434402,1788885466114,2026-09-08,Tuesday,19,evening,Instagram,STANDARD,0.53,0,0,0.00,0,0,0,0,N/A,0,false,0.21,48,51,63,47,26
46b5fe4a-2c09-4006-bd5b-08bf12ece5e4,1788884383791,1788885421524,2026-09-08,Tuesday,19,evening,Instagram,LONG_FORM,17.30,0,0,0.00,0,0,0,0,N/A,0,false,33.33,48,51,63,47,26
46b5fe4a-2c09-4006-bd5b-08bf12ece5e4,1788882149952,1788882383808,2026-09-08,Tuesday,18,evening,Instagram,STANDARD,3.90,0,0,0.00,0,0,0,0,N/A,0,false,0.77,48,51,63,47,26
46b5fe4a-2c09-4006-bd5b-08bf12ece5e4,1788880087930,1788882103808,2026-09-08,Tuesday,18,evening,Instagram,LONG_FORM,33.60,0,0,0.00,0,0,0,0,N/A,0,false,0.00,48,51,63,47,26
46b5fe4a-2c09-4006-bd5b-08bf12ece5e4,1788879956863,1788880087904,2026-09-08,Tuesday,18,evening,Instagram,STANDARD,2.18,0,0,0.00,0,0,0,0,N/A,0,false,0.00,48,51,63,47,26
46b5fe4a-2c09-4006-bd5b-08bf12ece5e4,1788879865915,1788879956842,2026-09-08,Tuesday,18,evening,Instagram,STANDARD,1.52,0,0,0.00,0,0,0,0,N/A,0,false,17.95,48,51,63,47,26
46b5fe4a-2c09-4006-bd5b-08bf12ece5e4,1788878612250,1788878788639,2026-09-08,Tuesday,17,evening,Instagram,STANDARD,2.94,0,0,0.00,0,0,0,0,N/A,0,false,9.31,48,51,63,47,26
46b5fe4a-2c09-4006-bd5b-08bf12ece5e4,1788877956516,1788878053676,2026-09-08,Tuesday,17,evening,Instagram,STANDARD,1.62,0,0,0.00,0,0,0,0,N/A,0,false,56.93,48,51,63,47,26
46b5fe4a-2c09-4006-bd5b-08bf12ece5e4,1788874494276,1788874540667,2026-09-08,Tuesday,16,afternoon,Instagram,STANDARD,0.77,0,0,0.00,0,0,0,0,N/A,0,false,54.05,48,51,63,47,26
46b5fe4a-2c09-4006-bd5b-08bf12ece5e4,1788871150696,1788871251179,2026-09-08,Tuesday,15,afternoon,Instagram,STANDARD,1.67,0,0,0.00,0,0,0,0,N/A,0,false,1.92,48,51,63,47,26
46b5fe4a-2c09-4006-bd5b-08bf12ece5e4,1788870990577,1788871035789,2026-09-08,Tuesday,15,afternoon,Instagram,STANDARD,0.75,0,0,0.00,0,0,0,0,N/A,0,false,16.85,48,51,63,47,26
46b5fe4a-2c09-4006-bd5b-08bf12ece5e4,1788869857692,1788869979330,2026-09-08,Tuesday,15,afternoon,Instagram,STANDARD,2.03,0,0,0.00,0,0,0,0,N/A,0,false,49.88,48,51,63,47,26
46b5fe4a-2c09-4006-bd5b-08bf12ece5e4,1788866828679,1788866864816,2026-09-08,Tuesday,14,afternoon,Instagram,STANDARD,0.60,0,0,0.00,0,0,0,0,N/A,0,false,51.36,48,51,63,47,26
46b5fe4a-2c09-4006-bd5b-08bf12ece5e4,1788863712297,1788863747077,2026-09-08,Tuesday,13,afternoon,Instagram,STANDARD,0.58,0,0,0.00,0,0,0,0,N/A,0,false,1.09,48,51,63,47,26
46b5fe4a-2c09-4006-bd5b-08bf12ece5e4,1788863599690,1788863647107,2026-09-08,Tuesday,13,afternoon,Instagram,STANDARD,0.79,0,0,0.00,0,0,0,0,N/A,0,false,47.95,48,51,63,47,26
46b5fe4a-2c09-4006-bd5b-08bf12ece5e4,1788860625527,1788860722544,2026-09-08,Tuesday,12,afternoon,Instagram,STANDARD,1.62,0,0,0.00,0,0,0,0,N/A,0,false,1.14,48,51,63,47,26
46b5fe4a-2c09-4006-bd5b-08bf12ece5e4,1788860499736,1788860556869,2026-09-08,Tuesday,12,afternoon,Instagram,STANDARD,0.95,0,0,0.00,0,0,0,0,N/A,0,false,0.18,48,51,63,47,26
46b5fe4a-2c09-4006-bd5b-08bf12ece5e4,1788860439527,1788860488905,2026-09-08,Tuesday,12,afternoon,Instagram,STANDARD,0.82,0,0,0.00,0,0,0,0,N/A,0,false,128.69,48,51,63,47,26
46b5fe4a-2c09-4006-bd5b-08bf12ece5e4,1788852682975,1788852718039,2026-09-08,Tuesday,10,morning,Instagram,STANDARD,0.58,0,0,0.00,0,0,0,0,N/A,0,false,745.05,48,51,63,47,26
46b5fe4a-2c09-4006-bd5b-08bf12ece5e4,1788807898150,1788807979871,2026-09-07,Monday,22,night,Instagram,STANDARD,1.36,0,0,0.00,0,0,0,0,N/A,0,false,7.57,41,50,61,39,3
46b5fe4a-2c09-4006-bd5b-08bf12ece5e4,1788807002834,1788807443899,2026-09-07,Monday,21,evening,Instagram,STANDARD,7.35,0,0,0.00,0,0,0,0,N/A,0,false,5.57,41,50,61,39,3
46b5fe4a-2c09-4006-bd5b-08bf12ece5e4,1788805755762,1788806668671,2026-09-07,Monday,21,evening,Instagram,LONG_FORM,15.22,0,0,0.00,0,0,0,0,N/A,0,false,0.43,41,50,61,39,3
46b5fe4a-2c09-4006-bd5b-08bf12ece5e4,1788805449419,1788805729939,2026-09-07,Monday,21,evening,Instagram,STANDARD,4.68,0,0,0.00,0,0,0,0,N/A,0,false,0.46,41,50,61,39,3
46b5fe4a-2c09-4006-bd5b-08bf12ece5e4,1788805383331,1788805421953,2026-09-07,Monday,21,evening,Instagram,STANDARD,0.64,0,0,0.00,0,0,0,0,N/A,0,false,8.69,41,50,61,39,3
46b5fe4a-2c09-4006-bd5b-08bf12ece5e4,1788804608132,1788804862119,2026-09-07,Monday,21,evening,Instagram,STANDARD,4.23,0,0,0.00,0,0,0,0,N/A,0,false,50.13,41,50,61,39,3
46b5fe4a-2c09-4006-bd5b-08bf12ece5e4,1788800943512,1788801600503,2026-09-07,Monday,20,evening,Instagram,LONG_FORM,10.95,0,0,0.00,0,0,0,0,N/A,0,false,1.49,41,50,61,39,3
46b5fe4a-2c09-4006-bd5b-08bf12ece5e4,1788800798917,1788800854345,2026-09-07,Monday,20,evening,Instagram,STANDARD,0.92,0,0,0.00,0,0,0,0,N/A,0,false,5.79,41,50,61,39,3
46b5fe4a-2c09-4006-bd5b-08bf12ece5e4,1788799822218,1788800451465,2026-09-07,Monday,19,evening,Instagram,LONG_FORM,10.49,0,0,0.00,0,0,0,0,N/A,0,false,0.15,41,50,61,39,3
46b5fe4a-2c09-4006-bd5b-08bf12ece5e4,1788798188709,1788799813438,2026-09-07,Monday,19,evening,Instagram,LONG_FORM,27.08,0,0,0.00,0,0,0,0,N/A,0,false,0.04,41,50,61,39,3
46b5fe4a-2c09-4006-bd5b-08bf12ece5e4,1788796900867,1788798186197,2026-09-07,Monday,19,evening,Instagram,LONG_FORM,21.42,0,0,0.00,0,0,0,0,N/A,0,false,200.83,41,50,61,39,3
46b5fe4a-2c09-4006-bd5b-08bf12ece5e4,1788784524245,1788784850967,2026-09-07,Monday,15,afternoon,Instagram,STANDARD,5.45,0,0,0.00,0,0,0,0,N/A,0,false,0.67,41,50,61,39,3
46b5fe4a-2c09-4006-bd5b-08bf12ece5e4,1788783888302,1788784483943,2026-09-07,Monday,15,afternoon,Instagram,STANDARD,9.93,0,0,0.00,0,0,0,0,N/A,0,false,165.17,41,50,61,39,3
46b5fe4a-2c09-4006-bd5b-08bf12ece5e4,1788773948250,1788773978283,2026-09-07,Monday,12,afternoon,Instagram,STANDARD,0.50,0,0,0.00,0,0,0,0,N/A,0,false,0.06,41,50,61,39,3
46b5fe4a-2c09-4006-bd5b-08bf12ece5e4,1788773880463,1788773944462,2026-09-07,Monday,12,afternoon,Instagram,STANDARD,1.07,0,0,0.00,0,0,0,0,N/A,0,false,70.33,41,50,61,39,3
46b5fe4a-2c09-4006-bd5b-08bf12ece5e4,1788769621612,1788769660797,2026-09-07,Monday,11,morning,Instagram,STANDARD,0.65,0,0,0.00,0,0,0,0,N/A,0,false,90.90,41,50,61,39,3
46b5fe4a-2c09-4006-bd5b-08bf12ece5e4,1788764081183,1788764167634,2026-09-07,Monday,9,morning,Instagram,STANDARD,1.44,0,0,0.00,0,0,0,0,N/A,0,false,0.98,41,50,61,39,3
46b5fe4a-2c09-4006-bd5b-08bf12ece5e4,1788763970125,1788764022342,2026-09-07,Monday,9,morning,Instagram,STANDARD,0.87,0,0,0.00,0,0,0,0,N/A,0,false,681.21,41,50,61,39,3
46b5fe4a-2c09-4006-bd5b-08bf12ece5e4,1788722832073,1788723097735,2026-09-06,Sunday,22,night,Instagram,STANDARD,4.43,0,0,0.00,0,0,0,0,N/A,0,false,54.53,47,56,70,41,15
46b5fe4a-2c09-4006-bd5b-08bf12ece5e4,1788719522937,1788719560509,2026-09-06,Sunday,21,evening,Instagram,STANDARD,0.63,0,0,0.00,0,0,0,0,N/A,0,false,0.00,47,56,70,41,15
46b5fe4a-2c09-4006-bd5b-08bf12ece5e4,1788719149669,1788719522743,2026-09-06,Sunday,21,evening,Instagram,STANDARD,6.22,0,0,0.00,0,0,0,0,N/A,0,false,175.83,47,56,70,41,15
46b5fe4a-2c09-4006-bd5b-08bf12ece5e4,1788708417619,1788708599911,2026-09-06,Sunday,18,evening,Instagram,STANDARD,3.04,0,0,0.00,0,0,0,0,N/A,0,false,20.00,47,56,70,41,15
46b5fe4a-2c09-4006-bd5b-08bf12ece5e4,1788706239721,1788707217859,2026-09-06,Sunday,17,evening,Instagram,LONG_FORM,16.30,0,0,0.00,0,0,0,0,N/A,0,false,0.04,47,56,70,41,15
46b5fe4a-2c09-4006-bd5b-08bf12ece5e4,1788706110963,1788706237034,2026-09-06,Sunday,17,evening,Instagram,STANDARD,2.10,0,0,0.00,0,0,0,0,N/A,0,false,0.12,47,56,70,41,15
46b5fe4a-2c09-4006-bd5b-08bf12ece5e4,1788705986506,1788706103530,2026-09-06,Sunday,17,evening,Instagram,STANDARD,1.95,0,0,0.00,0,0,0,0,N/A,0,false,1.81,47,56,70,41,15
46b5fe4a-2c09-4006-bd5b-08bf12ece5e4,1788705752783,1788705878067,2026-09-06,Sunday,17,evening,Instagram,STANDARD,2.09,0,0,0.00,0,0,0,0,N/A,0,false,1.29,47,56,70,41,15
46b5fe4a-2c09-4006-bd5b-08bf12ece5e4,1788705516774,1788705675227,2026-09-06,Sunday,17,evening,Instagram,STANDARD,2.64,0,0,0.00,0,0,0,0,N/A,0,false,8.35,47,56,70,41,15
46b5fe4a-2c09-4006-bd5b-08bf12ece5e4,1788704907156,1788705015855,2026-09-06,Sunday,17,evening,Instagram,STANDARD,1.81,0,0,0.00,0,0,0,0,N/A,0,false,85.61,47,56,70,41,15
46b5fe4a-2c09-4006-bd5b-08bf12ece5e4,1788699175253,1788699770481,2026-09-06,Sunday,15,afternoon,Instagram,STANDARD,9.92,0,0,0.00,0,0,0,0,N/A,0,false,1.14,47,56,70,41,15
46b5fe4a-2c09-4006-bd5b-08bf12ece5e4,1788698625375,1788699106835,2026-09-06,Sunday,15,afternoon,Instagram,STANDARD,8.02,0,0,0.00,0,0,0,0,N/A,0,false,1.37,47,56,70,41,15
46b5fe4a-2c09-4006-bd5b-08bf12ece5e4,1788698511137,1788698543378,2026-09-06,Sunday,15,afternoon,Instagram,STANDARD,0.54,0,0,0.00,0,0,0,0,N/A,0,false,0.17,47,56,70,41,15
46b5fe4a-2c09-4006-bd5b-08bf12ece5e4,1788695234636,1788698500982,2026-09-06,Sunday,14,afternoon,Instagram,LONG_FORM,54.44,0,0,0.00,0,0,0,0,N/A,0,false,0.26,47,56,70,41,15
46b5fe4a-2c09-4006-bd5b-08bf12ece5e4,1788694702573,1788695218977,2026-09-06,Sunday,14,afternoon,Instagram,STANDARD,8.61,0,0,0.00,0,0,0,0,N/A,0,false,0.77,47,56,70,41,15
46b5fe4a-2c09-4006-bd5b-08bf12ece5e4,1788694517360,1788694656556,2026-09-06,Sunday,14,afternoon,Instagram,STANDARD,2.32,0,0,0.00,0,0,0,0,N/A,0,false,286.99,47,56,70,41,15
46b5fe4a-2c09-4006-bd5b-08bf12ece5e4,1788677234897,1788677297877,2026-09-06,Sunday,9,morning,Instagram,STANDARD,1.05,0,0,0.00,0,0,0,0,N/A,0,false,590.61,47,56,70,41,15
46b5fe4a-2c09-4006-bd5b-08bf12ece5e4,1788641694637,1788641798035,2026-09-05,Saturday,23,night,Instagram,STANDARD,1.72,0,0,0.00,0,0,0,0,N/A,0,false,45.65,37,14,42,49,47
46b5fe4a-2c09-4006-bd5b-08bf12ece5e4,1788638734240,1788638955744,2026-09-05,Saturday,23,night,Instagram,STANDARD,3.69,0,0,0.00,0,0,0,0,N/A,0,false,1.23,37,14,42,49,47
46b5fe4a-2c09-4006-bd5b-08bf12ece5e4,1788638548097,1788638660523,2026-09-05,Saturday,23,night,Instagram,STANDARD,1.87,0,0,0.00,0,0,0,0,N/A,0,false,13.33,37,14,42,49,47
46b5fe4a-2c09-4006-bd5b-08bf12ece5e4,1788637460472,1788637748333,2026-09-05,Saturday,22,night,Instagram,STANDARD,4.80,0,0,0.00,0,0,0,0,N/A,0,false,0.23,37,14,42,49,47
46b5fe4a-2c09-4006-bd5b-08bf12ece5e4,1788637399615,1788637446731,2026-09-05,Saturday,22,night,Instagram,STANDARD,0.79,0,0,0.00,0,0,0,0,N/A,0,false,0.19,37,14,42,49,47
46b5fe4a-2c09-4006-bd5b-08bf12ece5e4,1788637247142,1788637388010,2026-09-05,Saturday,22,night,Instagram,STANDARD,2.35,0,0,0.00,0,0,0,0,N/A,0,false,23.32,37,14,42,49,47
46b5fe4a-2c09-4006-bd5b-08bf12ece5e4,1788635808271,1788635848036,2026-09-05,Saturday,22,night,Instagram,STANDARD,0.66,0,0,0.00,0,0,0,0,N/A,0,false,115.44,37,14,42,49,47
46b5fe4a-2c09-4006-bd5b-08bf12ece5e4,1788628554784,1788628881869,2026-09-05,Saturday,20,evening,Instagram,STANDARD,5.45,0,0,0.00,0,0,0,0,N/A,0,false,0.28,37,14,42,49,47
46b5fe4a-2c09-4006-bd5b-08bf12ece5e4,1788628452141,1788628538196,2026-09-05,Saturday,20,evening,Instagram,STANDARD,1.43,0,0,0.00,0,0,0,0,N/A,0,false,1345.37,37,14,42,49,47
46b5fe4a-2c09-4006-bd5b-08bf12ece5e4,1788546997606,1788547729819,2026-09-04,Friday,21,evening,Instagram,LONG_FORM,12.20,0,0,0.00,0,0,0,0,N/A,0,false,2.94,44,68,57,20,19
46b5fe4a-2c09-4006-bd5b-08bf12ece5e4,1788546594696,1788546821008,2026-09-04,Friday,21,evening,Instagram,STANDARD,3.77,0,0,0.00,0,0,0,0,N/A,0,false,2.95,44,68,57,20,19
46b5fe4a-2c09-4006-bd5b-08bf12ece5e4,1788542746937,1788546417662,2026-09-04,Friday,20,evening,Instagram,LONG_FORM,61.18,0,0,0.00,0,0,0,0,N/A,0,false,42.05,44,68,57,20,19
46b5fe4a-2c09-4006-bd5b-08bf12ece5e4,1788540186310,1788540224148,2026-09-04,Friday,19,evening,Instagram,STANDARD,0.63,0,0,0.00,0,0,0,0,N/A,0,false,55.59,44,68,57,20,19
46b5fe4a-2c09-4006-bd5b-08bf12ece5e4,1788536720184,1788536850704,2026-09-04,Friday,18,evening,Instagram,STANDARD,2.18,0,0,0.00,0,0,0,0,N/A,0,false,2.59,44,68,57,20,19
46b5fe4a-2c09-4006-bd5b-08bf12ece5e4,1788536485826,1788536564957,2026-09-04,Friday,18,evening,Instagram,STANDARD,1.32,0,0,0.00,0,0,0,0,N/A,0,false,4.84,44,68,57,20,19
46b5fe4a-2c09-4006-bd5b-08bf12ece5e4,1788532862844,1788536195324,2026-09-04,Friday,17,evening,Instagram,LONG_FORM,55.54,0,0,0.00,0,0,0,0,N/A,0,false,30.53,44,68,57,20,19
46b5fe4a-2c09-4006-bd5b-08bf12ece5e4,1788530526451,1788531030876,2026-09-04,Friday,17,evening,Instagram,STANDARD,8.41,0,0,0.00,0,0,0,0,N/A,0,false,0.92,44,68,57,20,19
46b5fe4a-2c09-4006-bd5b-08bf12ece5e4,1788530440944,1788530471417,2026-09-04,Friday,17,evening,Instagram,STANDARD,0.51,0,0,0.00,0,0,0,0,N/A,0,false,166.07,44,68,57,20,19
46b5fe4a-2c09-4006-bd5b-08bf12ece5e4,1788520444436,1788520476884,2026-09-04,Friday,14,afternoon,Instagram,STANDARD,0.54,0,0,0.00,0,0,0,0,N/A,0,false,143.47,44,68,57,20,19
46b5fe4a-2c09-4006-bd5b-08bf12ece5e4,1788511776811,1788511836479,2026-09-04,Friday,11,morning,Instagram,STANDARD,0.99,0,0,0.00,0,0,0,0,N/A,0,false,77.19,44,68,57,20,19
46b5fe4a-2c09-4006-bd5b-08bf12ece5e4,1788505598010,1788507145562,2026-09-04,Friday,10,morning,Instagram,LONG_FORM,25.79,0,0,0.00,0,0,0,0,N/A,0,false,128.99,44,68,57,20,19
46b5fe4a-2c09-4006-bd5b-08bf12ece5e4,1788497642595,1788497858649,2026-09-04,Friday,7,morning,Instagram,STANDARD,3.60,0,0,0.00,0,0,0,0,N/A,0,false,474.36,44,68,57,20,19
46b5fe4a-2c09-4006-bd5b-08bf12ece5e4,1788469133394,1788469180963,2026-09-03,Thursday,23,night,Instagram,STANDARD,0.79,0,0,0.00,0,0,0,0,N/A,0,false,111.60,37,31,67,41,2
46b5fe4a-2c09-4006-bd5b-08bf12ece5e4,1788461738566,1788462437177,2026-09-03,Thursday,21,evening,Instagram,LONG_FORM,11.64,0,0,0.00,0,0,0,0,N/A,0,false,0.98,37,31,67,41,2
46b5fe4a-2c09-4006-bd5b-08bf12ece5e4,1788461501632,1788461679544,2026-09-03,Thursday,21,evening,Instagram,STANDARD,2.97,0,0,0.00,0,0,0,0,N/A,0,false,1.80,37,31,67,41,2
46b5fe4a-2c09-4006-bd5b-08bf12ece5e4,1788460981581,1788461393386,2026-09-03,Thursday,21,evening,Instagram,STANDARD,6.86,0,0,0.00,0,0,0,0,N/A,0,false,0.10,37,31,67,41,2
46b5fe4a-2c09-4006-bd5b-08bf12ece5e4,1788460604592,1788460975612,2026-09-03,Thursday,21,evening,Instagram,STANDARD,6.18,0,0,0.00,0,0,0,0,N/A,0,false,2.87,37,31,67,41,2
46b5fe4a-2c09-4006-bd5b-08bf12ece5e4,1788459782138,1788460432277,2026-09-03,Thursday,21,evening,Instagram,LONG_FORM,10.84,0,0,0.00,0,0,0,0,N/A,0,false,4.34,37,31,67,41,2
46b5fe4a-2c09-4006-bd5b-08bf12ece5e4,1788459109412,1788459521615,2026-09-03,Thursday,21,evening,Instagram,STANDARD,6.87,0,0,0.00,0,0,0,0,N/A,0,false,0.51,37,31,67,41,2
46b5fe4a-2c09-4006-bd5b-08bf12ece5e4,1788459020326,1788459078978,2026-09-03,Thursday,21,evening,Instagram,STANDARD,0.98,0,0,0.00,0,0,0,0,N/A,0,false,0.56,37,31,67,41,2
46b5fe4a-2c09-4006-bd5b-08bf12ece5e4,1788458920822,1788458986759,2026-09-03,Thursday,21,evening,Instagram,STANDARD,1.10,0,0,0.00,0,0,0,0,N/A,0,false,0.00,37,31,67,41,2
46b5fe4a-2c09-4006-bd5b-08bf12ece5e4,1788458522038,1788458920807,2026-09-03,Thursday,21,evening,Instagram,STANDARD,6.65,0,0,0.00,0,0,0,0,N/A,0,false,2.33,37,31,67,41,2
46b5fe4a-2c09-4006-bd5b-08bf12ece5e4,1788458351477,1788458382455,2026-09-03,Thursday,20,evening,Instagram,STANDARD,0.52,0,0,0.00,0,0,0,0,N/A,0,false,0.00,37,31,67,41,2
46b5fe4a-2c09-4006-bd5b-08bf12ece5e4,1788458242778,1788458351460,2026-09-03,Thursday,20,evening,Instagram,STANDARD,1.81,0,0,0.00,0,0,0,0,N/A,0,false,303.72,37,31,67,41,2
46b5fe4a-2c09-4006-bd5b-08bf12ece5e4,1788439983810,1788440019592,2026-09-03,Thursday,15,afternoon,Instagram,STANDARD,0.60,0,0,0.00,0,0,0,0,N/A,0,false,9.17,37,31,67,41,2
46b5fe4a-2c09-4006-bd5b-08bf12ece5e4,1788439396775,1788439433321,2026-09-03,Thursday,15,afternoon,Instagram,STANDARD,0.61,0,0,0.00,0,0,0,0,N/A,0,false,1.91,37,31,67,41,2
46b5fe4a-2c09-4006-bd5b-08bf12ece5e4,1788439139809,1788439282245,2026-09-03,Thursday,15,afternoon,Instagram,STANDARD,2.37,0,0,0.00,0,0,0,0,N/A,0,false,12.64,37,31,67,41,2
46b5fe4a-2c09-4006-bd5b-08bf12ece5e4,1788438162032,1788438381332,2026-09-03,Thursday,15,afternoon,Instagram,STANDARD,3.65,0,0,0.00,0,0,0,0,N/A,0,false,127.70,37,31,67,41,2
46b5fe4a-2c09-4006-bd5b-08bf12ece5e4,1788430408331,1788430500066,2026-09-03,Thursday,13,afternoon,Instagram,STANDARD,1.53,0,0,0.00,0,0,0,0,N/A,0,false,0.52,37,31,67,41,2
46b5fe4a-2c09-4006-bd5b-08bf12ece5e4,1788430320781,1788430377412,2026-09-03,Thursday,13,afternoon,Instagram,STANDARD,0.94,0,0,0.00,0,0,0,0,N/A,0,false,45.66,37,31,67,41,2
46b5fe4a-2c09-4006-bd5b-08bf12ece5e4,1788427539279,1788427581240,2026-09-03,Thursday,12,afternoon,Instagram,STANDARD,0.70,0,0,0.00,0,0,0,0,N/A,0,false,1.10,37,31,67,41,2
46b5fe4a-2c09-4006-bd5b-08bf12ece5e4,1788427432549,1788427473532,2026-09-03,Thursday,12,afternoon,Instagram,STANDARD,0.68,0,0,0.00,0,0,0,0,N/A,0,false,279.70,37,31,67,41,2
46b5fe4a-2c09-4006-bd5b-08bf12ece5e4,1788410612032,1788410650837,2026-09-03,Thursday,7,morning,Instagram,STANDARD,0.65,0,0,0.00,0,0,0,0,N/A,0,false,40.45,37,31,67,41,2
46b5fe4a-2c09-4006-bd5b-08bf12ece5e4,1788408152044,1788408185281,2026-09-03,Thursday,7,morning,Instagram,STANDARD,0.55,0,0,0.00,0,0,0,0,N/A,0,false,1.35,37,31,67,41,2
46b5fe4a-2c09-4006-bd5b-08bf12ece5e4,1788408024158,1788408071151,2026-09-03,Thursday,7,morning,Instagram,STANDARD,0.78,0,0,0.00,0,0,0,0,N/A,0,false,6.11,37,31,67,41,2
46b5fe4a-2c09-4006-bd5b-08bf12ece5e4,1788407623189,1788407657274,2026-09-03,Thursday,6,morning,Instagram,STANDARD,0.57,0,0,0.00,0,0,0,0,N/A,0,false,1.07,37,31,67,41,2
46b5fe4a-2c09-4006-bd5b-08bf12ece5e4,1788407510212,1788407559159,2026-09-03,Thursday,6,morning,Instagram,STANDARD,0.82,0,0,0.00,0,0,0,0,N/A,0,false,0.15,37,31,67,41,2
46b5fe4a-2c09-4006-bd5b-08bf12ece5e4,1788407444008,1788407501210,2026-09-03,Thursday,6,morning,Instagram,STANDARD,0.95,0,0,0.00,0,0,0,0,N/A,0,false,552.67,37,31,67,41,2
46b5fe4a-2c09-4006-bd5b-08bf12ece5e4,1788374226366,1788374283677,2026-09-02,Wednesday,21,evening,Instagram,STANDARD,0.96,0,0,0.00,0,0,0,0,N/A,0,false,9.41,40,26,69,61,0
46b5fe4a-2c09-4006-bd5b-08bf12ece5e4,1788373592470,1788373661645,2026-09-02,Wednesday,21,evening,Instagram,STANDARD,1.15,0,0,0.00,0,0,0,0,N/A,0,false,9.16,40,26,69,61,0
46b5fe4a-2c09-4006-bd5b-08bf12ece5e4,1788372662617,1788373042588,2026-09-02,Wednesday,21,evening,Instagram,STANDARD,6.33,0,0,0.00,0,0,0,0,N/A,0,false,7.90,40,26,69,61,0
46b5fe4a-2c09-4006-bd5b-08bf12ece5e4,1788371969831,1788372188388,2026-09-02,Wednesday,20,evening,Instagram,STANDARD,3.64,0,0,0.00,0,0,0,0,N/A,0,false,3.30,40,26,69,61,0
46b5fe4a-2c09-4006-bd5b-08bf12ece5e4,1788371729503,1788371772032,2026-09-02,Wednesday,20,evening,Instagram,STANDARD,0.71,0,0,0.00,0,0,0,0,N/A,0,false,2.09,40,26,69,61,0
46b5fe4a-2c09-4006-bd5b-08bf12ece5e4,1788371471999,1788371604336,2026-09-02,Wednesday,20,evening,Instagram,STANDARD,2.21,0,0,0.00,0,0,0,0,N/A,0,false,6.92,40,26,69,61,0
46b5fe4a-2c09-4006-bd5b-08bf12ece5e4,1788370897829,1788371056974,2026-09-02,Wednesday,20,evening,Instagram,STANDARD,2.65,0,0,0.00,0,0,0,0,N/A,0,false,0.15,40,26,69,61,0
46b5fe4a-2c09-4006-bd5b-08bf12ece5e4,1788370832214,1788370889050,2026-09-02,Wednesday,20,evening,Instagram,STANDARD,0.95,0,0,0.00,0,0,0,0,N/A,0,false,7.13,40,26,69,61,0
46b5fe4a-2c09-4006-bd5b-08bf12ece5e4,1788370188483,1788370404172,2026-09-02,Wednesday,20,evening,Instagram,STANDARD,3.59,0,0,0.00,0,0,0,0,N/A,0,false,10.57,40,26,69,61,0
46b5fe4a-2c09-4006-bd5b-08bf12ece5e4,1788369494014,1788369554315,2026-09-02,Wednesday,20,evening,Instagram,STANDARD,1.01,0,0,0.00,0,0,0,0,N/A,0,false,3.64,40,26,69,61,0
46b5fe4a-2c09-4006-bd5b-08bf12ece5e4,1788369109254,1788369275628,2026-09-02,Wednesday,20,evening,Instagram,STANDARD,2.77,0,0,0.00,0,0,0,0,N/A,0,false,38.40,40,26,69,61,0
46b5fe4a-2c09-4006-bd5b-08bf12ece5e4,1788366700960,1788366804980,2026-09-02,Wednesday,19,evening,Instagram,STANDARD,1.73,0,0,0.00,0,0,0,0,N/A,0,false,0.05,40,26,69,61,0
46b5fe4a-2c09-4006-bd5b-08bf12ece5e4,1788366526339,1788366698056,2026-09-02,Wednesday,19,evening,Instagram,STANDARD,2.86,0,0,0.00,0,0,0,0,N/A,0,false,1.38,40,26,69,61,0
46b5fe4a-2c09-4006-bd5b-08bf12ece5e4,1788366279124,1788366443479,2026-09-02,Wednesday,19,evening,Instagram,STANDARD,2.74,0,0,0.00,0,0,0,0,N/A,0,false,0.15,40,26,69,61,0
46b5fe4a-2c09-4006-bd5b-08bf12ece5e4,1788366052009,1788366269860,2026-09-02,Wednesday,19,evening,Instagram,STANDARD,3.63,0,0,0.00,0,0,0,0,N/A,0,false,2.04,40,26,69,61,0
46b5fe4a-2c09-4006-bd5b-08bf12ece5e4,1788365750864,1788365929592,2026-09-02,Wednesday,19,evening,Instagram,STANDARD,2.98,0,0,0.00,0,0,0,0,N/A,0,false,86.16,40,26,69,61,0
46b5fe4a-2c09-4006-bd5b-08bf12ece5e4,1788360510079,1788360581347,2026-09-02,Wednesday,17,evening,Instagram,STANDARD,1.19,0,0,0.00,0,0,0,0,N/A,0,false,0.00,40,26,69,61,0
46b5fe4a-2c09-4006-bd5b-08bf12ece5e4,1788360378607,1788360510055,2026-09-02,Wednesday,17,evening,Instagram,STANDARD,2.19,0,0,0.00,0,0,0,0,N/A,0,false,0.29,40,26,69,61,0
46b5fe4a-2c09-4006-bd5b-08bf12ece5e4,1788360307658,1788360361489,2026-09-02,Wednesday,17,evening,Instagram,STANDARD,0.90,0,0,0.00,0,0,0,0,N/A,0,false,4.85,40,26,69,61,0
46b5fe4a-2c09-4006-bd5b-08bf12ece5e4,1788359961029,1788360016837,2026-09-02,Wednesday,17,evening,Instagram,STANDARD,0.93,0,0,0.00,0,0,0,0,N/A,0,false,0.00,40,26,69,61,0
46b5fe4a-2c09-4006-bd5b-08bf12ece5e4,1788359885397,1788359961007,2026-09-02,Wednesday,17,evening,Instagram,STANDARD,1.26,0,0,0.00,0,0,0,0,N/A,0,false,0.43,40,26,69,61,0
46b5fe4a-2c09-4006-bd5b-08bf12ece5e4,1788359821411,1788359859885,2026-09-02,Wednesday,17,evening,Instagram,STANDARD,0.64,0,0,0.00,0,0,0,0,N/A,0,false,0.73,40,26,69,61,0
46b5fe4a-2c09-4006-bd5b-08bf12ece5e4,1788359734725,1788359777696,2026-09-02,Wednesday,17,evening,Instagram,STANDARD,0.72,0,0,0.00,0,0,0,0,N/A,0,false,0.00,40,26,69,61,0
46b5fe4a-2c09-4006-bd5b-08bf12ece5e4,1788359577877,1788359734714,2026-09-02,Wednesday,17,evening,Instagram,STANDARD,2.61,0,0,0.00,0,0,0,0,N/A,0,false,1.01,40,26,69,61,0
46b5fe4a-2c09-4006-bd5b-08bf12ece5e4,1788359480020,1788359517474,2026-09-02,Wednesday,17,evening,Instagram,STANDARD,0.62,0,0,0.00,0,0,0,0,N/A,0,false,100.20,40,26,69,61,0
46b5fe4a-2c09-4006-bd5b-08bf12ece5e4,1788352962152,1788353468201,2026-09-02,Wednesday,15,afternoon,Instagram,STANDARD,8.43,0,0,0.00,0,0,0,0,N/A,0,false,NA,40,26,69,61,0