user_id,date,day_of_week,app_label,detected_format,duration_minutes,scroll_count,tap_count,scroll_speed_estimate,session_hour,time_of_day,is_passive_session,is_autoplay_session,day_asi_score,day_asi_level,day_intensity_score,day_fragmentation_score,day_compulsion_score,day_disruption_score
d5a62f7a-97c9-481c-83be-f0a06b70cad9,2026-04-23,Thursday,Instagram,REELS,5.04,0,0,0.00,21,evening,1,1,63,HIGH,69,82,69,21
d5a62f7a-97c9-481c-83be-f0a06b70cad9,2026-04-23,Thursday,Instagram,LONG_FORM,17.86,0,0,0.00,20,evening,1,1,63,HIGH,69,82,69,21
8cf97b0c-76c9-4d72-b617-759a955f969f,2026-04-23,Thursday,Instagram,LONG_FORM,17.86,0,0,0.00,20,evening,1,1,63,HIGH,69,82,69,21
d5a62f7a-97c9-481c-83be-f0a06b70cad9,2026-04-23,Thursday,Instagram,LONG_FORM,14.89,0,0,0.00,19,evening,1,1,63,HIGH,69,82,69,21
8cf97b0c-76c9-4d72-b617-759a955f969f,2026-04-23,Thursday,Instagram,LONG_FORM,14.89,0,0,0.00,19,evening,1,1,63,HIGH,69,82,69,21
d5a62f7a-97c9-481c-83be-f0a06b70cad9,2026-04-23,Thursday,Instagram,REELS,0.56,0,0,0.00,19,evening,0,0,63,HIGH,69,82,69,21
8cf97b0c-76c9-4d72-b617-759a955f969f,2026-04-23,Thursday,Instagram,REELS,0.56,0,0,0.00,19,evening,0,0,63,HIGH,69,82,69,21
d5a62f7a-97c9-481c-83be-f0a06b70cad9,2026-04-23,Thursday,Instagram,LONG_FORM,38.14,0,0,0.00,18,evening,1,1,63,HIGH,69,82,69,21
8cf97b0c-76c9-4d72-b617-759a955f969f,2026-04-23,Thursday,Instagram,LONG_FORM,38.14,0,0,0.00,18,evening,1,1,63,HIGH,69,82,69,21
d5a62f7a-97c9-481c-83be-f0a06b70cad9,2026-04-23,Thursday,Facebook,STANDARD,3.75,0,0,0.00,18,evening,0,0,63,HIGH,69,82,69,21
8cf97b0c-76c9-4d72-b617-759a955f969f,2026-04-23,Thursday,Facebook,STANDARD,3.75,0,0,0.00,18,evening,0,0,63,HIGH,69,82,69,21
d5a62f7a-97c9-481c-83be-f0a06b70cad9,2026-04-23,Thursday,Facebook,STANDARD,2.26,0,0,0.00,18,evening,0,0,63,HIGH,69,82,69,21
8cf97b0c-76c9-4d72-b617-759a955f969f,2026-04-23,Thursday,Facebook,STANDARD,2.26,0,0,0.00,18,evening,0,0,63,HIGH,69,82,69,21
d5a62f7a-97c9-481c-83be-f0a06b70cad9,2026-04-23,Thursday,Facebook,STANDARD,0.76,0,0,0.00,18,evening,0,0,63,HIGH,69,82,69,21
8cf97b0c-76c9-4d72-b617-759a955f969f,2026-04-23,Thursday,Facebook,STANDARD,0.76,0,0,0.00,18,evening,0,0,63,HIGH,69,82,69,21
d5a62f7a-97c9-481c-83be-f0a06b70cad9,2026-04-23,Thursday,Facebook,STANDARD,9.70,0,0,0.00,18,evening,1,1,63,HIGH,69,82,69,21
d5a62f7a-97c9-481c-83be-f0a06b70cad9,2026-04-23,Thursday,Facebook,STANDARD,0.63,0,0,0.00,18,evening,0,0,63,HIGH,69,82,69,21
8cf97b0c-76c9-4d72-b617-759a955f969f,2026-04-23,Thursday,Facebook,STANDARD,0.63,0,0,0.00,18,evening,0,0,63,HIGH,69,82,69,21
d5a62f7a-97c9-481c-83be-f0a06b70cad9,2026-04-23,Thursday,YouTube,LONG_FORM,20.79,0,0,0.00,17,evening,1,1,63,HIGH,69,82,69,21
8cf97b0c-76c9-4d72-b617-759a955f969f,2026-04-23,Thursday,YouTube,LONG_FORM,20.79,0,0,0.00,17,evening,1,1,63,HIGH,69,82,69,21
d5a62f7a-97c9-481c-83be-f0a06b70cad9,2026-04-23,Thursday,Instagram,REELS,0.85,0,0,0.00,17,evening,0,0,63,HIGH,69,82,69,21
8cf97b0c-76c9-4d72-b617-759a955f969f,2026-04-23,Thursday,Instagram,REELS,0.85,0,0,0.00,17,evening,0,0,63,HIGH,69,82,69,21
d5a62f7a-97c9-481c-83be-f0a06b70cad9,2026-04-23,Thursday,Instagram,REELS,1.57,0,0,0.00,17,evening,0,0,63,HIGH,69,82,69,21
8cf97b0c-76c9-4d72-b617-759a955f969f,2026-04-23,Thursday,Instagram,REELS,1.57,0,0,0.00,17,evening,0,0,63,HIGH,69,82,69,21
d5a62f7a-97c9-481c-83be-f0a06b70cad9,2026-04-23,Thursday,Facebook,STANDARD,1.99,0,0,0.00,17,evening,0,0,63,HIGH,69,82,69,21
d5a62f7a-97c9-481c-83be-f0a06b70cad9,2026-04-23,Thursday,Instagram,REELS,9.89,0,0,0.00,16,afternoon,1,1,63,HIGH,69,82,69,21
8cf97b0c-76c9-4d72-b617-759a955f969f,2026-04-23,Thursday,Instagram,REELS,9.89,0,0,0.00,16,afternoon,1,1,63,HIGH,69,82,69,21
d5a62f7a-97c9-481c-83be-f0a06b70cad9,2026-04-23,Thursday,Instagram,REELS,0.62,0,0,0.00,16,afternoon,0,0,63,HIGH,69,82,69,21
8cf97b0c-76c9-4d72-b617-759a955f969f,2026-04-23,Thursday,Instagram,REELS,0.62,0,0,0.00,16,afternoon,0,0,63,HIGH,69,82,69,21
d5a62f7a-97c9-481c-83be-f0a06b70cad9,2026-04-23,Thursday,Instagram,REELS,1.37,0,0,0.00,16,afternoon,0,0,63,HIGH,69,82,69,21
8cf97b0c-76c9-4d72-b617-759a955f969f,2026-04-23,Thursday,Instagram,REELS,1.37,0,0,0.00,16,afternoon,0,0,63,HIGH,69,82,69,21
d5a62f7a-97c9-481c-83be-f0a06b70cad9,2026-04-23,Thursday,Facebook,STANDARD,6.25,0,0,0.00,16,afternoon,1,1,63,HIGH,69,82,69,21
8cf97b0c-76c9-4d72-b617-759a955f969f,2026-04-23,Thursday,Facebook,STANDARD,6.25,0,0,0.00,16,afternoon,1,1,63,HIGH,69,82,69,21
d5a62f7a-97c9-481c-83be-f0a06b70cad9,2026-04-23,Thursday,YouTube,SHORTS,1.38,0,0,0.00,16,afternoon,0,0,63,HIGH,69,82,69,21
8cf97b0c-76c9-4d72-b617-759a955f969f,2026-04-23,Thursday,YouTube,SHORTS,1.38,0,0,0.00,16,afternoon,0,0,63,HIGH,69,82,69,21
d5a62f7a-97c9-481c-83be-f0a06b70cad9,2026-04-23,Thursday,Facebook,STANDARD,4.00,0,0,0.00,16,afternoon,0,0,63,HIGH,69,82,69,21
8cf97b0c-76c9-4d72-b617-759a955f969f,2026-04-23,Thursday,Facebook,STANDARD,4.00,0,0,0.00,16,afternoon,0,0,63,HIGH,69,82,69,21
d5a62f7a-97c9-481c-83be-f0a06b70cad9,2026-04-23,Thursday,Facebook,STANDARD,1.15,0,0,0.00,16,afternoon,0,0,63,HIGH,69,82,69,21
8cf97b0c-76c9-4d72-b617-759a955f969f,2026-04-23,Thursday,Facebook,STANDARD,1.15,0,0,0.00,16,afternoon,0,0,63,HIGH,69,82,69,21
d5a62f7a-97c9-481c-83be-f0a06b70cad9,2026-04-23,Thursday,Facebook,STANDARD,1.26,0,0,0.00,16,afternoon,0,0,63,HIGH,69,82,69,21
8cf97b0c-76c9-4d72-b617-759a955f969f,2026-04-23,Thursday,Facebook,STANDARD,1.26,0,0,0.00,16,afternoon,0,0,63,HIGH,69,82,69,21
d5a62f7a-97c9-481c-83be-f0a06b70cad9,2026-04-23,Thursday,Instagram,REELS,3.88,0,0,0.00,15,afternoon,0,0,63,HIGH,69,82,69,21
8cf97b0c-76c9-4d72-b617-759a955f969f,2026-04-23,Thursday,Instagram,REELS,3.88,0,0,0.00,15,afternoon,0,0,63,HIGH,69,82,69,21
d5a62f7a-97c9-481c-83be-f0a06b70cad9,2026-04-23,Thursday,YouTube,SHORTS,1.50,0,0,0.00,15,afternoon,0,0,63,HIGH,69,82,69,21
8cf97b0c-76c9-4d72-b617-759a955f969f,2026-04-23,Thursday,YouTube,SHORTS,1.50,0,0,0.00,15,afternoon,0,0,63,HIGH,69,82,69,21
d5a62f7a-97c9-481c-83be-f0a06b70cad9,2026-04-23,Thursday,Instagram,REELS,3.17,0,0,0.00,13,afternoon,0,0,63,HIGH,69,82,69,21
8cf97b0c-76c9-4d72-b617-759a955f969f,2026-04-23,Thursday,Instagram,REELS,3.17,0,0,0.00,13,afternoon,0,0,63,HIGH,69,82,69,21
d5a62f7a-97c9-481c-83be-f0a06b70cad9,2026-04-23,Thursday,Facebook,STANDARD,1.21,0,0,0.00,12,afternoon,0,0,63,HIGH,69,82,69,21
d5a62f7a-97c9-481c-83be-f0a06b70cad9,2026-04-23,Thursday,Facebook,STANDARD,0.73,0,0,0.00,12,afternoon,0,0,63,HIGH,69,82,69,21
8cf97b0c-76c9-4d72-b617-759a955f969f,2026-04-23,Thursday,Facebook,STANDARD,0.73,0,0,0.00,12,afternoon,0,0,63,HIGH,69,82,69,21
d5a62f7a-97c9-481c-83be-f0a06b70cad9,2026-04-23,Thursday,Facebook,STANDARD,1.39,0,0,0.00,12,afternoon,0,0,63,HIGH,69,82,69,21
8cf97b0c-76c9-4d72-b617-759a955f969f,2026-04-23,Thursday,Facebook,STANDARD,1.39,0,0,0.00,12,afternoon,0,0,63,HIGH,69,82,69,21
d5a62f7a-97c9-481c-83be-f0a06b70cad9,2026-04-23,Thursday,Instagram,REELS,0.53,0,0,0.00,12,afternoon,0,0,63,HIGH,69,82,69,21
8cf97b0c-76c9-4d72-b617-759a955f969f,2026-04-23,Thursday,Instagram,REELS,0.53,0,0,0.00,12,afternoon,0,0,63,HIGH,69,82,69,21
d5a62f7a-97c9-481c-83be-f0a06b70cad9,2026-04-23,Thursday,Instagram,REELS,3.35,0,0,0.00,12,afternoon,0,0,63,HIGH,69,82,69,21
d5a62f7a-97c9-481c-83be-f0a06b70cad9,2026-04-23,Thursday,Instagram,REELS,2.76,0,0,0.00,12,afternoon,0,0,63,HIGH,69,82,69,21
8cf97b0c-76c9-4d72-b617-759a955f969f,2026-04-23,Thursday,Instagram,REELS,2.76,0,0,0.00,12,afternoon,0,0,63,HIGH,69,82,69,21
d5a62f7a-97c9-481c-83be-f0a06b70cad9,2026-04-23,Thursday,Instagram,REELS,1.53,0,0,0.00,12,afternoon,0,0,63,HIGH,69,82,69,21
8cf97b0c-76c9-4d72-b617-759a955f969f,2026-04-23,Thursday,Instagram,REELS,1.53,0,0,0.00,12,afternoon,0,0,63,HIGH,69,82,69,21
d5a62f7a-97c9-481c-83be-f0a06b70cad9,2026-04-23,Thursday,Instagram,REELS,1.56,0,0,0.00,12,afternoon,0,0,63,HIGH,69,82,69,21
d5a62f7a-97c9-481c-83be-f0a06b70cad9,2026-04-23,Thursday,Facebook,STANDARD,1.12,0,0,0.00,11,morning,0,0,63,HIGH,69,82,69,21
8cf97b0c-76c9-4d72-b617-759a955f969f,2026-04-23,Thursday,Facebook,STANDARD,1.12,0,0,0.00,11,morning,0,0,63,HIGH,69,82,69,21
d5a62f7a-97c9-481c-83be-f0a06b70cad9,2026-04-23,Thursday,Facebook,STANDARD,1.44,0,0,0.00,11,morning,0,0,63,HIGH,69,82,69,21
d5a62f7a-97c9-481c-83be-f0a06b70cad9,2026-04-23,Thursday,Facebook,STANDARD,4.08,0,0,0.00,11,morning,0,0,63,HIGH,69,82,69,21
8cf97b0c-76c9-4d72-b617-759a955f969f,2026-04-23,Thursday,Facebook,STANDARD,4.08,0,0,0.00,11,morning,0,0,63,HIGH,69,82,69,21
d5a62f7a-97c9-481c-83be-f0a06b70cad9,2026-04-23,Thursday,Facebook,STANDARD,2.99,0,0,0.00,11,morning,0,0,63,HIGH,69,82,69,21
8cf97b0c-76c9-4d72-b617-759a955f969f,2026-04-23,Thursday,Facebook,STANDARD,2.99,0,0,0.00,11,morning,0,0,63,HIGH,69,82,69,21
d5a62f7a-97c9-481c-83be-f0a06b70cad9,2026-04-23,Thursday,Instagram,REELS,2.53,0,0,0.00,11,morning,0,0,63,HIGH,69,82,69,21
8cf97b0c-76c9-4d72-b617-759a955f969f,2026-04-23,Thursday,Instagram,REELS,2.53,0,0,0.00,11,morning,0,0,63,HIGH,69,82,69,21
d5a62f7a-97c9-481c-83be-f0a06b70cad9,2026-04-23,Thursday,YouTube,STANDARD,10.51,0,0,0.00,11,morning,1,1,63,HIGH,69,82,69,21
d5a62f7a-97c9-481c-83be-f0a06b70cad9,2026-04-23,Thursday,YouTube,LONG_FORM,20.88,0,0,0.00,10,morning,1,1,63,HIGH,69,82,69,21
8cf97b0c-76c9-4d72-b617-759a955f969f,2026-04-23,Thursday,YouTube,LONG_FORM,20.88,0,0,0.00,10,morning,1,1,63,HIGH,69,82,69,21
d5a62f7a-97c9-481c-83be-f0a06b70cad9,2026-04-23,Thursday,YouTube,SHORTS,1.08,0,0,0.00,10,morning,0,0,63,HIGH,69,82,69,21
8cf97b0c-76c9-4d72-b617-759a955f969f,2026-04-23,Thursday,YouTube,SHORTS,1.08,0,0,0.00,10,morning,0,0,63,HIGH,69,82,69,21
d5a62f7a-97c9-481c-83be-f0a06b70cad9,2026-04-23,Thursday,YouTube,SHORTS,1.13,0,0,0.00,10,morning,0,0,63,HIGH,69,82,69,21
8cf97b0c-76c9-4d72-b617-759a955f969f,2026-04-23,Thursday,YouTube,SHORTS,1.13,0,0,0.00,10,morning,0,0,63,HIGH,69,82,69,21
d5a62f7a-97c9-481c-83be-f0a06b70cad9,2026-04-23,Thursday,Facebook,STANDARD,5.31,0,0,0.00,10,morning,1,1,63,HIGH,69,82,69,21
8cf97b0c-76c9-4d72-b617-759a955f969f,2026-04-23,Thursday,Facebook,STANDARD,5.31,0,0,0.00,10,morning,1,1,63,HIGH,69,82,69,21
d5a62f7a-97c9-481c-83be-f0a06b70cad9,2026-04-23,Thursday,Instagram,REELS,0.98,0,0,0.00,10,morning,0,0,63,HIGH,69,82,69,21
8cf97b0c-76c9-4d72-b617-759a955f969f,2026-04-23,Thursday,Instagram,REELS,0.98,0,0,0.00,10,morning,0,0,63,HIGH,69,82,69,21
d5a62f7a-97c9-481c-83be-f0a06b70cad9,2026-04-23,Thursday,Instagram,REELS,6.60,0,0,0.00,9,morning,1,1,63,HIGH,69,82,69,21
8cf97b0c-76c9-4d72-b617-759a955f969f,2026-04-23,Thursday,Instagram,REELS,6.60,0,0,0.00,9,morning,1,1,63,HIGH,69,82,69,21
d5a62f7a-97c9-481c-83be-f0a06b70cad9,2026-04-23,Thursday,YouTube,STANDARD,10.58,0,0,0.00,9,morning,1,1,63,HIGH,69,82,69,21
8cf97b0c-76c9-4d72-b617-759a955f969f,2026-04-23,Thursday,YouTube,STANDARD,10.58,0,0,0.00,9,morning,1,1,63,HIGH,69,82,69,21
d5a62f7a-97c9-481c-83be-f0a06b70cad9,2026-04-23,Thursday,YouTube,STANDARD,14.79,0,0,0.00,8,morning,1,1,63,HIGH,69,82,69,21
8cf97b0c-76c9-4d72-b617-759a955f969f,2026-04-23,Thursday,YouTube,STANDARD,14.79,0,0,0.00,8,morning,1,1,63,HIGH,69,82,69,21
d5a62f7a-97c9-481c-83be-f0a06b70cad9,2026-04-23,Thursday,Facebook,STANDARD,11.60,0,0,0.00,8,morning,1,1,63,HIGH,69,82,69,21
8cf97b0c-76c9-4d72-b617-759a955f969f,2026-04-23,Thursday,Facebook,STANDARD,11.60,0,0,0.00,8,morning,1,1,63,HIGH,69,82,69,21
d5a62f7a-97c9-481c-83be-f0a06b70cad9,2026-04-23,Thursday,Facebook,STANDARD,1.95,0,0,0.00,8,morning,0,0,63,HIGH,69,82,69,21
8cf97b0c-76c9-4d72-b617-759a955f969f,2026-04-23,Thursday,Facebook,STANDARD,1.95,0,0,0.00,8,morning,0,0,63,HIGH,69,82,69,21
d5a62f7a-97c9-481c-83be-f0a06b70cad9,2026-04-23,Thursday,Facebook,STANDARD,7.62,0,0,0.00,8,morning,1,1,63,HIGH,69,82,69,21
8cf97b0c-76c9-4d72-b617-759a955f969f,2026-04-23,Thursday,Facebook,STANDARD,7.62,0,0,0.00,8,morning,1,1,63,HIGH,69,82,69,21
d5a62f7a-97c9-481c-83be-f0a06b70cad9,2026-04-23,Thursday,Facebook,STANDARD,21.36,0,0,0.00,8,morning,1,1,63,HIGH,69,82,69,21
8cf97b0c-76c9-4d72-b617-759a955f969f,2026-04-23,Thursday,Facebook,STANDARD,21.36,0,0,0.00,8,morning,1,1,63,HIGH,69,82,69,21
d5a62f7a-97c9-481c-83be-f0a06b70cad9,2026-04-23,Thursday,Facebook,STANDARD,0.52,0,0,0.00,8,morning,0,0,63,HIGH,69,82,69,21
8cf97b0c-76c9-4d72-b617-759a955f969f,2026-04-23,Thursday,Facebook,STANDARD,0.52,0,0,0.00,8,morning,0,0,63,HIGH,69,82,69,21
d5a62f7a-97c9-481c-83be-f0a06b70cad9,2026-04-23,Thursday,YouTube,LONG_FORM,21.81,0,0,0.00,0,night,1,1,63,HIGH,69,82,69,21
8cf97b0c-76c9-4d72-b617-759a955f969f,2026-04-23,Thursday,YouTube,LONG_FORM,21.81,0,0,0.00,0,night,1,1,63,HIGH,69,82,69,21
8cf97b0c-76c9-4d72-b617-759a955f969f,2026-04-23,Thursday,YouTube,SHORTS,2.85,0,0,0.00,0,night,0,0,63,HIGH,69,82,69,21
8cf97b0c-76c9-4d72-b617-759a955f969f,2026-04-22,Wednesday,YouTube,STANDARD,9.88,0,0,0.00,23,night,1,1,60,MODERATE,62,80,80,4
d5a62f7a-97c9-481c-83be-f0a06b70cad9,2026-04-22,Wednesday,YouTube,STANDARD,9.88,0,0,0.00,23,night,1,1,60,MODERATE,62,80,80,4
8cf97b0c-76c9-4d72-b617-759a955f969f,2026-04-22,Wednesday,YouTube,SHORTS,2.00,0,0,0.00,23,night,0,0,60,MODERATE,62,80,80,4
d5a62f7a-97c9-481c-83be-f0a06b70cad9,2026-04-22,Wednesday,YouTube,SHORTS,2.00,0,0,0.00,23,night,0,0,60,MODERATE,62,80,80,4
8cf97b0c-76c9-4d72-b617-759a955f969f,2026-04-22,Wednesday,YouTube,LONG_FORM,24.59,0,0,0.00,23,night,1,1,60,MODERATE,62,80,80,4
d5a62f7a-97c9-481c-83be-f0a06b70cad9,2026-04-22,Wednesday,YouTube,LONG_FORM,24.59,0,0,0.00,23,night,1,1,60,MODERATE,62,80,80,4
8cf97b0c-76c9-4d72-b617-759a955f969f,2026-04-22,Wednesday,Facebook,STANDARD,0.66,0,0,0.00,23,night,0,0,60,MODERATE,62,80,80,4
d5a62f7a-97c9-481c-83be-f0a06b70cad9,2026-04-22,Wednesday,Facebook,STANDARD,0.66,0,0,0.00,23,night,0,0,60,MODERATE,62,80,80,4
8cf97b0c-76c9-4d72-b617-759a955f969f,2026-04-22,Wednesday,Facebook,STANDARD,0.74,0,0,0.00,23,night,0,0,60,MODERATE,62,80,80,4
d5a62f7a-97c9-481c-83be-f0a06b70cad9,2026-04-22,Wednesday,Facebook,STANDARD,0.74,0,0,0.00,23,night,0,0,60,MODERATE,62,80,80,4
8cf97b0c-76c9-4d72-b617-759a955f969f,2026-04-22,Wednesday,Instagram,LONG_FORM,20.78,0,0,0.00,21,evening,1,1,60,MODERATE,62,80,80,4
d5a62f7a-97c9-481c-83be-f0a06b70cad9,2026-04-22,Wednesday,Instagram,LONG_FORM,20.78,0,0,0.00,21,evening,1,1,60,MODERATE,62,80,80,4
8cf97b0c-76c9-4d72-b617-759a955f969f,2026-04-22,Wednesday,Facebook,STANDARD,7.62,0,0,0.00,21,evening,1,1,60,MODERATE,62,80,80,4
d5a62f7a-97c9-481c-83be-f0a06b70cad9,2026-04-22,Wednesday,Facebook,STANDARD,7.62,0,0,0.00,21,evening,1,1,60,MODERATE,62,80,80,4
8cf97b0c-76c9-4d72-b617-759a955f969f,2026-04-22,Wednesday,Facebook,STANDARD,11.09,0,0,0.00,21,evening,1,1,60,MODERATE,62,80,80,4
d5a62f7a-97c9-481c-83be-f0a06b70cad9,2026-04-22,Wednesday,Facebook,STANDARD,11.09,0,0,0.00,21,evening,1,1,60,MODERATE,62,80,80,4
8cf97b0c-76c9-4d72-b617-759a955f969f,2026-04-22,Wednesday,Instagram,REELS,4.70,0,0,0.00,21,evening,0,0,60,MODERATE,62,80,80,4
d5a62f7a-97c9-481c-83be-f0a06b70cad9,2026-04-22,Wednesday,Instagram,REELS,4.70,0,0,0.00,21,evening,0,0,60,MODERATE,62,80,80,4
8cf97b0c-76c9-4d72-b617-759a955f969f,2026-04-22,Wednesday,Instagram,REELS,0.51,0,0,0.00,21,evening,0,0,60,MODERATE,62,80,80,4
d5a62f7a-97c9-481c-83be-f0a06b70cad9,2026-04-22,Wednesday,Instagram,REELS,0.51,0,0,0.00,21,evening,0,0,60,MODERATE,62,80,80,4
8cf97b0c-76c9-4d72-b617-759a955f969f,2026-04-22,Wednesday,Instagram,REELS,4.23,0,0,0.00,19,evening,0,0,60,MODERATE,62,80,80,4
d5a62f7a-97c9-481c-83be-f0a06b70cad9,2026-04-22,Wednesday,Instagram,REELS,4.23,0,0,0.00,19,evening,0,0,60,MODERATE,62,80,80,4
8cf97b0c-76c9-4d72-b617-759a955f969f,2026-04-22,Wednesday,Instagram,REELS,0.80,0,0,0.00,19,evening,0,0,60,MODERATE,62,80,80,4
d5a62f7a-97c9-481c-83be-f0a06b70cad9,2026-04-22,Wednesday,Instagram,REELS,0.80,0,0,0.00,19,evening,0,0,60,MODERATE,62,80,80,4
8cf97b0c-76c9-4d72-b617-759a955f969f,2026-04-22,Wednesday,Instagram,REELS,3.08,0,0,0.00,19,evening,0,0,60,MODERATE,62,80,80,4
8cf97b0c-76c9-4d72-b617-759a955f969f,2026-04-22,Wednesday,Facebook,STANDARD,10.14,0,0,0.00,19,evening,1,1,60,MODERATE,62,80,80,4
d5a62f7a-97c9-481c-83be-f0a06b70cad9,2026-04-22,Wednesday,Facebook,STANDARD,10.14,0,0,0.00,19,evening,1,1,60,MODERATE,62,80,80,4
8cf97b0c-76c9-4d72-b617-759a955f969f,2026-04-22,Wednesday,Instagram,REELS,1.34,0,0,0.00,17,evening,0,0,60,MODERATE,62,80,80,4
d5a62f7a-97c9-481c-83be-f0a06b70cad9,2026-04-22,Wednesday,Instagram,REELS,1.34,0,0,0.00,17,evening,0,0,60,MODERATE,62,80,80,4
8cf97b0c-76c9-4d72-b617-759a955f969f,2026-04-22,Wednesday,Facebook,STANDARD,0.87,0,0,0.00,16,afternoon,0,0,60,MODERATE,62,80,80,4
d5a62f7a-97c9-481c-83be-f0a06b70cad9,2026-04-22,Wednesday,Facebook,STANDARD,0.87,0,0,0.00,16,afternoon,0,0,60,MODERATE,62,80,80,4
8cf97b0c-76c9-4d72-b617-759a955f969f,2026-04-22,Wednesday,Facebook,STANDARD,1.78,0,0,0.00,16,afternoon,0,0,60,MODERATE,62,80,80,4
d5a62f7a-97c9-481c-83be-f0a06b70cad9,2026-04-22,Wednesday,Facebook,STANDARD,1.78,0,0,0.00,16,afternoon,0,0,60,MODERATE,62,80,80,4
8cf97b0c-76c9-4d72-b617-759a955f969f,2026-04-22,Wednesday,Facebook,STANDARD,2.97,0,0,0.00,16,afternoon,0,0,60,MODERATE,62,80,80,4
d5a62f7a-97c9-481c-83be-f0a06b70cad9,2026-04-22,Wednesday,Facebook,STANDARD,2.97,0,0,0.00,16,afternoon,0,0,60,MODERATE,62,80,80,4
8cf97b0c-76c9-4d72-b617-759a955f969f,2026-04-22,Wednesday,Facebook,STANDARD,0.50,0,0,0.00,16,afternoon,0,0,60,MODERATE,62,80,80,4
d5a62f7a-97c9-481c-83be-f0a06b70cad9,2026-04-22,Wednesday,Facebook,STANDARD,0.50,0,0,0.00,16,afternoon,0,0,60,MODERATE,62,80,80,4
8cf97b0c-76c9-4d72-b617-759a955f969f,2026-04-22,Wednesday,Facebook,STANDARD,2.56,0,0,0.00,16,afternoon,0,0,60,MODERATE,62,80,80,4
d5a62f7a-97c9-481c-83be-f0a06b70cad9,2026-04-22,Wednesday,Facebook,STANDARD,2.56,0,0,0.00,16,afternoon,0,0,60,MODERATE,62,80,80,4
8cf97b0c-76c9-4d72-b617-759a955f969f,2026-04-22,Wednesday,Facebook,STANDARD,0.84,0,0,0.00,16,afternoon,0,0,60,MODERATE,62,80,80,4
d5a62f7a-97c9-481c-83be-f0a06b70cad9,2026-04-22,Wednesday,Facebook,STANDARD,0.84,0,0,0.00,16,afternoon,0,0,60,MODERATE,62,80,80,4
8cf97b0c-76c9-4d72-b617-759a955f969f,2026-04-22,Wednesday,Instagram,REELS,2.11,0,0,0.00,16,afternoon,0,0,60,MODERATE,62,80,80,4
d5a62f7a-97c9-481c-83be-f0a06b70cad9,2026-04-22,Wednesday,Instagram,REELS,2.11,0,0,0.00,16,afternoon,0,0,60,MODERATE,62,80,80,4
8cf97b0c-76c9-4d72-b617-759a955f969f,2026-04-22,Wednesday,Instagram,REELS,2.94,0,0,0.00,15,afternoon,0,0,60,MODERATE,62,80,80,4
d5a62f7a-97c9-481c-83be-f0a06b70cad9,2026-04-22,Wednesday,Instagram,REELS,2.94,0,0,0.00,15,afternoon,0,0,60,MODERATE,62,80,80,4
8cf97b0c-76c9-4d72-b617-759a955f969f,2026-04-22,Wednesday,Facebook,STANDARD,1.14,0,0,0.00,15,afternoon,0,0,60,MODERATE,62,80,80,4
8cf97b0c-76c9-4d72-b617-759a955f969f,2026-04-22,Wednesday,Instagram,REELS,1.21,0,0,0.00,14,afternoon,0,0,60,MODERATE,62,80,80,4
d5a62f7a-97c9-481c-83be-f0a06b70cad9,2026-04-22,Wednesday,Instagram,REELS,1.21,0,0,0.00,14,afternoon,0,0,60,MODERATE,62,80,80,4
8cf97b0c-76c9-4d72-b617-759a955f969f,2026-04-22,Wednesday,Facebook,STANDARD,0.98,0,0,0.00,14,afternoon,0,0,60,MODERATE,62,80,80,4
d5a62f7a-97c9-481c-83be-f0a06b70cad9,2026-04-22,Wednesday,Facebook,STANDARD,0.98,0,0,0.00,14,afternoon,0,0,60,MODERATE,62,80,80,4
8cf97b0c-76c9-4d72-b617-759a955f969f,2026-04-22,Wednesday,Instagram,REELS,1.29,0,0,0.00,14,afternoon,0,0,60,MODERATE,62,80,80,4
d5a62f7a-97c9-481c-83be-f0a06b70cad9,2026-04-22,Wednesday,Instagram,REELS,1.29,0,0,0.00,14,afternoon,0,0,60,MODERATE,62,80,80,4
8cf97b0c-76c9-4d72-b617-759a955f969f,2026-04-22,Wednesday,Facebook,STANDARD,0.64,0,0,0.00,13,afternoon,0,0,60,MODERATE,62,80,80,4
d5a62f7a-97c9-481c-83be-f0a06b70cad9,2026-04-22,Wednesday,Facebook,STANDARD,0.64,0,0,0.00,13,afternoon,0,0,60,MODERATE,62,80,80,4
8cf97b0c-76c9-4d72-b617-759a955f969f,2026-04-22,Wednesday,Facebook,STANDARD,1.48,0,0,0.00,13,afternoon,0,0,60,MODERATE,62,80,80,4
d5a62f7a-97c9-481c-83be-f0a06b70cad9,2026-04-22,Wednesday,Facebook,STANDARD,1.48,0,0,0.00,13,afternoon,0,0,60,MODERATE,62,80,80,4
8cf97b0c-76c9-4d72-b617-759a955f969f,2026-04-22,Wednesday,Facebook,STANDARD,2.51,0,0,0.00,13,afternoon,0,0,60,MODERATE,62,80,80,4
d5a62f7a-97c9-481c-83be-f0a06b70cad9,2026-04-22,Wednesday,Facebook,STANDARD,2.51,0,0,0.00,13,afternoon,0,0,60,MODERATE,62,80,80,4
8cf97b0c-76c9-4d72-b617-759a955f969f,2026-04-22,Wednesday,Facebook,STANDARD,0.59,0,0,0.00,13,afternoon,0,0,60,MODERATE,62,80,80,4
d5a62f7a-97c9-481c-83be-f0a06b70cad9,2026-04-22,Wednesday,Facebook,STANDARD,0.59,0,0,0.00,13,afternoon,0,0,60,MODERATE,62,80,80,4
8cf97b0c-76c9-4d72-b617-759a955f969f,2026-04-22,Wednesday,Facebook,STANDARD,1.78,0,0,0.00,13,afternoon,0,0,60,MODERATE,62,80,80,4
d5a62f7a-97c9-481c-83be-f0a06b70cad9,2026-04-22,Wednesday,Facebook,STANDARD,1.78,0,0,0.00,13,afternoon,0,0,60,MODERATE,62,80,80,4
8cf97b0c-76c9-4d72-b617-759a955f969f,2026-04-22,Wednesday,Facebook,STANDARD,1.41,0,0,0.00,13,afternoon,0,0,60,MODERATE,62,80,80,4
d5a62f7a-97c9-481c-83be-f0a06b70cad9,2026-04-22,Wednesday,Facebook,STANDARD,1.41,0,0,0.00,13,afternoon,0,0,60,MODERATE,62,80,80,4
8cf97b0c-76c9-4d72-b617-759a955f969f,2026-04-22,Wednesday,Facebook,STANDARD,4.05,0,0,0.00,13,afternoon,0,0,60,MODERATE,62,80,80,4
d5a62f7a-97c9-481c-83be-f0a06b70cad9,2026-04-22,Wednesday,Facebook,STANDARD,4.05,0,0,0.00,13,afternoon,0,0,60,MODERATE,62,80,80,4
8cf97b0c-76c9-4d72-b617-759a955f969f,2026-04-22,Wednesday,Facebook,STANDARD,4.01,0,0,0.00,13,afternoon,0,0,60,MODERATE,62,80,80,4
d5a62f7a-97c9-481c-83be-f0a06b70cad9,2026-04-22,Wednesday,Facebook,STANDARD,4.01,0,0,0.00,13,afternoon,0,0,60,MODERATE,62,80,80,4
8cf97b0c-76c9-4d72-b617-759a955f969f,2026-04-22,Wednesday,Facebook,STANDARD,2.51,0,0,0.00,13,afternoon,0,0,60,MODERATE,62,80,80,4
d5a62f7a-97c9-481c-83be-f0a06b70cad9,2026-04-22,Wednesday,Facebook,STANDARD,2.51,0,0,0.00,13,afternoon,0,0,60,MODERATE,62,80,80,4
8cf97b0c-76c9-4d72-b617-759a955f969f,2026-04-22,Wednesday,Facebook,STANDARD,1.15,0,0,0.00,13,afternoon,0,0,60,MODERATE,62,80,80,4
8cf97b0c-76c9-4d72-b617-759a955f969f,2026-04-22,Wednesday,Instagram,REELS,1.42,0,0,0.00,13,afternoon,0,0,60,MODERATE,62,80,80,4
d5a62f7a-97c9-481c-83be-f0a06b70cad9,2026-04-22,Wednesday,Instagram,REELS,1.42,0,0,0.00,13,afternoon,0,0,60,MODERATE,62,80,80,4
8cf97b0c-76c9-4d72-b617-759a955f969f,2026-04-22,Wednesday,Instagram,REELS,1.39,0,0,0.00,13,afternoon,0,0,60,MODERATE,62,80,80,4
d5a62f7a-97c9-481c-83be-f0a06b70cad9,2026-04-22,Wednesday,Instagram,REELS,1.39,0,0,0.00,13,afternoon,0,0,60,MODERATE,62,80,80,4
8cf97b0c-76c9-4d72-b617-759a955f969f,2026-04-22,Wednesday,Facebook,STANDARD,2.85,0,0,0.00,13,afternoon,0,0,60,MODERATE,62,80,80,4
d5a62f7a-97c9-481c-83be-f0a06b70cad9,2026-04-22,Wednesday,Facebook,STANDARD,2.85,0,0,0.00,13,afternoon,0,0,60,MODERATE,62,80,80,4
8cf97b0c-76c9-4d72-b617-759a955f969f,2026-04-22,Wednesday,Facebook,STANDARD,1.13,0,0,0.00,12,afternoon,0,0,60,MODERATE,62,80,80,4
8cf97b0c-76c9-4d72-b617-759a955f969f,2026-04-22,Wednesday,Facebook,STANDARD,0.85,0,0,0.00,12,afternoon,0,0,60,MODERATE,62,80,80,4
d5a62f7a-97c9-481c-83be-f0a06b70cad9,2026-04-22,Wednesday,Facebook,STANDARD,0.85,0,0,0.00,12,afternoon,0,0,60,MODERATE,62,80,80,4
8cf97b0c-76c9-4d72-b617-759a955f969f,2026-04-22,Wednesday,YouTube,SHORTS,2.63,0,0,0.00,12,afternoon,0,0,60,MODERATE,62,80,80,4
d5a62f7a-97c9-481c-83be-f0a06b70cad9,2026-04-22,Wednesday,YouTube,SHORTS,2.63,0,0,0.00,12,afternoon,0,0,60,MODERATE,62,80,80,4
8cf97b0c-76c9-4d72-b617-759a955f969f,2026-04-22,Wednesday,YouTube,SHORTS,1.07,0,0,0.00,12,afternoon,0,0,60,MODERATE,62,80,80,4
d5a62f7a-97c9-481c-83be-f0a06b70cad9,2026-04-22,Wednesday,YouTube,SHORTS,1.07,0,0,0.00,12,afternoon,0,0,60,MODERATE,62,80,80,4
8cf97b0c-76c9-4d72-b617-759a955f969f,2026-04-22,Wednesday,Facebook,STANDARD,4.63,0,0,0.00,12,afternoon,0,0,60,MODERATE,62,80,80,4
d5a62f7a-97c9-481c-83be-f0a06b70cad9,2026-04-22,Wednesday,Facebook,STANDARD,4.63,0,0,0.00,12,afternoon,0,0,60,MODERATE,62,80,80,4
8cf97b0c-76c9-4d72-b617-759a955f969f,2026-04-22,Wednesday,Facebook,STANDARD,0.66,0,0,0.00,12,afternoon,0,0,60,MODERATE,62,80,80,4
d5a62f7a-97c9-481c-83be-f0a06b70cad9,2026-04-22,Wednesday,Facebook,STANDARD,0.66,0,0,0.00,12,afternoon,0,0,60,MODERATE,62,80,80,4
8cf97b0c-76c9-4d72-b617-759a955f969f,2026-04-22,Wednesday,Instagram,REELS,0.58,0,0,0.00,12,afternoon,0,0,60,MODERATE,62,80,80,4
d5a62f7a-97c9-481c-83be-f0a06b70cad9,2026-04-22,Wednesday,Instagram,REELS,0.58,0,0,0.00,12,afternoon,0,0,60,MODERATE,62,80,80,4
8cf97b0c-76c9-4d72-b617-759a955f969f,2026-04-22,Wednesday,Facebook,STANDARD,1.04,0,0,0.00,12,afternoon,0,0,60,MODERATE,62,80,80,4
d5a62f7a-97c9-481c-83be-f0a06b70cad9,2026-04-22,Wednesday,Facebook,STANDARD,1.04,0,0,0.00,12,afternoon,0,0,60,MODERATE,62,80,80,4
8cf97b0c-76c9-4d72-b617-759a955f969f,2026-04-22,Wednesday,Facebook,STANDARD,1.82,0,0,0.00,12,afternoon,0,0,60,MODERATE,62,80,80,4
8cf97b0c-76c9-4d72-b617-759a955f969f,2026-04-22,Wednesday,Instagram,REELS,0.51,0,0,0.00,12,afternoon,0,0,60,MODERATE,62,80,80,4
d5a62f7a-97c9-481c-83be-f0a06b70cad9,2026-04-22,Wednesday,Instagram,REELS,0.51,0,0,0.00,12,afternoon,0,0,60,MODERATE,62,80,80,4
8cf97b0c-76c9-4d72-b617-759a955f969f,2026-04-22,Wednesday,Instagram,REELS,0.50,0,0,0.00,12,afternoon,0,0,60,MODERATE,62,80,80,4
d5a62f7a-97c9-481c-83be-f0a06b70cad9,2026-04-22,Wednesday,Instagram,REELS,0.50,0,0,0.00,12,afternoon,0,0,60,MODERATE,62,80,80,4
8cf97b0c-76c9-4d72-b617-759a955f969f,2026-04-22,Wednesday,Instagram,REELS,0.75,0,0,0.00,12,afternoon,0,0,60,MODERATE,62,80,80,4
d5a62f7a-97c9-481c-83be-f0a06b70cad9,2026-04-22,Wednesday,Instagram,REELS,0.75,0,0,0.00,12,afternoon,0,0,60,MODERATE,62,80,80,4
8cf97b0c-76c9-4d72-b617-759a955f969f,2026-04-22,Wednesday,Facebook,STANDARD,3.04,0,0,0.00,11,morning,0,0,60,MODERATE,62,80,80,4
d5a62f7a-97c9-481c-83be-f0a06b70cad9,2026-04-22,Wednesday,Facebook,STANDARD,3.04,0,0,0.00,11,morning,0,0,60,MODERATE,62,80,80,4
8cf97b0c-76c9-4d72-b617-759a955f969f,2026-04-22,Wednesday,Instagram,REELS,1.19,0,0,0.00,11,morning,0,0,60,MODERATE,62,80,80,4
d5a62f7a-97c9-481c-83be-f0a06b70cad9,2026-04-22,Wednesday,Instagram,REELS,1.19,0,0,0.00,11,morning,0,0,60,MODERATE,62,80,80,4
8cf97b0c-76c9-4d72-b617-759a955f969f,2026-04-22,Wednesday,Facebook,STANDARD,0.58,0,0,0.00,11,morning,0,0,60,MODERATE,62,80,80,4
d5a62f7a-97c9-481c-83be-f0a06b70cad9,2026-04-22,Wednesday,Facebook,STANDARD,0.58,0,0,0.00,11,morning,0,0,60,MODERATE,62,80,80,4
8cf97b0c-76c9-4d72-b617-759a955f969f,2026-04-22,Wednesday,Facebook,STANDARD,0.99,0,0,0.00,11,morning,0,0,60,MODERATE,62,80,80,4
d5a62f7a-97c9-481c-83be-f0a06b70cad9,2026-04-22,Wednesday,Facebook,STANDARD,0.99,0,0,0.00,11,morning,0,0,60,MODERATE,62,80,80,4
8cf97b0c-76c9-4d72-b617-759a955f969f,2026-04-22,Wednesday,Facebook,STANDARD,1.50,0,0,0.00,11,morning,0,0,60,MODERATE,62,80,80,4
d5a62f7a-97c9-481c-83be-f0a06b70cad9,2026-04-22,Wednesday,Facebook,STANDARD,1.50,0,0,0.00,11,morning,0,0,60,MODERATE,62,80,80,4
8cf97b0c-76c9-4d72-b617-759a955f969f,2026-04-22,Wednesday,Facebook,STANDARD,0.51,0,0,0.00,11,morning,0,0,60,MODERATE,62,80,80,4
8cf97b0c-76c9-4d72-b617-759a955f969f,2026-04-22,Wednesday,TikTok,STANDARD,0.70,0,0,0.00,11,morning,0,0,60,MODERATE,62,80,80,4
d5a62f7a-97c9-481c-83be-f0a06b70cad9,2026-04-22,Wednesday,TikTok,STANDARD,0.70,0,0,0.00,11,morning,0,0,60,MODERATE,62,80,80,4
8cf97b0c-76c9-4d72-b617-759a955f969f,2026-04-22,Wednesday,Facebook,STANDARD,2.04,0,0,0.00,11,morning,0,0,60,MODERATE,62,80,80,4
d5a62f7a-97c9-481c-83be-f0a06b70cad9,2026-04-22,Wednesday,Facebook,STANDARD,2.04,0,0,0.00,11,morning,0,0,60,MODERATE,62,80,80,4
8cf97b0c-76c9-4d72-b617-759a955f969f,2026-04-22,Wednesday,Facebook,STANDARD,1.92,0,0,0.00,11,morning,0,0,60,MODERATE,62,80,80,4
d5a62f7a-97c9-481c-83be-f0a06b70cad9,2026-04-22,Wednesday,Facebook,STANDARD,1.92,0,0,0.00,11,morning,0,0,60,MODERATE,62,80,80,4
8cf97b0c-76c9-4d72-b617-759a955f969f,2026-04-22,Wednesday,Facebook,STANDARD,1.01,0,0,0.00,11,morning,0,0,60,MODERATE,62,80,80,4
d5a62f7a-97c9-481c-83be-f0a06b70cad9,2026-04-22,Wednesday,Facebook,STANDARD,1.01,0,0,0.00,11,morning,0,0,60,MODERATE,62,80,80,4
8cf97b0c-76c9-4d72-b617-759a955f969f,2026-04-22,Wednesday,Facebook,STANDARD,0.87,0,0,0.00,10,morning,0,0,60,MODERATE,62,80,80,4
d5a62f7a-97c9-481c-83be-f0a06b70cad9,2026-04-22,Wednesday,Facebook,STANDARD,0.87,0,0,0.00,10,morning,0,0,60,MODERATE,62,80,80,4
8cf97b0c-76c9-4d72-b617-759a955f969f,2026-04-22,Wednesday,Facebook,STANDARD,0.64,0,0,0.00,9,morning,0,0,60,MODERATE,62,80,80,4
d5a62f7a-97c9-481c-83be-f0a06b70cad9,2026-04-22,Wednesday,Facebook,STANDARD,0.64,0,0,0.00,9,morning,0,0,60,MODERATE,62,80,80,4
8cf97b0c-76c9-4d72-b617-759a955f969f,2026-04-22,Wednesday,Facebook,STANDARD,1.05,0,0,0.00,8,morning,0,0,60,MODERATE,62,80,80,4
d5a62f7a-97c9-481c-83be-f0a06b70cad9,2026-04-22,Wednesday,Facebook,STANDARD,1.05,0,0,0.00,8,morning,0,0,60,MODERATE,62,80,80,4
8cf97b0c-76c9-4d72-b617-759a955f969f,2026-04-22,Wednesday,YouTube,SHORTS,2.34,0,0,0.00,8,morning,0,0,60,MODERATE,62,80,80,4
d5a62f7a-97c9-481c-83be-f0a06b70cad9,2026-04-22,Wednesday,YouTube,SHORTS,2.34,0,0,0.00,8,morning,0,0,60,MODERATE,62,80,80,4
8cf97b0c-76c9-4d72-b617-759a955f969f,2026-04-22,Wednesday,YouTube,LONG_FORM,20.46,0,0,0.00,7,morning,1,1,60,MODERATE,62,80,80,4
d5a62f7a-97c9-481c-83be-f0a06b70cad9,2026-04-22,Wednesday,YouTube,LONG_FORM,20.46,0,0,0.00,7,morning,1,1,60,MODERATE,62,80,80,4
8cf97b0c-76c9-4d72-b617-759a955f969f,2026-04-22,Wednesday,YouTube,STANDARD,6.15,0,0,0.00,7,morning,1,1,60,MODERATE,62,80,80,4
d5a62f7a-97c9-481c-83be-f0a06b70cad9,2026-04-22,Wednesday,YouTube,STANDARD,6.15,0,0,0.00,7,morning,1,1,60,MODERATE,62,80,80,4
8cf97b0c-76c9-4d72-b617-759a955f969f,2026-04-22,Wednesday,YouTube,STANDARD,7.18,0,0,0.00,7,morning,1,1,60,MODERATE,62,80,80,4
d5a62f7a-97c9-481c-83be-f0a06b70cad9,2026-04-22,Wednesday,YouTube,STANDARD,7.18,0,0,0.00,7,morning,1,1,60,MODERATE,62,80,80,4
8cf97b0c-76c9-4d72-b617-759a955f969f,2026-04-22,Wednesday,YouTube,LONG_FORM,16.00,0,0,0.00,7,morning,1,1,60,MODERATE,62,80,80,4
d5a62f7a-97c9-481c-83be-f0a06b70cad9,2026-04-22,Wednesday,YouTube,LONG_FORM,16.00,0,0,0.00,7,morning,1,1,60,MODERATE,62,80,80,4
8cf97b0c-76c9-4d72-b617-759a955f969f,2026-04-22,Wednesday,YouTube,STANDARD,14.04,0,0,0.00,7,morning,1,1,60,MODERATE,62,80,80,4
d5a62f7a-97c9-481c-83be-f0a06b70cad9,2026-04-22,Wednesday,YouTube,STANDARD,14.04,0,0,0.00,7,morning,1,1,60,MODERATE,62,80,80,4
8cf97b0c-76c9-4d72-b617-759a955f969f,2026-04-21,Tuesday,Facebook,STANDARD,3.41,0,0,0.00,23,night,0,0,70,HIGH,78,94,73,25
d5a62f7a-97c9-481c-83be-f0a06b70cad9,2026-04-21,Tuesday,Facebook,STANDARD,3.41,0,0,0.00,23,night,0,0,70,HIGH,78,94,73,25
8cf97b0c-76c9-4d72-b617-759a955f969f,2026-04-21,Tuesday,Instagram,REELS,1.32,0,0,0.00,20,evening,0,0,70,HIGH,78,94,73,25
d5a62f7a-97c9-481c-83be-f0a06b70cad9,2026-04-21,Tuesday,Instagram,REELS,1.32,0,0,0.00,20,evening,0,0,70,HIGH,78,94,73,25
8cf97b0c-76c9-4d72-b617-759a955f969f,2026-04-21,Tuesday,Instagram,REELS,4.20,0,0,0.00,20,evening,0,0,70,HIGH,78,94,73,25
d5a62f7a-97c9-481c-83be-f0a06b70cad9,2026-04-21,Tuesday,Instagram,REELS,4.20,0,0,0.00,20,evening,0,0,70,HIGH,78,94,73,25
8cf97b0c-76c9-4d72-b617-759a955f969f,2026-04-21,Tuesday,Instagram,LONG_FORM,11.93,0,0,0.00,20,evening,1,1,70,HIGH,78,94,73,25
d5a62f7a-97c9-481c-83be-f0a06b70cad9,2026-04-21,Tuesday,Instagram,LONG_FORM,11.93,0,0,0.00,20,evening,1,1,70,HIGH,78,94,73,25
8cf97b0c-76c9-4d72-b617-759a955f969f,2026-04-21,Tuesday,Instagram,REELS,2.49,0,0,0.00,20,evening,0,0,70,HIGH,78,94,73,25
d5a62f7a-97c9-481c-83be-f0a06b70cad9,2026-04-21,Tuesday,Instagram,REELS,2.49,0,0,0.00,20,evening,0,0,70,HIGH,78,94,73,25
8cf97b0c-76c9-4d72-b617-759a955f969f,2026-04-21,Tuesday,Instagram,REELS,1.73,0,0,0.00,20,evening,0,0,70,HIGH,78,94,73,25
d5a62f7a-97c9-481c-83be-f0a06b70cad9,2026-04-21,Tuesday,Instagram,REELS,1.73,0,0,0.00,20,evening,0,0,70,HIGH,78,94,73,25
8cf97b0c-76c9-4d72-b617-759a955f969f,2026-04-21,Tuesday,Instagram,REELS,4.92,0,0,0.00,20,evening,0,0,70,HIGH,78,94,73,25
d5a62f7a-97c9-481c-83be-f0a06b70cad9,2026-04-21,Tuesday,Instagram,REELS,4.92,0,0,0.00,20,evening,0,0,70,HIGH,78,94,73,25
8cf97b0c-76c9-4d72-b617-759a955f969f,2026-04-21,Tuesday,Instagram,REELS,1.09,0,0,0.00,20,evening,0,0,70,HIGH,78,94,73,25
d5a62f7a-97c9-481c-83be-f0a06b70cad9,2026-04-21,Tuesday,Instagram,REELS,1.09,0,0,0.00,20,evening,0,0,70,HIGH,78,94,73,25
8cf97b0c-76c9-4d72-b617-759a955f969f,2026-04-21,Tuesday,Instagram,REELS,1.35,0,0,0.00,20,evening,0,0,70,HIGH,78,94,73,25
d5a62f7a-97c9-481c-83be-f0a06b70cad9,2026-04-21,Tuesday,Instagram,REELS,1.35,0,0,0.00,20,evening,0,0,70,HIGH,78,94,73,25
8cf97b0c-76c9-4d72-b617-759a955f969f,2026-04-21,Tuesday,Instagram,REELS,1.57,0,0,0.00,20,evening,0,0,70,HIGH,78,94,73,25
8cf97b0c-76c9-4d72-b617-759a955f969f,2026-04-21,Tuesday,Instagram,REELS,6.82,0,0,0.00,20,evening,1,1,70,HIGH,78,94,73,25
d5a62f7a-97c9-481c-83be-f0a06b70cad9,2026-04-21,Tuesday,Instagram,REELS,6.82,0,0,0.00,20,evening,1,1,70,HIGH,78,94,73,25
8cf97b0c-76c9-4d72-b617-759a955f969f,2026-04-21,Tuesday,Facebook,STANDARD,1.83,0,0,0.00,19,evening,0,0,70,HIGH,78,94,73,25
8cf97b0c-76c9-4d72-b617-759a955f969f,2026-04-21,Tuesday,YouTube,SHORTS,0.51,0,0,0.00,18,evening,0,0,70,HIGH,78,94,73,25
d5a62f7a-97c9-481c-83be-f0a06b70cad9,2026-04-21,Tuesday,YouTube,SHORTS,0.51,0,0,0.00,18,evening,0,0,70,HIGH,78,94,73,25
8cf97b0c-76c9-4d72-b617-759a955f969f,2026-04-21,Tuesday,YouTube,SHORTS,4.15,0,0,0.00,18,evening,0,0,70,HIGH,78,94,73,25
d5a62f7a-97c9-481c-83be-f0a06b70cad9,2026-04-21,Tuesday,YouTube,SHORTS,4.15,0,0,0.00,18,evening,0,0,70,HIGH,78,94,73,25
8cf97b0c-76c9-4d72-b617-759a955f969f,2026-04-21,Tuesday,Instagram,REELS,0.65,0,0,0.00,17,evening,0,0,70,HIGH,78,94,73,25
d5a62f7a-97c9-481c-83be-f0a06b70cad9,2026-04-21,Tuesday,Instagram,REELS,0.65,0,0,0.00,17,evening,0,0,70,HIGH,78,94,73,25
8cf97b0c-76c9-4d72-b617-759a955f969f,2026-04-21,Tuesday,YouTube,STANDARD,10.12,0,0,0.00,17,evening,1,1,70,HIGH,78,94,73,25
d5a62f7a-97c9-481c-83be-f0a06b70cad9,2026-04-21,Tuesday,YouTube,STANDARD,10.12,0,0,0.00,17,evening,1,1,70,HIGH,78,94,73,25
8cf97b0c-76c9-4d72-b617-759a955f969f,2026-04-21,Tuesday,Instagram,REELS,1.23,0,0,0.00,17,evening,0,0,70,HIGH,78,94,73,25
d5a62f7a-97c9-481c-83be-f0a06b70cad9,2026-04-21,Tuesday,Instagram,REELS,1.23,0,0,0.00,17,evening,0,0,70,HIGH,78,94,73,25
8cf97b0c-76c9-4d72-b617-759a955f969f,2026-04-21,Tuesday,Facebook,STANDARD,0.90,0,0,0.00,16,afternoon,0,0,70,HIGH,78,94,73,25
d5a62f7a-97c9-481c-83be-f0a06b70cad9,2026-04-21,Tuesday,Facebook,STANDARD,0.90,0,0,0.00,16,afternoon,0,0,70,HIGH,78,94,73,25
8cf97b0c-76c9-4d72-b617-759a955f969f,2026-04-21,Tuesday,YouTube,STANDARD,12.17,0,0,0.00,16,afternoon,1,1,70,HIGH,78,94,73,25
d5a62f7a-97c9-481c-83be-f0a06b70cad9,2026-04-21,Tuesday,YouTube,STANDARD,12.17,0,0,0.00,16,afternoon,1,1,70,HIGH,78,94,73,25
8cf97b0c-76c9-4d72-b617-759a955f969f,2026-04-21,Tuesday,YouTube,SHORTS,1.10,0,0,0.00,16,afternoon,0,0,70,HIGH,78,94,73,25
d5a62f7a-97c9-481c-83be-f0a06b70cad9,2026-04-21,Tuesday,YouTube,SHORTS,1.10,0,0,0.00,16,afternoon,0,0,70,HIGH,78,94,73,25
8cf97b0c-76c9-4d72-b617-759a955f969f,2026-04-21,Tuesday,YouTube,SHORTS,4.89,0,0,0.00,16,afternoon,0,0,70,HIGH,78,94,73,25
8cf97b0c-76c9-4d72-b617-759a955f969f,2026-04-21,Tuesday,Facebook,STANDARD,0.55,0,0,0.00,16,afternoon,0,0,70,HIGH,78,94,73,25
d5a62f7a-97c9-481c-83be-f0a06b70cad9,2026-04-21,Tuesday,Facebook,STANDARD,0.55,0,0,0.00,16,afternoon,0,0,70,HIGH,78,94,73,25
8cf97b0c-76c9-4d72-b617-759a955f969f,2026-04-21,Tuesday,Facebook,STANDARD,0.53,0,0,0.00,16,afternoon,0,0,70,HIGH,78,94,73,25
8cf97b0c-76c9-4d72-b617-759a955f969f,2026-04-21,Tuesday,Instagram,REELS,1.37,0,0,0.00,16,afternoon,0,0,70,HIGH,78,94,73,25
d5a62f7a-97c9-481c-83be-f0a06b70cad9,2026-04-21,Tuesday,Instagram,REELS,1.37,0,0,0.00,16,afternoon,0,0,70,HIGH,78,94,73,25
8cf97b0c-76c9-4d72-b617-759a955f969f,2026-04-21,Tuesday,Facebook,STANDARD,1.37,0,0,0.00,16,afternoon,0,0,70,HIGH,78,94,73,25
d5a62f7a-97c9-481c-83be-f0a06b70cad9,2026-04-21,Tuesday,Facebook,STANDARD,1.37,0,0,0.00,16,afternoon,0,0,70,HIGH,78,94,73,25
8cf97b0c-76c9-4d72-b617-759a955f969f,2026-04-21,Tuesday,Facebook,STANDARD,0.58,0,0,0.00,15,afternoon,0,0,70,HIGH,78,94,73,25
8cf97b0c-76c9-4d72-b617-759a955f969f,2026-04-21,Tuesday,Facebook,STANDARD,1.78,0,0,0.00,15,afternoon,0,0,70,HIGH,78,94,73,25
d5a62f7a-97c9-481c-83be-f0a06b70cad9,2026-04-21,Tuesday,Facebook,STANDARD,1.78,0,0,0.00,15,afternoon,0,0,70,HIGH,78,94,73,25
8cf97b0c-76c9-4d72-b617-759a955f969f,2026-04-21,Tuesday,Instagram,REELS,4.26,0,0,0.00,15,afternoon,0,0,70,HIGH,78,94,73,25
8cf97b0c-76c9-4d72-b617-759a955f969f,2026-04-21,Tuesday,Instagram,REELS,3.49,0,0,0.00,15,afternoon,0,0,70,HIGH,78,94,73,25
d5a62f7a-97c9-481c-83be-f0a06b70cad9,2026-04-21,Tuesday,Instagram,REELS,3.49,0,0,0.00,15,afternoon,0,0,70,HIGH,78,94,73,25
d5a62f7a-97c9-481c-83be-f0a06b70cad9,2026-04-21,Tuesday,Instagram,REELS,5.85,0,0,0.00,15,afternoon,1,1,70,HIGH,78,94,73,25
d5a62f7a-97c9-481c-83be-f0a06b70cad9,2026-04-21,Tuesday,Instagram,REELS,6.33,0,0,0.00,15,afternoon,1,1,70,HIGH,78,94,73,25
8cf97b0c-76c9-4d72-b617-759a955f969f,2026-04-21,Tuesday,Instagram,REELS,6.33,0,0,0.00,15,afternoon,1,1,70,HIGH,78,94,73,25
d5a62f7a-97c9-481c-83be-f0a06b70cad9,2026-04-21,Tuesday,Instagram,REELS,0.88,0,0,0.00,14,afternoon,0,0,70,HIGH,78,94,73,25
d5a62f7a-97c9-481c-83be-f0a06b70cad9,2026-04-21,Tuesday,Facebook,STANDARD,8.92,0,0,0.00,14,afternoon,1,1,70,HIGH,78,94,73,25
8cf97b0c-76c9-4d72-b617-759a955f969f,2026-04-21,Tuesday,Facebook,STANDARD,8.92,0,0,0.00,14,afternoon,1,1,70,HIGH,78,94,73,25
d5a62f7a-97c9-481c-83be-f0a06b70cad9,2026-04-21,Tuesday,Facebook,STANDARD,0.61,0,0,0.00,14,afternoon,0,0,70,HIGH,78,94,73,25
d5a62f7a-97c9-481c-83be-f0a06b70cad9,2026-04-21,Tuesday,Facebook,STANDARD,1.05,0,0,0.00,14,afternoon,0,0,70,HIGH,78,94,73,25
8cf97b0c-76c9-4d72-b617-759a955f969f,2026-04-21,Tuesday,Facebook,STANDARD,1.05,0,0,0.00,14,afternoon,0,0,70,HIGH,78,94,73,25
d5a62f7a-97c9-481c-83be-f0a06b70cad9,2026-04-21,Tuesday,Facebook,STANDARD,4.02,0,0,0.00,14,afternoon,0,0,70,HIGH,78,94,73,25
8cf97b0c-76c9-4d72-b617-759a955f969f,2026-04-21,Tuesday,Facebook,STANDARD,4.02,0,0,0.00,14,afternoon,0,0,70,HIGH,78,94,73,25
d5a62f7a-97c9-481c-83be-f0a06b70cad9,2026-04-21,Tuesday,Facebook,STANDARD,2.36,0,0,0.00,14,afternoon,0,0,70,HIGH,78,94,73,25
8cf97b0c-76c9-4d72-b617-759a955f969f,2026-04-21,Tuesday,Facebook,STANDARD,2.36,0,0,0.00,14,afternoon,0,0,70,HIGH,78,94,73,25
d5a62f7a-97c9-481c-83be-f0a06b70cad9,2026-04-21,Tuesday,YouTube,SHORTS,3.77,0,0,0.00,13,afternoon,0,0,70,HIGH,78,94,73,25
8cf97b0c-76c9-4d72-b617-759a955f969f,2026-04-21,Tuesday,YouTube,SHORTS,3.77,0,0,0.00,13,afternoon,0,0,70,HIGH,78,94,73,25
d5a62f7a-97c9-481c-83be-f0a06b70cad9,2026-04-21,Tuesday,YouTube,SHORTS,2.64,0,0,0.00,13,afternoon,0,0,70,HIGH,78,94,73,25
8cf97b0c-76c9-4d72-b617-759a955f969f,2026-04-21,Tuesday,YouTube,SHORTS,2.64,0,0,0.00,13,afternoon,0,0,70,HIGH,78,94,73,25
d5a62f7a-97c9-481c-83be-f0a06b70cad9,2026-04-21,Tuesday,YouTube,STANDARD,10.06,0,0,0.00,13,afternoon,1,1,70,HIGH,78,94,73,25
8cf97b0c-76c9-4d72-b617-759a955f969f,2026-04-21,Tuesday,YouTube,STANDARD,10.06,0,0,0.00,13,afternoon,1,1,70,HIGH,78,94,73,25
d5a62f7a-97c9-481c-83be-f0a06b70cad9,2026-04-21,Tuesday,YouTube,SHORTS,1.23,0,0,0.00,13,afternoon,0,0,70,HIGH,78,94,73,25
8cf97b0c-76c9-4d72-b617-759a955f969f,2026-04-21,Tuesday,YouTube,SHORTS,1.23,0,0,0.00,13,afternoon,0,0,70,HIGH,78,94,73,25
d5a62f7a-97c9-481c-83be-f0a06b70cad9,2026-04-21,Tuesday,YouTube,SHORTS,2.48,0,0,0.00,13,afternoon,0,0,70,HIGH,78,94,73,25
8cf97b0c-76c9-4d72-b617-759a955f969f,2026-04-21,Tuesday,YouTube,SHORTS,2.48,0,0,0.00,13,afternoon,0,0,70,HIGH,78,94,73,25
d5a62f7a-97c9-481c-83be-f0a06b70cad9,2026-04-21,Tuesday,YouTube,SHORTS,1.80,0,0,0.00,13,afternoon,0,0,70,HIGH,78,94,73,25
8cf97b0c-76c9-4d72-b617-759a955f969f,2026-04-21,Tuesday,YouTube,SHORTS,1.80,0,0,0.00,13,afternoon,0,0,70,HIGH,78,94,73,25
d5a62f7a-97c9-481c-83be-f0a06b70cad9,2026-04-21,Tuesday,YouTube,SHORTS,2.14,0,0,0.00,13,afternoon,0,0,70,HIGH,78,94,73,25
8cf97b0c-76c9-4d72-b617-759a955f969f,2026-04-21,Tuesday,YouTube,SHORTS,2.14,0,0,0.00,13,afternoon,0,0,70,HIGH,78,94,73,25
d5a62f7a-97c9-481c-83be-f0a06b70cad9,2026-04-21,Tuesday,YouTube,SHORTS,2.57,0,0,0.00,13,afternoon,0,0,70,HIGH,78,94,73,25
d5a62f7a-97c9-481c-83be-f0a06b70cad9,2026-04-21,Tuesday,Instagram,REELS,1.77,0,0,0.00,13,afternoon,0,0,70,HIGH,78,94,73,25
8cf97b0c-76c9-4d72-b617-759a955f969f,2026-04-21,Tuesday,Instagram,REELS,1.77,0,0,0.00,13,afternoon,0,0,70,HIGH,78,94,73,25
d5a62f7a-97c9-481c-83be-f0a06b70cad9,2026-04-21,Tuesday,Facebook,STANDARD,1.15,0,0,0.00,13,afternoon,0,0,70,HIGH,78,94,73,25
8cf97b0c-76c9-4d72-b617-759a955f969f,2026-04-21,Tuesday,Facebook,STANDARD,1.15,0,0,0.00,13,afternoon,0,0,70,HIGH,78,94,73,25
d5a62f7a-97c9-481c-83be-f0a06b70cad9,2026-04-21,Tuesday,Facebook,STANDARD,1.91,0,0,0.00,13,afternoon,0,0,70,HIGH,78,94,73,25
8cf97b0c-76c9-4d72-b617-759a955f969f,2026-04-21,Tuesday,Facebook,STANDARD,1.91,0,0,0.00,13,afternoon,0,0,70,HIGH,78,94,73,25
d5a62f7a-97c9-481c-83be-f0a06b70cad9,2026-04-21,Tuesday,Facebook,STANDARD,0.72,0,0,0.00,13,afternoon,0,0,70,HIGH,78,94,73,25
8cf97b0c-76c9-4d72-b617-759a955f969f,2026-04-21,Tuesday,Facebook,STANDARD,0.72,0,0,0.00,13,afternoon,0,0,70,HIGH,78,94,73,25
d5a62f7a-97c9-481c-83be-f0a06b70cad9,2026-04-21,Tuesday,Facebook,STANDARD,1.15,0,0,0.00,12,afternoon,0,0,70,HIGH,78,94,73,25
8cf97b0c-76c9-4d72-b617-759a955f969f,2026-04-21,Tuesday,Facebook,STANDARD,1.15,0,0,0.00,12,afternoon,0,0,70,HIGH,78,94,73,25
d5a62f7a-97c9-481c-83be-f0a06b70cad9,2026-04-21,Tuesday,Instagram,REELS,1.96,0,0,0.00,12,afternoon,0,0,70,HIGH,78,94,73,25
d5a62f7a-97c9-481c-83be-f0a06b70cad9,2026-04-21,Tuesday,Facebook,STANDARD,0.94,0,0,0.00,12,afternoon,0,0,70,HIGH,78,94,73,25
8cf97b0c-76c9-4d72-b617-759a955f969f,2026-04-21,Tuesday,Facebook,STANDARD,0.94,0,0,0.00,12,afternoon,0,0,70,HIGH,78,94,73,25
d5a62f7a-97c9-481c-83be-f0a06b70cad9,2026-04-21,Tuesday,Facebook,STANDARD,0.61,0,0,0.00,10,morning,0,0,70,HIGH,78,94,73,25
8cf97b0c-76c9-4d72-b617-759a955f969f,2026-04-21,Tuesday,Facebook,STANDARD,0.61,0,0,0.00,10,morning,0,0,70,HIGH,78,94,73,25
d5a62f7a-97c9-481c-83be-f0a06b70cad9,2026-04-21,Tuesday,Facebook,STANDARD,1.02,0,0,0.00,10,morning,0,0,70,HIGH,78,94,73,25
8cf97b0c-76c9-4d72-b617-759a955f969f,2026-04-21,Tuesday,Facebook,STANDARD,1.02,0,0,0.00,10,morning,0,0,70,HIGH,78,94,73,25
d5a62f7a-97c9-481c-83be-f0a06b70cad9,2026-04-21,Tuesday,Instagram,REELS,2.29,0,0,0.00,9,morning,0,0,70,HIGH,78,94,73,25
8cf97b0c-76c9-4d72-b617-759a955f969f,2026-04-21,Tuesday,Instagram,REELS,2.29,0,0,0.00,9,morning,0,0,70,HIGH,78,94,73,25
d5a62f7a-97c9-481c-83be-f0a06b70cad9,2026-04-21,Tuesday,Instagram,REELS,3.98,0,0,0.00,9,morning,0,0,70,HIGH,78,94,73,25
8cf97b0c-76c9-4d72-b617-759a955f969f,2026-04-21,Tuesday,Instagram,REELS,3.98,0,0,0.00,9,morning,0,0,70,HIGH,78,94,73,25
d5a62f7a-97c9-481c-83be-f0a06b70cad9,2026-04-21,Tuesday,Instagram,REELS,1.35,0,0,0.00,9,morning,0,0,70,HIGH,78,94,73,25
d5a62f7a-97c9-481c-83be-f0a06b70cad9,2026-04-21,Tuesday,Instagram,REELS,0.73,0,0,0.00,9,morning,0,0,70,HIGH,78,94,73,25
8cf97b0c-76c9-4d72-b617-759a955f969f,2026-04-21,Tuesday,Instagram,REELS,0.73,0,0,0.00,9,morning,0,0,70,HIGH,78,94,73,25
d5a62f7a-97c9-481c-83be-f0a06b70cad9,2026-04-21,Tuesday,Facebook,STANDARD,7.60,0,0,0.00,9,morning,1,1,70,HIGH,78,94,73,25
8cf97b0c-76c9-4d72-b617-759a955f969f,2026-04-21,Tuesday,Facebook,STANDARD,7.60,0,0,0.00,9,morning,1,1,70,HIGH,78,94,73,25
d5a62f7a-97c9-481c-83be-f0a06b70cad9,2026-04-21,Tuesday,Facebook,STANDARD,12.94,0,0,0.00,9,morning,1,1,70,HIGH,78,94,73,25
8cf97b0c-76c9-4d72-b617-759a955f969f,2026-04-21,Tuesday,Facebook,STANDARD,12.94,0,0,0.00,9,morning,1,1,70,HIGH,78,94,73,25
d5a62f7a-97c9-481c-83be-f0a06b70cad9,2026-04-21,Tuesday,Facebook,STANDARD,1.31,0,0,0.00,9,morning,0,0,70,HIGH,78,94,73,25
8cf97b0c-76c9-4d72-b617-759a955f969f,2026-04-21,Tuesday,Facebook,STANDARD,1.31,0,0,0.00,9,morning,0,0,70,HIGH,78,94,73,25
d5a62f7a-97c9-481c-83be-f0a06b70cad9,2026-04-21,Tuesday,Facebook,STANDARD,6.20,0,0,0.00,9,morning,1,1,70,HIGH,78,94,73,25
8cf97b0c-76c9-4d72-b617-759a955f969f,2026-04-21,Tuesday,Facebook,STANDARD,6.20,0,0,0.00,9,morning,1,1,70,HIGH,78,94,73,25
d5a62f7a-97c9-481c-83be-f0a06b70cad9,2026-04-21,Tuesday,YouTube,STANDARD,13.99,0,0,0.00,7,morning,1,1,70,HIGH,78,94,73,25
8cf97b0c-76c9-4d72-b617-759a955f969f,2026-04-21,Tuesday,YouTube,STANDARD,13.99,0,0,0.00,7,morning,1,1,70,HIGH,78,94,73,25
d5a62f7a-97c9-481c-83be-f0a06b70cad9,2026-04-21,Tuesday,YouTube,LONG_FORM,187.96,0,0,0.00,0,night,1,1,70,HIGH,78,94,73,25
8cf97b0c-76c9-4d72-b617-759a955f969f,2026-04-21,Tuesday,YouTube,LONG_FORM,187.96,0,0,0.00,0,night,1,1,70,HIGH,78,94,73,25
d5a62f7a-97c9-481c-83be-f0a06b70cad9,2026-04-21,Tuesday,YouTube,STANDARD,5.98,0,0,0.00,0,night,1,1,70,HIGH,78,94,73,25
8cf97b0c-76c9-4d72-b617-759a955f969f,2026-04-21,Tuesday,YouTube,STANDARD,5.98,0,0,0.00,0,night,1,1,70,HIGH,78,94,73,25
d5a62f7a-97c9-481c-83be-f0a06b70cad9,2026-04-21,Tuesday,YouTube,SHORTS,2.78,0,0,0.00,0,night,0,0,70,HIGH,78,94,73,25
8cf97b0c-76c9-4d72-b617-759a955f969f,2026-04-21,Tuesday,YouTube,SHORTS,2.78,0,0,0.00,0,night,0,0,70,HIGH,78,94,73,25
d5a62f7a-97c9-481c-83be-f0a06b70cad9,2026-04-21,Tuesday,YouTube,STANDARD,6.51,0,0,0.00,0,night,1,1,70,HIGH,78,94,73,25
d5a62f7a-97c9-481c-83be-f0a06b70cad9,2026-04-21,Tuesday,Instagram,REELS,2.09,0,0,0.00,0,night,0,0,70,HIGH,78,94,73,25
8cf97b0c-76c9-4d72-b617-759a955f969f,2026-04-21,Tuesday,Instagram,REELS,2.09,0,0,0.00,0,night,0,0,70,HIGH,78,94,73,25
d5a62f7a-97c9-481c-83be-f0a06b70cad9,2026-04-20,Monday,YouTube,SHORTS,1.25,0,0,0.00,23,night,0,0,55,MODERATE,57,77,71,6
d5a62f7a-97c9-481c-83be-f0a06b70cad9,2026-04-20,Monday,Facebook,STANDARD,0.89,0,0,0.00,23,night,0,0,55,MODERATE,57,77,71,6
8cf97b0c-76c9-4d72-b617-759a955f969f,2026-04-20,Monday,Facebook,STANDARD,0.89,0,0,0.00,23,night,0,0,55,MODERATE,57,77,71,6
d5a62f7a-97c9-481c-83be-f0a06b70cad9,2026-04-20,Monday,Facebook,STANDARD,1.15,0,0,0.00,23,night,0,0,55,MODERATE,57,77,71,6
8cf97b0c-76c9-4d72-b617-759a955f969f,2026-04-20,Monday,Facebook,STANDARD,1.15,0,0,0.00,23,night,0,0,55,MODERATE,57,77,71,6
d5a62f7a-97c9-481c-83be-f0a06b70cad9,2026-04-20,Monday,YouTube,SHORTS,4.62,0,0,0.00,23,night,0,0,55,MODERATE,57,77,71,6
d5a62f7a-97c9-481c-83be-f0a06b70cad9,2026-04-20,Monday,Facebook,STANDARD,0.80,0,0,0.00,22,night,0,0,55,MODERATE,57,77,71,6
8cf97b0c-76c9-4d72-b617-759a955f969f,2026-04-20,Monday,Facebook,STANDARD,0.80,0,0,0.00,22,night,0,0,55,MODERATE,57,77,71,6
d5a62f7a-97c9-481c-83be-f0a06b70cad9,2026-04-20,Monday,Instagram,REELS,6.65,0,0,0.00,22,night,1,1,55,MODERATE,57,77,71,6
d5a62f7a-97c9-481c-83be-f0a06b70cad9,2026-04-20,Monday,Facebook,STANDARD,14.48,0,0,0.00,21,evening,1,1,55,MODERATE,57,77,71,6
8cf97b0c-76c9-4d72-b617-759a955f969f,2026-04-20,Monday,Facebook,STANDARD,14.48,0,0,0.00,21,evening,1,1,55,MODERATE,57,77,71,6
d5a62f7a-97c9-481c-83be-f0a06b70cad9,2026-04-20,Monday,Facebook,STANDARD,14.08,0,0,0.00,21,evening,1,1,55,MODERATE,57,77,71,6
8cf97b0c-76c9-4d72-b617-759a955f969f,2026-04-20,Monday,Facebook,STANDARD,14.08,0,0,0.00,21,evening,1,1,55,MODERATE,57,77,71,6
d5a62f7a-97c9-481c-83be-f0a06b70cad9,2026-04-20,Monday,Facebook,STANDARD,18.11,0,0,0.00,21,evening,1,1,55,MODERATE,57,77,71,6
8cf97b0c-76c9-4d72-b617-759a955f969f,2026-04-20,Monday,Facebook,STANDARD,18.11,0,0,0.00,21,evening,1,1,55,MODERATE,57,77,71,6
d5a62f7a-97c9-481c-83be-f0a06b70cad9,2026-04-20,Monday,Instagram,REELS,1.59,0,0,0.00,21,evening,0,0,55,MODERATE,57,77,71,6
8cf97b0c-76c9-4d72-b617-759a955f969f,2026-04-20,Monday,Instagram,REELS,1.59,0,0,0.00,21,evening,0,0,55,MODERATE,57,77,71,6
d5a62f7a-97c9-481c-83be-f0a06b70cad9,2026-04-20,Monday,Instagram,REELS,6.44,0,0,0.00,20,evening,1,1,55,MODERATE,57,77,71,6
8cf97b0c-76c9-4d72-b617-759a955f969f,2026-04-20,Monday,Instagram,REELS,6.44,0,0,0.00,20,evening,1,1,55,MODERATE,57,77,71,6
8cf97b0c-76c9-4d72-b617-759a955f969f,2026-04-20,Monday,Instagram,REELS,4.22,0,0,0.00,20,evening,0,0,55,MODERATE,57,77,71,6
8cf97b0c-76c9-4d72-b617-759a955f969f,2026-04-20,Monday,Instagram,REELS,3.64,0,0,0.00,20,evening,0,0,55,MODERATE,57,77,71,6
d5a62f7a-97c9-481c-83be-f0a06b70cad9,2026-04-20,Monday,Instagram,REELS,3.64,0,0,0.00,20,evening,0,0,55,MODERATE,57,77,71,6
8cf97b0c-76c9-4d72-b617-759a955f969f,2026-04-20,Monday,Facebook,STANDARD,0.90,0,0,0.00,20,evening,0,0,55,MODERATE,57,77,71,6
d5a62f7a-97c9-481c-83be-f0a06b70cad9,2026-04-20,Monday,Facebook,STANDARD,0.90,0,0,0.00,20,evening,0,0,55,MODERATE,57,77,71,6
8cf97b0c-76c9-4d72-b617-759a955f969f,2026-04-20,Monday,Facebook,STANDARD,2.76,0,0,0.00,20,evening,0,0,55,MODERATE,57,77,71,6
d5a62f7a-97c9-481c-83be-f0a06b70cad9,2026-04-20,Monday,Facebook,STANDARD,2.76,0,0,0.00,20,evening,0,0,55,MODERATE,57,77,71,6
8cf97b0c-76c9-4d72-b617-759a955f969f,2026-04-20,Monday,Facebook,STANDARD,1.16,0,0,0.00,20,evening,0,0,55,MODERATE,57,77,71,6
d5a62f7a-97c9-481c-83be-f0a06b70cad9,2026-04-20,Monday,Facebook,STANDARD,1.16,0,0,0.00,20,evening,0,0,55,MODERATE,57,77,71,6
8cf97b0c-76c9-4d72-b617-759a955f969f,2026-04-20,Monday,YouTube,SHORTS,0.88,0,0,0.00,20,evening,0,0,55,MODERATE,57,77,71,6
d5a62f7a-97c9-481c-83be-f0a06b70cad9,2026-04-20,Monday,YouTube,SHORTS,0.88,0,0,0.00,20,evening,0,0,55,MODERATE,57,77,71,6
8cf97b0c-76c9-4d72-b617-759a955f969f,2026-04-20,Monday,Facebook,STANDARD,3.07,0,0,0.00,20,evening,0,0,55,MODERATE,57,77,71,6
d5a62f7a-97c9-481c-83be-f0a06b70cad9,2026-04-20,Monday,Facebook,STANDARD,3.07,0,0,0.00,20,evening,0,0,55,MODERATE,57,77,71,6
8cf97b0c-76c9-4d72-b617-759a955f969f,2026-04-20,Monday,Instagram,REELS,1.39,0,0,0.00,20,evening,0,0,55,MODERATE,57,77,71,6
8cf97b0c-76c9-4d72-b617-759a955f969f,2026-04-20,Monday,Facebook,STANDARD,0.74,0,0,0.00,19,evening,0,0,55,MODERATE,57,77,71,6
d5a62f7a-97c9-481c-83be-f0a06b70cad9,2026-04-20,Monday,Facebook,STANDARD,0.74,0,0,0.00,19,evening,0,0,55,MODERATE,57,77,71,6
8cf97b0c-76c9-4d72-b617-759a955f969f,2026-04-20,Monday,Instagram,REELS,5.49,0,0,0.00,19,evening,1,1,55,MODERATE,57,77,71,6
8cf97b0c-76c9-4d72-b617-759a955f969f,2026-04-20,Monday,Facebook,STANDARD,0.61,0,0,0.00,18,evening,0,0,55,MODERATE,57,77,71,6
d5a62f7a-97c9-481c-83be-f0a06b70cad9,2026-04-20,Monday,Facebook,STANDARD,0.61,0,0,0.00,18,evening,0,0,55,MODERATE,57,77,71,6
8cf97b0c-76c9-4d72-b617-759a955f969f,2026-04-20,Monday,Instagram,REELS,1.14,0,0,0.00,16,afternoon,0,0,55,MODERATE,57,77,71,6
d5a62f7a-97c9-481c-83be-f0a06b70cad9,2026-04-20,Monday,Instagram,REELS,1.14,0,0,0.00,16,afternoon,0,0,55,MODERATE,57,77,71,6
8cf97b0c-76c9-4d72-b617-759a955f969f,2026-04-20,Monday,Facebook,STANDARD,0.74,0,0,0.00,16,afternoon,0,0,55,MODERATE,57,77,71,6
8cf97b0c-76c9-4d72-b617-759a955f969f,2026-04-20,Monday,Facebook,STANDARD,1.95,0,0,0.00,16,afternoon,0,0,55,MODERATE,57,77,71,6
d5a62f7a-97c9-481c-83be-f0a06b70cad9,2026-04-20,Monday,Facebook,STANDARD,1.95,0,0,0.00,16,afternoon,0,0,55,MODERATE,57,77,71,6
8cf97b0c-76c9-4d72-b617-759a955f969f,2026-04-20,Monday,Instagram,REELS,3.45,0,0,0.00,16,afternoon,0,0,55,MODERATE,57,77,71,6
d5a62f7a-97c9-481c-83be-f0a06b70cad9,2026-04-20,Monday,Instagram,REELS,3.45,0,0,0.00,16,afternoon,0,0,55,MODERATE,57,77,71,6
8cf97b0c-76c9-4d72-b617-759a955f969f,2026-04-20,Monday,Facebook,STANDARD,0.95,0,0,0.00,15,afternoon,0,0,55,MODERATE,57,77,71,6
d5a62f7a-97c9-481c-83be-f0a06b70cad9,2026-04-20,Monday,Facebook,STANDARD,0.95,0,0,0.00,15,afternoon,0,0,55,MODERATE,57,77,71,6
8cf97b0c-76c9-4d72-b617-759a955f969f,2026-04-20,Monday,Facebook,STANDARD,1.01,0,0,0.00,15,afternoon,0,0,55,MODERATE,57,77,71,6
8cf97b0c-76c9-4d72-b617-759a955f969f,2026-04-20,Monday,Instagram,REELS,0.53,0,0,0.00,14,afternoon,0,0,55,MODERATE,57,77,71,6
d5a62f7a-97c9-481c-83be-f0a06b70cad9,2026-04-20,Monday,Instagram,REELS,0.53,0,0,0.00,14,afternoon,0,0,55,MODERATE,57,77,71,6
8cf97b0c-76c9-4d72-b617-759a955f969f,2026-04-20,Monday,Instagram,REELS,0.66,0,0,0.00,13,afternoon,0,0,55,MODERATE,57,77,71,6
8cf97b0c-76c9-4d72-b617-759a955f969f,2026-04-20,Monday,Instagram,REELS,3.67,0,0,0.00,12,afternoon,0,0,55,MODERATE,57,77,71,6
d5a62f7a-97c9-481c-83be-f0a06b70cad9,2026-04-20,Monday,Instagram,REELS,3.67,0,0,0.00,12,afternoon,0,0,55,MODERATE,57,77,71,6
8cf97b0c-76c9-4d72-b617-759a955f969f,2026-04-20,Monday,Facebook,STANDARD,0.56,0,0,0.00,12,afternoon,0,0,55,MODERATE,57,77,71,6
d5a62f7a-97c9-481c-83be-f0a06b70cad9,2026-04-20,Monday,Facebook,STANDARD,0.56,0,0,0.00,12,afternoon,0,0,55,MODERATE,57,77,71,6
8cf97b0c-76c9-4d72-b617-759a955f969f,2026-04-20,Monday,Facebook,STANDARD,0.76,0,0,0.00,12,afternoon,0,0,55,MODERATE,57,77,71,6
d5a62f7a-97c9-481c-83be-f0a06b70cad9,2026-04-20,Monday,Facebook,STANDARD,0.76,0,0,0.00,12,afternoon,0,0,55,MODERATE,57,77,71,6
8cf97b0c-76c9-4d72-b617-759a955f969f,2026-04-20,Monday,Facebook,STANDARD,9.24,0,0,0.00,12,afternoon,1,1,55,MODERATE,57,77,71,6
d5a62f7a-97c9-481c-83be-f0a06b70cad9,2026-04-20,Monday,Facebook,STANDARD,9.24,0,0,0.00,12,afternoon,1,1,55,MODERATE,57,77,71,6
8cf97b0c-76c9-4d72-b617-759a955f969f,2026-04-20,Monday,Facebook,STANDARD,6.20,0,0,0.00,12,afternoon,1,1,55,MODERATE,57,77,71,6
8cf97b0c-76c9-4d72-b617-759a955f969f,2026-04-20,Monday,Facebook,STANDARD,0.75,0,0,0.00,12,afternoon,0,0,55,MODERATE,57,77,71,6
d5a62f7a-97c9-481c-83be-f0a06b70cad9,2026-04-20,Monday,Facebook,STANDARD,0.75,0,0,0.00,12,afternoon,0,0,55,MODERATE,57,77,71,6
8cf97b0c-76c9-4d72-b617-759a955f969f,2026-04-20,Monday,Facebook,STANDARD,0.62,0,0,0.00,12,afternoon,0,0,55,MODERATE,57,77,71,6
d5a62f7a-97c9-481c-83be-f0a06b70cad9,2026-04-20,Monday,Facebook,STANDARD,0.62,0,0,0.00,12,afternoon,0,0,55,MODERATE,57,77,71,6
8cf97b0c-76c9-4d72-b617-759a955f969f,2026-04-20,Monday,Facebook,STANDARD,1.49,0,0,0.00,12,afternoon,0,0,55,MODERATE,57,77,71,6
d5a62f7a-97c9-481c-83be-f0a06b70cad9,2026-04-20,Monday,Facebook,STANDARD,1.49,0,0,0.00,12,afternoon,0,0,55,MODERATE,57,77,71,6
8cf97b0c-76c9-4d72-b617-759a955f969f,2026-04-20,Monday,Facebook,STANDARD,2.41,0,0,0.00,12,afternoon,0,0,55,MODERATE,57,77,71,6
d5a62f7a-97c9-481c-83be-f0a06b70cad9,2026-04-20,Monday,Facebook,STANDARD,2.41,0,0,0.00,12,afternoon,0,0,55,MODERATE,57,77,71,6
8cf97b0c-76c9-4d72-b617-759a955f969f,2026-04-20,Monday,Instagram,REELS,0.84,0,0,0.00,9,morning,0,0,55,MODERATE,57,77,71,6
d5a62f7a-97c9-481c-83be-f0a06b70cad9,2026-04-20,Monday,Instagram,REELS,0.84,0,0,0.00,9,morning,0,0,55,MODERATE,57,77,71,6
8cf97b0c-76c9-4d72-b617-759a955f969f,2026-04-20,Monday,Instagram,REELS,1.58,0,0,0.00,9,morning,0,0,55,MODERATE,57,77,71,6
d5a62f7a-97c9-481c-83be-f0a06b70cad9,2026-04-20,Monday,Instagram,REELS,1.58,0,0,0.00,9,morning,0,0,55,MODERATE,57,77,71,6
8cf97b0c-76c9-4d72-b617-759a955f969f,2026-04-20,Monday,Instagram,REELS,6.27,0,0,0.00,9,morning,1,1,55,MODERATE,57,77,71,6
d5a62f7a-97c9-481c-83be-f0a06b70cad9,2026-04-20,Monday,Instagram,REELS,6.27,0,0,0.00,9,morning,1,1,55,MODERATE,57,77,71,6
8cf97b0c-76c9-4d72-b617-759a955f969f,2026-04-20,Monday,YouTube,STANDARD,7.56,0,0,0.00,8,morning,1,1,55,MODERATE,57,77,71,6
d5a62f7a-97c9-481c-83be-f0a06b70cad9,2026-04-20,Monday,YouTube,STANDARD,7.56,0,0,0.00,8,morning,1,1,55,MODERATE,57,77,71,6
8cf97b0c-76c9-4d72-b617-759a955f969f,2026-04-20,Monday,YouTube,SHORTS,0.55,0,0,0.00,8,morning,0,0,55,MODERATE,57,77,71,6
d5a62f7a-97c9-481c-83be-f0a06b70cad9,2026-04-20,Monday,YouTube,SHORTS,0.55,0,0,0.00,8,morning,0,0,55,MODERATE,57,77,71,6
8cf97b0c-76c9-4d72-b617-759a955f969f,2026-04-20,Monday,YouTube,SHORTS,0.77,0,0,0.00,8,morning,0,0,55,MODERATE,57,77,71,6
d5a62f7a-97c9-481c-83be-f0a06b70cad9,2026-04-20,Monday,YouTube,SHORTS,0.77,0,0,0.00,8,morning,0,0,55,MODERATE,57,77,71,6
8cf97b0c-76c9-4d72-b617-759a955f969f,2026-04-20,Monday,YouTube,SHORTS,0.83,0,0,0.00,8,morning,0,0,55,MODERATE,57,77,71,6
d5a62f7a-97c9-481c-83be-f0a06b70cad9,2026-04-20,Monday,YouTube,SHORTS,0.83,0,0,0.00,8,morning,0,0,55,MODERATE,57,77,71,6
8cf97b0c-76c9-4d72-b617-759a955f969f,2026-04-20,Monday,YouTube,STANDARD,5.33,0,0,0.00,8,morning,1,1,55,MODERATE,57,77,71,6
d5a62f7a-97c9-481c-83be-f0a06b70cad9,2026-04-20,Monday,YouTube,STANDARD,5.33,0,0,0.00,8,morning,1,1,55,MODERATE,57,77,71,6
8cf97b0c-76c9-4d72-b617-759a955f969f,2026-04-20,Monday,YouTube,SHORTS,0.51,0,0,0.00,8,morning,0,0,55,MODERATE,57,77,71,6
d5a62f7a-97c9-481c-83be-f0a06b70cad9,2026-04-20,Monday,YouTube,SHORTS,0.51,0,0,0.00,8,morning,0,0,55,MODERATE,57,77,71,6
8cf97b0c-76c9-4d72-b617-759a955f969f,2026-04-20,Monday,YouTube,SHORTS,1.68,0,0,0.00,8,morning,0,0,55,MODERATE,57,77,71,6
d5a62f7a-97c9-481c-83be-f0a06b70cad9,2026-04-20,Monday,YouTube,SHORTS,1.68,0,0,0.00,8,morning,0,0,55,MODERATE,57,77,71,6
8cf97b0c-76c9-4d72-b617-759a955f969f,2026-04-20,Monday,Instagram,REELS,3.20,0,0,0.00,8,morning,0,0,55,MODERATE,57,77,71,6
d5a62f7a-97c9-481c-83be-f0a06b70cad9,2026-04-20,Monday,Instagram,REELS,3.20,0,0,0.00,8,morning,0,0,55,MODERATE,57,77,71,6
8cf97b0c-76c9-4d72-b617-759a955f969f,2026-04-20,Monday,Instagram,REELS,3.72,0,0,0.00,6,morning,0,0,55,MODERATE,57,77,71,6
d5a62f7a-97c9-481c-83be-f0a06b70cad9,2026-04-20,Monday,Instagram,REELS,3.72,0,0,0.00,6,morning,0,0,55,MODERATE,57,77,71,6
8cf97b0c-76c9-4d72-b617-759a955f969f,2026-04-19,Sunday,YouTube,LONG_FORM,44.78,0,0,0.00,23,night,1,1,69,HIGH,74,85,68,40
d5a62f7a-97c9-481c-83be-f0a06b70cad9,2026-04-19,Sunday,YouTube,LONG_FORM,44.78,0,0,0.00,23,night,1,1,69,HIGH,74,85,68,40
8cf97b0c-76c9-4d72-b617-759a955f969f,2026-04-19,Sunday,YouTube,SHORTS,1.08,0,0,0.00,23,night,0,0,69,HIGH,74,85,68,40
d5a62f7a-97c9-481c-83be-f0a06b70cad9,2026-04-19,Sunday,YouTube,SHORTS,1.08,0,0,0.00,23,night,0,0,69,HIGH,74,85,68,40
8cf97b0c-76c9-4d72-b617-759a955f969f,2026-04-19,Sunday,YouTube,SHORTS,1.99,0,0,0.00,23,night,0,0,69,HIGH,74,85,68,40
d5a62f7a-97c9-481c-83be-f0a06b70cad9,2026-04-19,Sunday,YouTube,SHORTS,1.99,0,0,0.00,23,night,0,0,69,HIGH,74,85,68,40
8cf97b0c-76c9-4d72-b617-759a955f969f,2026-04-19,Sunday,YouTube,STANDARD,14.80,0,0,0.00,22,night,1,1,69,HIGH,74,85,68,40
8cf97b0c-76c9-4d72-b617-759a955f969f,2026-04-19,Sunday,YouTube,LONG_FORM,50.37,0,0,0.00,22,night,1,1,69,HIGH,74,85,68,40
d5a62f7a-97c9-481c-83be-f0a06b70cad9,2026-04-19,Sunday,YouTube,LONG_FORM,50.37,0,0,0.00,22,night,1,1,69,HIGH,74,85,68,40
8cf97b0c-76c9-4d72-b617-759a955f969f,2026-04-19,Sunday,Instagram,REELS,4.57,0,0,0.00,22,night,0,0,69,HIGH,74,85,68,40
d5a62f7a-97c9-481c-83be-f0a06b70cad9,2026-04-19,Sunday,Instagram,REELS,4.57,0,0,0.00,22,night,0,0,69,HIGH,74,85,68,40
8cf97b0c-76c9-4d72-b617-759a955f969f,2026-04-19,Sunday,Facebook,STANDARD,8.92,0,0,0.00,21,evening,1,1,69,HIGH,74,85,68,40
8cf97b0c-76c9-4d72-b617-759a955f969f,2026-04-19,Sunday,Facebook,STANDARD,0.77,0,0,0.00,21,evening,0,0,69,HIGH,74,85,68,40
d5a62f7a-97c9-481c-83be-f0a06b70cad9,2026-04-19,Sunday,Facebook,STANDARD,0.77,0,0,0.00,21,evening,0,0,69,HIGH,74,85,68,40
8cf97b0c-76c9-4d72-b617-759a955f969f,2026-04-19,Sunday,Instagram,LONG_FORM,11.88,0,0,0.00,21,evening,1,1,69,HIGH,74,85,68,40
d5a62f7a-97c9-481c-83be-f0a06b70cad9,2026-04-19,Sunday,Instagram,LONG_FORM,11.88,0,0,0.00,21,evening,1,1,69,HIGH,74,85,68,40
d5a62f7a-97c9-481c-83be-f0a06b70cad9,2026-04-19,Sunday,Instagram,LONG_FORM,11.71,0,0,0.00,21,evening,1,1,69,HIGH,74,85,68,40
d5a62f7a-97c9-481c-83be-f0a06b70cad9,2026-04-19,Sunday,Instagram,LONG_FORM,17.09,0,0,0.00,21,evening,1,1,69,HIGH,74,85,68,40
8cf97b0c-76c9-4d72-b617-759a955f969f,2026-04-19,Sunday,Instagram,LONG_FORM,17.09,0,0,0.00,21,evening,1,1,69,HIGH,74,85,68,40
d5a62f7a-97c9-481c-83be-f0a06b70cad9,2026-04-19,Sunday,Facebook,STANDARD,10.38,0,0,0.00,20,evening,1,1,69,HIGH,74,85,68,40
d5a62f7a-97c9-481c-83be-f0a06b70cad9,2026-04-19,Sunday,Facebook,STANDARD,11.02,0,0,0.00,20,evening,1,1,69,HIGH,74,85,68,40
8cf97b0c-76c9-4d72-b617-759a955f969f,2026-04-19,Sunday,Facebook,STANDARD,11.02,0,0,0.00,20,evening,1,1,69,HIGH,74,85,68,40
d5a62f7a-97c9-481c-83be-f0a06b70cad9,2026-04-19,Sunday,Facebook,STANDARD,2.17,0,0,0.00,20,evening,0,0,69,HIGH,74,85,68,40
8cf97b0c-76c9-4d72-b617-759a955f969f,2026-04-19,Sunday,Facebook,STANDARD,2.17,0,0,0.00,20,evening,0,0,69,HIGH,74,85,68,40
d5a62f7a-97c9-481c-83be-f0a06b70cad9,2026-04-19,Sunday,Facebook,STANDARD,22.21,0,0,0.00,20,evening,1,1,69,HIGH,74,85,68,40
8cf97b0c-76c9-4d72-b617-759a955f969f,2026-04-19,Sunday,Facebook,STANDARD,22.21,0,0,0.00,20,evening,1,1,69,HIGH,74,85,68,40
d5a62f7a-97c9-481c-83be-f0a06b70cad9,2026-04-19,Sunday,Facebook,STANDARD,28.23,0,0,0.00,19,evening,1,1,69,HIGH,74,85,68,40
8cf97b0c-76c9-4d72-b617-759a955f969f,2026-04-19,Sunday,Facebook,STANDARD,28.23,0,0,0.00,19,evening,1,1,69,HIGH,74,85,68,40
d5a62f7a-97c9-481c-83be-f0a06b70cad9,2026-04-19,Sunday,Facebook,STANDARD,4.64,0,0,0.00,19,evening,0,0,69,HIGH,74,85,68,40
8cf97b0c-76c9-4d72-b617-759a955f969f,2026-04-19,Sunday,Facebook,STANDARD,4.64,0,0,0.00,19,evening,0,0,69,HIGH,74,85,68,40
d5a62f7a-97c9-481c-83be-f0a06b70cad9,2026-04-19,Sunday,Facebook,STANDARD,2.32,0,0,0.00,19,evening,0,0,69,HIGH,74,85,68,40
8cf97b0c-76c9-4d72-b617-759a955f969f,2026-04-19,Sunday,Facebook,STANDARD,2.32,0,0,0.00,19,evening,0,0,69,HIGH,74,85,68,40
d5a62f7a-97c9-481c-83be-f0a06b70cad9,2026-04-19,Sunday,Instagram,REELS,1.77,0,0,0.00,19,evening,0,0,69,HIGH,74,85,68,40
8cf97b0c-76c9-4d72-b617-759a955f969f,2026-04-19,Sunday,Instagram,REELS,1.77,0,0,0.00,19,evening,0,0,69,HIGH,74,85,68,40
d5a62f7a-97c9-481c-83be-f0a06b70cad9,2026-04-19,Sunday,Instagram,REELS,0.95,0,0,0.00,19,evening,0,0,69,HIGH,74,85,68,40
8cf97b0c-76c9-4d72-b617-759a955f969f,2026-04-19,Sunday,Instagram,REELS,0.95,0,0,0.00,19,evening,0,0,69,HIGH,74,85,68,40
d5a62f7a-97c9-481c-83be-f0a06b70cad9,2026-04-19,Sunday,YouTube,SHORTS,1.27,0,0,0.00,19,evening,0,0,69,HIGH,74,85,68,40
8cf97b0c-76c9-4d72-b617-759a955f969f,2026-04-19,Sunday,YouTube,SHORTS,1.27,0,0,0.00,19,evening,0,0,69,HIGH,74,85,68,40
8cf97b0c-76c9-4d72-b617-759a955f969f,2026-04-19,Sunday,Instagram,REELS,1.63,0,0,0.00,17,evening,0,0,69,HIGH,74,85,68,40
d5a62f7a-97c9-481c-83be-f0a06b70cad9,2026-04-19,Sunday,Instagram,REELS,1.63,0,0,0.00,17,evening,0,0,69,HIGH,74,85,68,40
8cf97b0c-76c9-4d72-b617-759a955f969f,2026-04-19,Sunday,Instagram,REELS,2.63,0,0,0.00,16,afternoon,0,0,69,HIGH,74,85,68,40
d5a62f7a-97c9-481c-83be-f0a06b70cad9,2026-04-19,Sunday,Instagram,REELS,2.63,0,0,0.00,16,afternoon,0,0,69,HIGH,74,85,68,40
d5a62f7a-97c9-481c-83be-f0a06b70cad9,2026-04-19,Sunday,Instagram,REELS,1.37,0,0,0.00,15,afternoon,0,0,69,HIGH,74,85,68,40
d5a62f7a-97c9-481c-83be-f0a06b70cad9,2026-04-19,Sunday,Facebook,STANDARD,13.13,0,0,0.00,15,afternoon,1,1,69,HIGH,74,85,68,40
8cf97b0c-76c9-4d72-b617-759a955f969f,2026-04-19,Sunday,Facebook,STANDARD,13.13,0,0,0.00,15,afternoon,1,1,69,HIGH,74,85,68,40
d5a62f7a-97c9-481c-83be-f0a06b70cad9,2026-04-19,Sunday,Facebook,STANDARD,0.54,0,0,0.00,15,afternoon,0,0,69,HIGH,74,85,68,40
8cf97b0c-76c9-4d72-b617-759a955f969f,2026-04-19,Sunday,Facebook,STANDARD,0.54,0,0,0.00,15,afternoon,0,0,69,HIGH,74,85,68,40
8cf97b0c-76c9-4d72-b617-759a955f969f,2026-04-19,Sunday,Instagram,REELS,2.30,0,0,0.00,13,afternoon,0,0,69,HIGH,74,85,68,40
8cf97b0c-76c9-4d72-b617-759a955f969f,2026-04-19,Sunday,YouTube,SHORTS,0.92,0,0,0.00,13,afternoon,0,0,69,HIGH,74,85,68,40
d5a62f7a-97c9-481c-83be-f0a06b70cad9,2026-04-19,Sunday,YouTube,SHORTS,0.92,0,0,0.00,13,afternoon,0,0,69,HIGH,74,85,68,40
8cf97b0c-76c9-4d72-b617-759a955f969f,2026-04-19,Sunday,YouTube,SHORTS,0.68,0,0,0.00,13,afternoon,0,0,69,HIGH,74,85,68,40
d5a62f7a-97c9-481c-83be-f0a06b70cad9,2026-04-19,Sunday,YouTube,SHORTS,0.68,0,0,0.00,13,afternoon,0,0,69,HIGH,74,85,68,40
8cf97b0c-76c9-4d72-b617-759a955f969f,2026-04-19,Sunday,Facebook,STANDARD,0.63,0,0,0.00,13,afternoon,0,0,69,HIGH,74,85,68,40
d5a62f7a-97c9-481c-83be-f0a06b70cad9,2026-04-19,Sunday,Facebook,STANDARD,0.63,0,0,0.00,13,afternoon,0,0,69,HIGH,74,85,68,40
8cf97b0c-76c9-4d72-b617-759a955f969f,2026-04-19,Sunday,Instagram,REELS,2.75,0,0,0.00,13,afternoon,0,0,69,HIGH,74,85,68,40
d5a62f7a-97c9-481c-83be-f0a06b70cad9,2026-04-19,Sunday,Instagram,REELS,2.75,0,0,0.00,13,afternoon,0,0,69,HIGH,74,85,68,40
8cf97b0c-76c9-4d72-b617-759a955f969f,2026-04-19,Sunday,Facebook,STANDARD,12.78,0,0,0.00,8,morning,1,1,69,HIGH,74,85,68,40
d5a62f7a-97c9-481c-83be-f0a06b70cad9,2026-04-19,Sunday,Facebook,STANDARD,12.78,0,0,0.00,8,morning,1,1,69,HIGH,74,85,68,40
8cf97b0c-76c9-4d72-b617-759a955f969f,2026-04-19,Sunday,Facebook,STANDARD,0.56,0,0,0.00,8,morning,0,0,69,HIGH,74,85,68,40
8cf97b0c-76c9-4d72-b617-759a955f969f,2026-04-19,Sunday,Facebook,STANDARD,7.21,0,0,0.00,8,morning,1,1,69,HIGH,74,85,68,40
8cf97b0c-76c9-4d72-b617-759a955f969f,2026-04-18,Saturday,Facebook,STANDARD,2.18,0,0,0.00,22,night,0,0,50,MODERATE,57,72,40,23
d5a62f7a-97c9-481c-83be-f0a06b70cad9,2026-04-18,Saturday,Facebook,STANDARD,2.18,0,0,0.00,22,night,0,0,50,MODERATE,57,72,40,23
8cf97b0c-76c9-4d72-b617-759a955f969f,2026-04-18,Saturday,YouTube,STANDARD,11.54,0,0,0.00,13,afternoon,1,1,50,MODERATE,57,72,40,23
d5a62f7a-97c9-481c-83be-f0a06b70cad9,2026-04-18,Saturday,YouTube,STANDARD,11.54,0,0,0.00,13,afternoon,1,1,50,MODERATE,57,72,40,23
8cf97b0c-76c9-4d72-b617-759a955f969f,2026-04-18,Saturday,YouTube,SHORTS,2.39,0,0,0.00,13,afternoon,0,0,50,MODERATE,57,72,40,23
d5a62f7a-97c9-481c-83be-f0a06b70cad9,2026-04-18,Saturday,YouTube,SHORTS,2.39,0,0,0.00,13,afternoon,0,0,50,MODERATE,57,72,40,23
8cf97b0c-76c9-4d72-b617-759a955f969f,2026-04-18,Saturday,YouTube,SHORTS,1.35,0,0,0.00,13,afternoon,0,0,50,MODERATE,57,72,40,23
d5a62f7a-97c9-481c-83be-f0a06b70cad9,2026-04-18,Saturday,YouTube,SHORTS,1.35,0,0,0.00,13,afternoon,0,0,50,MODERATE,57,72,40,23
d5a62f7a-97c9-481c-83be-f0a06b70cad9,2026-04-18,Saturday,YouTube,SHORTS,3.48,0,0,0.00,13,afternoon,0,0,50,MODERATE,57,72,40,23
d5a62f7a-97c9-481c-83be-f0a06b70cad9,2026-04-18,Saturday,Facebook,STANDARD,12.51,0,0,0.00,12,afternoon,1,1,50,MODERATE,57,72,40,23
8cf97b0c-76c9-4d72-b617-759a955f969f,2026-04-18,Saturday,Facebook,STANDARD,12.51,0,0,0.00,12,afternoon,1,1,50,MODERATE,57,72,40,23
d5a62f7a-97c9-481c-83be-f0a06b70cad9,2026-04-18,Saturday,Facebook,STANDARD,0.82,0,0,0.00,12,afternoon,0,0,50,MODERATE,57,72,40,23
8cf97b0c-76c9-4d72-b617-759a955f969f,2026-04-18,Saturday,Facebook,STANDARD,0.82,0,0,0.00,12,afternoon,0,0,50,MODERATE,57,72,40,23
d5a62f7a-97c9-481c-83be-f0a06b70cad9,2026-04-18,Saturday,TikTok,STANDARD,0.57,0,0,0.00,12,afternoon,0,0,50,MODERATE,57,72,40,23
8cf97b0c-76c9-4d72-b617-759a955f969f,2026-04-18,Saturday,TikTok,STANDARD,0.57,0,0,0.00,12,afternoon,0,0,50,MODERATE,57,72,40,23
d5a62f7a-97c9-481c-83be-f0a06b70cad9,2026-04-18,Saturday,Instagram,REELS,5.40,0,0,0.00,9,morning,1,1,50,MODERATE,57,72,40,23
8cf97b0c-76c9-4d72-b617-759a955f969f,2026-04-18,Saturday,Instagram,REELS,5.40,0,0,0.00,9,morning,1,1,50,MODERATE,57,72,40,23
d5a62f7a-97c9-481c-83be-f0a06b70cad9,2026-04-18,Saturday,YouTube,LONG_FORM,22.06,0,0,0.00,1,night,1,1,50,MODERATE,57,72,40,23
8cf97b0c-76c9-4d72-b617-759a955f969f,2026-04-18,Saturday,YouTube,LONG_FORM,22.06,0,0,0.00,1,night,1,1,50,MODERATE,57,72,40,23
d5a62f7a-97c9-481c-83be-f0a06b70cad9,2026-04-18,Saturday,Instagram,LONG_FORM,23.53,0,0,0.00,1,night,1,1,50,MODERATE,57,72,40,23
8cf97b0c-76c9-4d72-b617-759a955f969f,2026-04-18,Saturday,Instagram,LONG_FORM,23.53,0,0,0.00,1,night,1,1,50,MODERATE,57,72,40,23
d5a62f7a-97c9-481c-83be-f0a06b70cad9,2026-04-18,Saturday,Instagram,REELS,4.94,0,0,0.00,0,night,0,0,50,MODERATE,57,72,40,23
8cf97b0c-76c9-4d72-b617-759a955f969f,2026-04-18,Saturday,Instagram,REELS,4.94,0,0,0.00,0,night,0,0,50,MODERATE,57,72,40,23
8cf97b0c-76c9-4d72-b617-759a955f969f,2026-04-18,Saturday,Instagram,REELS,4.35,0,0,0.00,0,night,0,0,50,MODERATE,57,72,40,23
8cf97b0c-76c9-4d72-b617-759a955f969f,2026-04-17,Friday,Facebook,STANDARD,3.65,0,0,0.00,23,night,0,0,58,MODERATE,61,77,62,23
d5a62f7a-97c9-481c-83be-f0a06b70cad9,2026-04-17,Friday,Facebook,STANDARD,3.65,0,0,0.00,23,night,0,0,58,MODERATE,61,77,62,23
8cf97b0c-76c9-4d72-b617-759a955f969f,2026-04-17,Friday,Facebook,STANDARD,1.71,0,0,0.00,23,night,0,0,58,MODERATE,61,77,62,23
d5a62f7a-97c9-481c-83be-f0a06b70cad9,2026-04-17,Friday,Facebook,STANDARD,1.71,0,0,0.00,23,night,0,0,58,MODERATE,61,77,62,23
8cf97b0c-76c9-4d72-b617-759a955f969f,2026-04-17,Friday,Facebook,STANDARD,0.73,0,0,0.00,23,night,0,0,58,MODERATE,61,77,62,23
d5a62f7a-97c9-481c-83be-f0a06b70cad9,2026-04-17,Friday,Facebook,STANDARD,0.73,0,0,0.00,23,night,0,0,58,MODERATE,61,77,62,23
8cf97b0c-76c9-4d72-b617-759a955f969f,2026-04-17,Friday,Facebook,STANDARD,2.64,0,0,0.00,23,night,0,0,58,MODERATE,61,77,62,23
8cf97b0c-76c9-4d72-b617-759a955f969f,2026-04-17,Friday,Instagram,REELS,2.42,0,0,0.00,21,evening,0,0,58,MODERATE,61,77,62,23
d5a62f7a-97c9-481c-83be-f0a06b70cad9,2026-04-17,Friday,Instagram,REELS,2.42,0,0,0.00,21,evening,0,0,58,MODERATE,61,77,62,23
8cf97b0c-76c9-4d72-b617-759a955f969f,2026-04-17,Friday,YouTube,STANDARD,9.14,0,0,0.00,19,evening,1,1,58,MODERATE,61,77,62,23
d5a62f7a-97c9-481c-83be-f0a06b70cad9,2026-04-17,Friday,YouTube,STANDARD,9.14,0,0,0.00,19,evening,1,1,58,MODERATE,61,77,62,23
8cf97b0c-76c9-4d72-b617-759a955f969f,2026-04-17,Friday,Instagram,LONG_FORM,12.44,0,0,0.00,19,evening,1,1,58,MODERATE,61,77,62,23
d5a62f7a-97c9-481c-83be-f0a06b70cad9,2026-04-17,Friday,Instagram,LONG_FORM,12.44,0,0,0.00,19,evening,1,1,58,MODERATE,61,77,62,23
8cf97b0c-76c9-4d72-b617-759a955f969f,2026-04-17,Friday,Facebook,STANDARD,0.78,0,0,0.00,18,evening,0,0,58,MODERATE,61,77,62,23
d5a62f7a-97c9-481c-83be-f0a06b70cad9,2026-04-17,Friday,Facebook,STANDARD,0.78,0,0,0.00,18,evening,0,0,58,MODERATE,61,77,62,23
8cf97b0c-76c9-4d72-b617-759a955f969f,2026-04-17,Friday,Facebook,STANDARD,3.66,0,0,0.00,18,evening,0,0,58,MODERATE,61,77,62,23
d5a62f7a-97c9-481c-83be-f0a06b70cad9,2026-04-17,Friday,Facebook,STANDARD,3.66,0,0,0.00,18,evening,0,0,58,MODERATE,61,77,62,23
8cf97b0c-76c9-4d72-b617-759a955f969f,2026-04-17,Friday,Facebook,STANDARD,0.57,0,0,0.00,18,evening,0,0,58,MODERATE,61,77,62,23
8cf97b0c-76c9-4d72-b617-759a955f969f,2026-04-17,Friday,Instagram,REELS,3.14,0,0,0.00,17,evening,0,0,58,MODERATE,61,77,62,23
d5a62f7a-97c9-481c-83be-f0a06b70cad9,2026-04-17,Friday,Instagram,REELS,3.14,0,0,0.00,17,evening,0,0,58,MODERATE,61,77,62,23
8cf97b0c-76c9-4d72-b617-759a955f969f,2026-04-17,Friday,Instagram,REELS,1.06,0,0,0.00,17,evening,0,0,58,MODERATE,61,77,62,23
d5a62f7a-97c9-481c-83be-f0a06b70cad9,2026-04-17,Friday,Instagram,REELS,1.06,0,0,0.00,17,evening,0,0,58,MODERATE,61,77,62,23
8cf97b0c-76c9-4d72-b617-759a955f969f,2026-04-17,Friday,Instagram,REELS,1.50,0,0,0.00,17,evening,0,0,58,MODERATE,61,77,62,23
d5a62f7a-97c9-481c-83be-f0a06b70cad9,2026-04-17,Friday,Instagram,REELS,1.50,0,0,0.00,17,evening,0,0,58,MODERATE,61,77,62,23
8cf97b0c-76c9-4d72-b617-759a955f969f,2026-04-17,Friday,Instagram,REELS,1.73,0,0,0.00,17,evening,0,0,58,MODERATE,61,77,62,23
d5a62f7a-97c9-481c-83be-f0a06b70cad9,2026-04-17,Friday,Instagram,REELS,1.73,0,0,0.00,17,evening,0,0,58,MODERATE,61,77,62,23
d5a62f7a-97c9-481c-83be-f0a06b70cad9,2026-04-17,Friday,Instagram,REELS,5.43,0,0,0.00,17,evening,1,1,58,MODERATE,61,77,62,23
d5a62f7a-97c9-481c-83be-f0a06b70cad9,2026-04-17,Friday,Facebook,STANDARD,0.59,0,0,0.00,17,evening,0,0,58,MODERATE,61,77,62,23
8cf97b0c-76c9-4d72-b617-759a955f969f,2026-04-17,Friday,Facebook,STANDARD,0.59,0,0,0.00,17,evening,0,0,58,MODERATE,61,77,62,23
d5a62f7a-97c9-481c-83be-f0a06b70cad9,2026-04-17,Friday,TikTok,STANDARD,0.99,0,0,0.00,17,evening,0,0,58,MODERATE,61,77,62,23
8cf97b0c-76c9-4d72-b617-759a955f969f,2026-04-17,Friday,TikTok,STANDARD,0.99,0,0,0.00,17,evening,0,0,58,MODERATE,61,77,62,23
d5a62f7a-97c9-481c-83be-f0a06b70cad9,2026-04-17,Friday,Facebook,STANDARD,2.52,0,0,0.00,16,afternoon,0,0,58,MODERATE,61,77,62,23
8cf97b0c-76c9-4d72-b617-759a955f969f,2026-04-17,Friday,Facebook,STANDARD,2.52,0,0,0.00,16,afternoon,0,0,58,MODERATE,61,77,62,23
d5a62f7a-97c9-481c-83be-f0a06b70cad9,2026-04-17,Friday,Instagram,REELS,1.73,0,0,0.00,16,afternoon,0,0,58,MODERATE,61,77,62,23
8cf97b0c-76c9-4d72-b617-759a955f969f,2026-04-17,Friday,Instagram,REELS,1.73,0,0,0.00,16,afternoon,0,0,58,MODERATE,61,77,62,23
d5a62f7a-97c9-481c-83be-f0a06b70cad9,2026-04-17,Friday,Instagram,REELS,1.16,0,0,0.00,16,afternoon,0,0,58,MODERATE,61,77,62,23
8cf97b0c-76c9-4d72-b617-759a955f969f,2026-04-17,Friday,Instagram,REELS,1.16,0,0,0.00,16,afternoon,0,0,58,MODERATE,61,77,62,23
d5a62f7a-97c9-481c-83be-f0a06b70cad9,2026-04-17,Friday,Instagram,REELS,0.75,0,0,0.00,16,afternoon,0,0,58,MODERATE,61,77,62,23
d5a62f7a-97c9-481c-83be-f0a06b70cad9,2026-04-17,Friday,Instagram,REELS,0.72,0,0,0.00,16,afternoon,0,0,58,MODERATE,61,77,62,23
8cf97b0c-76c9-4d72-b617-759a955f969f,2026-04-17,Friday,Instagram,REELS,0.72,0,0,0.00,16,afternoon,0,0,58,MODERATE,61,77,62,23
d5a62f7a-97c9-481c-83be-f0a06b70cad9,2026-04-17,Friday,Instagram,REELS,0.97,0,0,0.00,15,afternoon,0,0,58,MODERATE,61,77,62,23
8cf97b0c-76c9-4d72-b617-759a955f969f,2026-04-17,Friday,Instagram,REELS,0.97,0,0,0.00,15,afternoon,0,0,58,MODERATE,61,77,62,23
d5a62f7a-97c9-481c-83be-f0a06b70cad9,2026-04-17,Friday,Instagram,REELS,0.78,0,0,0.00,15,afternoon,0,0,58,MODERATE,61,77,62,23
8cf97b0c-76c9-4d72-b617-759a955f969f,2026-04-17,Friday,Instagram,REELS,0.78,0,0,0.00,15,afternoon,0,0,58,MODERATE,61,77,62,23
d5a62f7a-97c9-481c-83be-f0a06b70cad9,2026-04-17,Friday,Instagram,REELS,0.52,0,0,0.00,15,afternoon,0,0,58,MODERATE,61,77,62,23
8cf97b0c-76c9-4d72-b617-759a955f969f,2026-04-17,Friday,Instagram,REELS,0.52,0,0,0.00,15,afternoon,0,0,58,MODERATE,61,77,62,23
d5a62f7a-97c9-481c-83be-f0a06b70cad9,2026-04-17,Friday,Facebook,STANDARD,0.91,0,0,0.00,15,afternoon,0,0,58,MODERATE,61,77,62,23
8cf97b0c-76c9-4d72-b617-759a955f969f,2026-04-17,Friday,Facebook,STANDARD,0.91,0,0,0.00,15,afternoon,0,0,58,MODERATE,61,77,62,23
8cf97b0c-76c9-4d72-b617-759a955f969f,2026-04-17,Friday,Instagram,REELS,3.77,0,0,0.00,15,afternoon,0,0,58,MODERATE,61,77,62,23
8cf97b0c-76c9-4d72-b617-759a955f969f,2026-04-17,Friday,Facebook,STANDARD,2.60,0,0,0.00,14,afternoon,0,0,58,MODERATE,61,77,62,23
8cf97b0c-76c9-4d72-b617-759a955f969f,2026-04-17,Friday,Instagram,REELS,4.13,0,0,0.00,14,afternoon,0,0,58,MODERATE,61,77,62,23
8cf97b0c-76c9-4d72-b617-759a955f969f,2026-04-17,Friday,Instagram,REELS,0.56,0,0,0.00,14,afternoon,0,0,58,MODERATE,61,77,62,23
8cf97b0c-76c9-4d72-b617-759a955f969f,2026-04-17,Friday,Instagram,REELS,4.53,0,0,0.00,14,afternoon,0,0,58,MODERATE,61,77,62,23
d5a62f7a-97c9-481c-83be-f0a06b70cad9,2026-04-17,Friday,Instagram,REELS,4.53,0,0,0.00,14,afternoon,0,0,58,MODERATE,61,77,62,23
8cf97b0c-76c9-4d72-b617-759a955f969f,2026-04-17,Friday,Facebook,STANDARD,0.87,0,0,0.00,13,afternoon,0,0,58,MODERATE,61,77,62,23
d5a62f7a-97c9-481c-83be-f0a06b70cad9,2026-04-17,Friday,Facebook,STANDARD,0.87,0,0,0.00,13,afternoon,0,0,58,MODERATE,61,77,62,23
d5a62f7a-97c9-481c-83be-f0a06b70cad9,2026-04-17,Friday,Instagram,REELS,2.38,0,0,0.00,12,afternoon,0,0,58,MODERATE,61,77,62,23
d5a62f7a-97c9-481c-83be-f0a06b70cad9,2026-04-17,Friday,Facebook,STANDARD,0.72,0,0,0.00,12,afternoon,0,0,58,MODERATE,61,77,62,23
8cf97b0c-76c9-4d72-b617-759a955f969f,2026-04-17,Friday,Facebook,STANDARD,0.72,0,0,0.00,12,afternoon,0,0,58,MODERATE,61,77,62,23
d5a62f7a-97c9-481c-83be-f0a06b70cad9,2026-04-17,Friday,Facebook,STANDARD,2.49,0,0,0.00,12,afternoon,0,0,58,MODERATE,61,77,62,23
8cf97b0c-76c9-4d72-b617-759a955f969f,2026-04-17,Friday,Facebook,STANDARD,2.49,0,0,0.00,12,afternoon,0,0,58,MODERATE,61,77,62,23
d5a62f7a-97c9-481c-83be-f0a06b70cad9,2026-04-17,Friday,Facebook,STANDARD,1.39,0,0,0.00,12,afternoon,0,0,58,MODERATE,61,77,62,23
d5a62f7a-97c9-481c-83be-f0a06b70cad9,2026-04-17,Friday,Facebook,STANDARD,1.63,0,0,0.00,12,afternoon,0,0,58,MODERATE,61,77,62,23
d5a62f7a-97c9-481c-83be-f0a06b70cad9,2026-04-17,Friday,Facebook,STANDARD,0.53,0,0,0.00,11,morning,0,0,58,MODERATE,61,77,62,23
d5a62f7a-97c9-481c-83be-f0a06b70cad9,2026-04-17,Friday,Facebook,STANDARD,0.53,0,0,0.00,11,morning,0,0,58,MODERATE,61,77,62,23
d5a62f7a-97c9-481c-83be-f0a06b70cad9,2026-04-17,Friday,Facebook,STANDARD,0.67,0,0,0.00,11,morning,0,0,58,MODERATE,61,77,62,23
d5a62f7a-97c9-481c-83be-f0a06b70cad9,2026-04-17,Friday,Facebook,STANDARD,1.83,0,0,0.00,11,morning,0,0,58,MODERATE,61,77,62,23
d5a62f7a-97c9-481c-83be-f0a06b70cad9,2026-04-17,Friday,Facebook,STANDARD,1.77,0,0,0.00,10,morning,0,0,58,MODERATE,61,77,62,23
d5a62f7a-97c9-481c-83be-f0a06b70cad9,2026-04-17,Friday,Facebook,STANDARD,0.50,0,0,0.00,10,morning,0,0,58,MODERATE,61,77,62,23
d5a62f7a-97c9-481c-83be-f0a06b70cad9,2026-04-17,Friday,Facebook,STANDARD,0.78,0,0,0.00,9,morning,0,0,58,MODERATE,61,77,62,23
d5a62f7a-97c9-481c-83be-f0a06b70cad9,2026-04-17,Friday,Facebook,STANDARD,2.67,0,0,0.00,9,morning,0,0,58,MODERATE,61,77,62,23
d5a62f7a-97c9-481c-83be-f0a06b70cad9,2026-04-17,Friday,Facebook,STANDARD,3.44,0,0,0.00,8,morning,0,0,58,MODERATE,61,77,62,23
d5a62f7a-97c9-481c-83be-f0a06b70cad9,2026-04-17,Friday,Facebook,STANDARD,0.68,0,0,0.00,8,morning,0,0,58,MODERATE,61,77,62,23
d5a62f7a-97c9-481c-83be-f0a06b70cad9,2026-04-17,Friday,Facebook,STANDARD,0.75,0,0,0.00,8,morning,0,0,58,MODERATE,61,77,62,23
d5a62f7a-97c9-481c-83be-f0a06b70cad9,2026-04-17,Friday,Facebook,STANDARD,8.74,0,0,0.00,8,morning,1,1,58,MODERATE,61,77,62,23
d5a62f7a-97c9-481c-83be-f0a06b70cad9,2026-04-17,Friday,Facebook,STANDARD,0.90,0,0,0.00,8,morning,0,0,58,MODERATE,61,77,62,23
d5a62f7a-97c9-481c-83be-f0a06b70cad9,2026-04-17,Friday,Facebook,STANDARD,0.86,0,0,0.00,8,morning,0,0,58,MODERATE,61,77,62,23
d5a62f7a-97c9-481c-83be-f0a06b70cad9,2026-04-17,Friday,Facebook,STANDARD,0.51,0,0,0.00,7,morning,0,0,58,MODERATE,61,77,62,23
d5a62f7a-97c9-481c-83be-f0a06b70cad9,2026-04-17,Friday,Instagram,REELS,1.44,0,0,0.00,6,morning,0,0,58,MODERATE,61,77,62,23
d5a62f7a-97c9-481c-83be-f0a06b70cad9,2026-04-17,Friday,YouTube,SHORTS,0.52,0,0,0.00,1,night,0,0,58,MODERATE,61,77,62,23
d5a62f7a-97c9-481c-83be-f0a06b70cad9,2026-04-17,Friday,YouTube,SHORTS,1.55,0,0,0.00,1,night,0,0,58,MODERATE,61,77,62,23
d5a62f7a-97c9-481c-83be-f0a06b70cad9,2026-04-17,Friday,YouTube,LONG_FORM,48.82,0,0,0.00,0,night,1,1,58,MODERATE,61,77,62,23
d5a62f7a-97c9-481c-83be-f0a06b70cad9,2026-04-17,Friday,YouTube,SHORTS,4.64,0,0,0.00,0,night,0,0,58,MODERATE,61,77,62,23
d5a62f7a-97c9-481c-83be-f0a06b70cad9,2026-04-17,Friday,YouTube,LONG_FORM,16.02,0,0,0.00,0,night,1,1,58,MODERATE,61,77,62,23
d5a62f7a-97c9-481c-83be-f0a06b70cad9,2026-04-17,Friday,YouTube,SHORTS,1.51,0,0,0.00,0,night,0,0,58,MODERATE,61,77,62,23
d5a62f7a-97c9-481c-83be-f0a06b70cad9,2026-04-17,Friday,YouTube,SHORTS,2.78,0,0,0.00,0,night,0,0,58,MODERATE,61,77,62,23
d5a62f7a-97c9-481c-83be-f0a06b70cad9,2026-04-17,Friday,YouTube,SHORTS,2.23,0,0,0.00,0,night,0,0,58,MODERATE,61,77,62,23
d5a62f7a-97c9-481c-83be-f0a06b70cad9,2026-04-17,Friday,Facebook,STANDARD,2.59,0,0,0.00,0,night,0,0,58,MODERATE,61,77,62,23
d5a62f7a-97c9-481c-83be-f0a06b70cad9,2026-04-17,Friday,Instagram,REELS,0.88,0,0,0.00,0,night,0,0,58,MODERATE,61,77,62,23
d5a62f7a-97c9-481c-83be-f0a06b70cad9,2026-04-16,Thursday,Instagram,LONG_FORM,23.84,0,0,0.00,23,night,1,1,34,MODERATE,29,25,28,60
d5a62f7a-97c9-481c-83be-f0a06b70cad9,2026-04-16,Thursday,Facebook,STANDARD,1.25,0,0,0.00,22,night,0,0,34,MODERATE,29,25,28,60
d5a62f7a-97c9-481c-83be-f0a06b70cad9,2026-04-16,Thursday,Facebook,STANDARD,2.17,0,0,0.00,22,night,0,0,34,MODERATE,29,25,28,60